11 offres,tfidf
information,6.67682253496
equipment,6.63562794755
software,5.4693968154
technical,4.97651350412
application,4.37139992351
data,4.34414701141
work,3.90289021486
including,2.91796080083
support,2.86680970402
time,2.73171064957
develop,2.3713122017
environment,2.30522968017
people,2.27929064126
team,2.13798964558
education,1.9662890678
requirements,1.92958107291
qualifications,1.82252696325
training,1.74549070923
projects,1.69004059469
reports,1.56710482515
clients,1.55886003869
quality,1.43064056481
process,1.31295054388
development,1.28385932628
business,1.07536879955
operations,0.895427868931
maintenance,0.895263367895
knowledge,0.872556659946
project,0.853473573452
working,0.8325798167
industry,0.733471030073
safety,0.710426380284
customer,0.496985152894
strong,0.47536051028
