11 offres,tfidf
able work,6.49206216097
decision making,2.54585154355
computer skills,2.39099048729
compensation benefits,1.84924750153
technical support,1.81904483059
career opportunities,1.80852776866
problem solving,1.80650897703
high degree,1.77788518893
computer applications,1.77342535839
fast paced,1.77055188608
strong attention,1.7506079856
reading text,1.74708597977
continuous learning,1.68566250102
critical thinking,1.60793374623
essential skills,1.57199809694
communicate effectively,1.53305770845
work pressure,1.4024670191
communication skills,1.2204626331
interpersonal skills,1.02303078026
ability work,0.756866697104
