11 offres,tfidf
geophysics,31.4528832509
ocean,22.0035169742
research,19.5965108841
geology,12.5307022002
drilling,10.5636849761
petrel,9.11999867283
applications,8.44079553029
electronics,8.24675513049
page,7.48720823339
networks,7.05231304433
survey,6.62634897322
secretariat,6.62160195804
travel,6.20175735187
associate,6.03461534831
assistant,5.20496945551
gc,5.18537083625
gps,5.08176609193
computer,4.98504414064
mapping,4.40222626401
dynamics,4.34968019567
10,4.28311745405
immigration,4.28008717585
organizing,4.26106903135
surveys,4.25486174223
canadian,4.24179884203
analysis,4.12073655907
mining,4.09957911865
interpretation,4.03808905497
science,4.0301149929
pdf,3.97251538979
