11 offres,tfidf
seismic inversion,9.72205866415
geological mapping,8.5179386815
earth science,7.86322081273
report preparation,6.07641537355
driving license,5.93786945877
graduate students,5.61975361926
site inspections,5.5968946957
team skills,5.53521529383
data processing,5.49751912732
seismic imaging,5.16205932774
seismic attributes,5.16205932774
shale gas,4.86102933208
3d seismic,4.86102933208
teaching experience,4.54775966765
reservoir characterization,4.46308932341
multi task,4.12230961337
oil gas,4.11719541129
controlling budgets,4.04811597543
technical training,3.97541746052
skills qualifications,3.65762725756
environmental studies,3.36966763824
environmental assessment,3.26996472505
work independently,3.18103984168
group work,3.1246328298
data manipulation,3.0721542163
personnel management,3.01284021509
trend analysis,2.90198793976
quality results,2.7454188204
equipment repair,2.7149012964
strong communication,1.42590195247
