geophysics,239
earth science,184
geology,182
seismology,166
petroleum geology,117
mineral exploration,109
petroleum,104
inversion,104
geological mapping,100
structural geology,84
petrophysics,78
petrel,76
data processing,72
drilling,68
upstream,67
reservoir management,66
gas,62
stratigraphy,60
seismic attributes,58
logging,56
avo,55
modeling,54
sequence stratigraphy,53
seismic inversion,53
characterization,52
geophysical surveys,52
3d seismic,51
energy industry,45
project management,45
seismic imaging,45
field development,42
sedimentology,41
energy,41
mining,40
oil gas,39
seismic,39
minerals,36
geophysical data,34
gis,34
seismic interpretation,34
data acquisition,33
reserves,33
gold,32
onshore,31
petroleum engineering,28
magnetics,27
analysis,26
matlab,26
arcgis,26
remote sensing,25
microsoft office,25
oil,24
