57 offres,tfidf
work team environment,9.1011463541
effective communication skills,9.04895530126
communication interpersonal skills,8.60811280818
ability work team,8.56290464277
problem solving skills,7.81644517586
verbal written communication,7.09235588791
written verbal communication,6.08989296427
valid driver license,5.71512717523
analytical problem solving,5.29392235617
customer service experience,5.08157922501
ability work independently,5.0800816296
oral written communication,4.93221637415
ability multi task,4.71499014167
subject matter expert,4.55452792758
verbal communication skills,4.54520337079
fast paced environment,4.37727649926
time management skills,4.24604191567
interpersonal communication skills,3.33330752919
customer service skills,2.7702806498
high school diploma,2.76810573264
supply chain management,2.48903842061
proficient computer skills,2.45705136841
root cause analysis,2.44689196989
excellent/strong problem solving,2.09047195717
strong work ethic,1.81355975746
excellent/strong customer service,1.71498717517
excellent/strong communication skills,1.53429514078
