project management,309
integration,225
business analysis,222
management,213
microsoft office,194
sql,194
troubleshooting,164
databases,158
process improvement,151
customer service,151
requirements analysis,151
testing,145
software development,142
engineering,141
business process,140
team leadership,139
leadership,136
analysis,136
microsoft sql server,131
software documentation,127
manufacturing,126
training,122
project planning,121
change management,114
business intelligence,110
sdlc,102
strategic planning,99
erp,97
strategy,96
windows,96
html,95
product development,94
sales,94
visio,92
software project,92
sharepoint,92
program management,90
autocad,89
microsoft excel,89
javascript,85
xml,84
gis,84
agile methodologies,83
ms project,83
automation,82
product management,77
oracle,77
itil,76
healthcare,76
cad,75
crm,74
requirements gathering,73
java,73
linux,72
quality assurance,71
enterprise software,71
technical support,71
problem solving,70
arcgis,69
data analysis,66
cross functional team,66
telecommunications,66
continuous improvement,64
sap,64
solution architecture,63
medical devices,63
team building,62
windows server,61
business development,60
account management,60
programming,59
microsoft word,59
research,57
unix,57
new business development,57
c#,56
hospitals,56
spatial analysis,55
networking,54
net,54
healthcare information,54
negotiation,52
css,52
cartography,51
visual basic,51
administration,51
geomatics,50
visual studio,49
esri,48
photoshop,47
active directory,47
access,47
vendor management,47
public speaking,47
sales management,46
electronics,46
c++,46
systems analysis,46
solidworks,46
powerpoint,46
service management,46
pmp,45
medical imaging,45
teamwork,45
process engineering,44
marketing,44
web applications,43
database design,43
lean manufacturing,43
web development,42
social media,42
mechanical engineering,42
mysql,42
time management,41
software implementation,41
enterprise architecture,41
operations management,40
asp net,40
crystal reports,40
plc,40
vb net,40
clinical research,39
remote sensing,39
python,38
security,38
electrical engineering,38
php,38
pl sql,37
petroleum,37
instrumentation,37
technical writing,37
biotechnology,37
tcp ip,36
geography,36
gps,36
business strategy,36
sigma,36
budgets,35
customer relations,35
data warehousing,35
lifesciences,35
aerospace,34
information technology,34
servers,34
radiology,34
disaster recovery,34
product marketing,33
digital imaging,33
coaching,33
project engineering,33
vmware,33
arcmap,33
virtualization,32
customer satisfaction,32
sales process,32
r&d,31
sql server,31
scrum,31
commissioning,31
architecture,31
