57 offres,tfidf
tekla structures,27.3599960185
diagnostic imaging,22.735304333
wealth management,21.163452688
data warehouse,19.1036302581
sql server,17.8366845045
pesticide application,16.1924639017
design development,14.6858312424
performance tuning,14.039754443
gender identity,13.5973236107
private companies,13.5648292644
training programs,13.550020684
oracle portal,13.1517242321
business applications,12.9869663174
customer friendly,12.9719249415
html css,12.2470481306
accounts receivable,12.1123931865
corporate wellness,12.0477938762
oracle sql,11.978967972
project controls,11.6661866397
user stories,11.5516059139
sales representatives,11.2571746143
trade shows,10.7651679283
word outlook,10.6593227119
electric power,10.6478264131
operating systems,10.3909926344
public sector,10.3749406092
contract management,10.3382701116
websphere application,10.3381679523
written communication,10.2333631991
application support,10.1760449241
