57 offres,tfidf
specialist,76.0029174431
applications,71.3630894833
technology,50.4534058851
activex,40.4811597543
siebel,38.4938018196
testing,37.2706137958
obiee,36.7069763391
technologies,34.1796337048
engineering,33.3568217323
java,32.9211554629
oracle,31.1469787993
ats,29.949992973
computer,28.485966518
integration,27.8248404023
programming,26.965043205
test,26.1344384654
cash,25.8433367917
network,25.1051957695
installation,24.9357113534
documentation,24.859690034
server,24.6413471776
web,24.4168291835
skills,24.3456038341
science,24.1806899574
troubleshooting,24.0892449912
odi,23.5896624382
processes,23.0740036463
ibm,21.1603954237
mobile,20.8873989967
manufacturing,20.7683703202
