57 offres,tfidf
technical support,25.4666276283
computer science,22.8766018117
information technology,22.8018575441
ability work,18.9216674276
communication skills,15.8660142303
working knowledge,13.9659385888
problem solving,13.5488173277
year experience,11.6559077577
change management,11.1779284063
written verbal,11.0425977593
analytical skills,10.9002989003
interpersonal skills,10.2303078026
work team,9.2868011269
career development,8.98005058971
best practices,8.87786079638
computer skills,8.36846670551
software development,7.89702675609
customer service,7.60732866768
experience working,7.42002194616
highly motivated,7.02139547653
verbal written,6.94565384851
secondary education,6.93078874425
presentation skills,6.62926676588
additional information,6.35257554928
job posting,6.35164905436
project management,6.25664114849
self starter,6.22917377215
health care,6.12124501338
risk management,5.50287551352
high level,5.32716610723
