57 offres,tfidf
high level initiative,17.5896624382
websphere application server,13.8523572936
ability learn quickly,13.2111566698
great communication skills,10.6494889805
rational application developer,9.11999867283
oracle business intelligence,8.24133328517
custom software development,7.49417195954
sql server reporting,6.92617864681
object oriented programming,6.06345111849
service level agreements,5.11566654931
business strategy design,4.86102933208
cad cam software,4.46308932341
ibm content manager,4.2078168183
point click care,4.16205932774
visual basic net,4.12066664258
strategic account management,4.04811597543
health care systems,3.90678682264
earned value management,3.69966132984
estate tax planning,3.65690934942
computer aided design,3.32955041503
learning new software,3.30472683131
team foundation server,3.25896934075
end user training,3.1797880947
handle confidential information,3.04811597543
high net worth,3.04148539654
ad hoc reporting,3.02852041937
superior organizational skills,2.93675004602
excellent organization skills,2.92401322461
accurate data entry,2.83164555439
client relationship management,2.8216152129
