57 offres,tfidf
application,92.6736783784
technical,83.7713106527
support,52.7492985539
software,51.0477036104
knowledge,46.2455029772
design,45.1721785994
systems,44.6436634411
solutions,43.0997404291
business,40.8640143831
customer,34.7889607026
development,33.3803424834
sales,31.3895725559
including,28.206954408
project,28.1646279239
projects,27.8856698123
services,27.6577618217
product,27.4863905819
management,24.7152149945
team,24.4341673781
data,23.4583938616
process,22.976634518
develop,22.1322472158
training,22.1095489836
information,22.0848745387
equipment,20.6441758368
working,20.3982055091
environment,20.3628621749
clients,18.7063204643
work,18.1094105969
maintain,16.987795425
industry,15.4028916315
maintenance,15.2194772542
staff,14.8964041255
requirements,12.5422769739
reports,12.5368386012
time,12.2926979231
education,12.2893066738
qualifications,11.8464252611
performance,10.270700834
standards,10.0548046328
people,9.87692611212
manager,9.67036310242
security,9.38820217424
quality,9.29916367129
marketing,8.53595710554
operations,8.05885082038
financial,6.76234328805
responsible,6.09164223057
safety,2.84170552114
strong,0.47536051028
