75 offres,tfidf
leadership safety excellence,8.09623195087
blue print reading,6.67196905008
great work ethic,6.07641537355
valid drivers licence,5.57829464954
high pressure environment,5.44230049135
experience working children,5.07969060955
radiation safety officer,4.46308932341
high end homes,4.46308932341
fall protection certificate,4.16205932774
new home construction,3.95793934509
strong client relations,3.74708597977
elevated work platform,3.7149012964
environmental site assessments,3.69966132984
manage client expectations,3.36966763824
ontario building code,3.36271877829
strong leadership qualities,3.24824547536
construction project management,3.2275608765
customer service expert,3.02218024134
outstanding communication skills,2.80033149172
transportation dangerous goods,2.76238560626
good computer skills,2.49367341105
