75 offres,tfidf
valid driver license,12.8590361443
occupational health safety,11.7249347841
oral written communication,8.22036062358
verbal written communication,5.67388471033
problem solving skills,5.21096345058
customer service skills,4.1554209747
valid drivers license,4.0922323016
class driver license,3.92460830098
ability work pressure,3.74806758471
analytical problem solving,3.52928157078
fast paced environment,3.28295737444
work fast paced,3.15636145849
ability multi task,3.14332676111
written verbal communication,3.04494648214
verbal communication skills,3.03013558053
high school diploma,2.76810573264
ability work independently,2.5400408148
standard aid cpr,2.50214312767
proficient computer skills,2.45705136841
strong analytical skills,2.13757366004
excellent time management,1.99503753195
excellent/strong organizational skills,1.90885349307
strong work ethic,1.81355975746
excellent/exceptional/strong/superior customer service,1.79014319828
excellent/strong communication skills,1.53429514078
