75 offres,tfidf
construction,144.284726917
supervisor,112.982287537
residential,51.9636079805
petroleum,44.3596488977
network,34.3544784214
radar,33.1080097902
supervisory,31.9031847783
scheduling,31.5595311762
drawings,31.2916707574
specifications,29.2994135898
commercial,28.7157385062
lss,27.8465447229
license,26.6868886376
leadership,25.833071216
control,24.8786542723
renovations,24.553415454
supervision,24.3690225799
schedule,23.7675135613
skills,23.7266478044
lead,23.4541048973
building,22.8013984855
carpentry,22.5518579302
communicate,22.2131341939
budget,21.8094033865
trade,20.4456701458
safe,20.4259991374
inspections,20.0567840926
coordinating,19.6679504268
driver,19.6052214392
build,19.3499817569
