75 offres,tfidf
health safety,30.7938769043
project manager,26.6655887041
driver license,20.6052079172
organizational skills,14.7586529881
communication skills,13.4250889641
customer service,12.4483560017
verbal written,10.4184807728
problem solving,9.93579937366
ability work,9.83926706235
experience working,9.54002821649
policies procedures,9.19074230493
quality control,8.87067930384
able work,8.6560828813
leadership skills,8.3221933898
written verbal,7.36173183954
work team,6.63342937636
compensation benefits,5.54774250459
self motivated,5.44646882562
employment equity,5.13220055776
interpersonal skills,5.11515390128
decision making,5.0917030871
human resources,5.01408278228
management team,4.8917412321
customer satisfaction,4.80358989904
analytical skills,4.67155667157
communicate effectively,4.59917312536
team player,4.47337387872
general manager,4.16720501938
secondary education,4.15847324655
high level,3.99537458042
