75 offres,tfidf
construction site,36.7068368438
change orders,23.1389524864
general contractor,19.9373447516
project managers,18.2138096662
building codes,17.9428817468
security license,16.5847159144
commercial construction,16.4328807228
construction project,15.6930999856
work orders,15.5629258286
supervisory experience,14.9708566756
residential construction,14.4862075237
cost control,14.4371068324
drivers license,14.2756111085
safety compliance,13.8644662169
skilled trades,13.2442086384
high rise,13.016753786
construction experience,12.2428439232
tenant improvements,12.002765302
occupational health,11.6050357388
wind turbines,11.4009944752
custom homes,10.8539738502
supervisory management,10.6440002621
technical services,10.4919329158
safety regulations,10.4564143245
written communication,10.2333631991
corporate interiors,9.1954479442
supervisor experience,9.08556125811
standard aid,8.95941220121
defence sector,8.92617864681
excellent communication,1.17721709634
