75 offres,tfidf
project,76.8126216107
safety,65.3592269862
security,52.1566787458
projects,43.0960351645
quality,34.3353735556
staff,32.0272688698
responsible,28.4276637427
manager,28.2672152225
team,25.9613028392
industry,24.2045439924
equipment,23.5933438135
work,23.4173412892
management,23.3671123584
requirements,23.1549728749
standards,22.6233104238
including,22.3710328063
working,21.6470752342
time,20.829293703
reports,20.3723627269
operations,19.6994131165
performance,17.9737264595
customer,16.4005100455
training,15.7094163831
knowledge,15.706019879
maintain,13.8419073833
environment,13.831378081
maintenance,13.4289505184
design,13.3463254953
clients,13.2503103289
solutions,11.9212047995
development,11.5547339365
qualifications,10.9351617795
people,10.6366896592
business,10.2160035958
software,10.0272274949
education,9.33987307207
services,9.21925394057
support,9.17379105285
technical,9.12360809089
systems,8.76929103307
application,8.74279984701
information,6.67682253496
process,6.56475271942
develop,6.32349920452
data,4.34414701141
financial,3.8641961646
sales,2.14019812881
product,1.71789941137
marketing,1.06699463819
strong,0.47536051028
