construction,208
construction management,152
customer service,135
project management,135
project planning,129
microsoft office,116
contract management,107
management,101
project estimation,91
contractors,89
leadership,88
microsoft excel,81
team building,80
autocad,79
budgets,78
inspection,77
strategic planning,75
team leadership,75
process scheduler,73
subcontracting,72
construction safety,71
supervisory skills,71
contract negotiation,71
engineering,70
concrete,64
ms project,64
time management,60
training,57
microsoft word,57
negotiation,56
civil engineering,55
renovation,52
petroleum,51
sales,51
powerpoint,50
change orders,49
public speaking,48
teamwork,45
oil gas,45
value engineering,44
project coordination,44
procurement,44
security,43
operations management,42
pre construction,41
gas,40
cost control,39
coaching,38
onshore,37
research,36
troubleshooting,36
program management,35
construction drawings,34
risk assessment,34
change management,33
residential homes,33
commissioning,33
carpentry,32
project engineering,32
physical security,32
drilling,31
event planning,31
marketing,31
oilfield,31
energy,30
project control,29
testing,29
blueprint reading,29
customer satisfaction,29
security management,29
new business development,28
security operations,28
access control,27
completion,27
teaching,26
corporate security,26
social media,26
materials,26
inventory management,26
cctv,25
upstream,25
marketing strategy,25
event management,25
photoshop,24
quality assurance,24
structural engineering,24
business development,24
piping,24
process improvement,24
factory,24
recruiting,24
problem solving,24
human resources,24
leed,24
security training,23
constructability,23
completions,23
pipelines,23
aid,23
green building,23
surveillance,23
oil,23
analysis,23
energy industry,22
sales management,22
social networking,22
road,22
project bidding,22
cad,22
primavera p6,22
cost management,22
oil gas industry,22
team management,21
manufacturing,21
steel structures,21
english,21
