20 offres,tfidf
work pressure,5.60986807638
continuous learning,5.05698750305
fast paced,4.4263797152
skills abilities,4.10334138606
ability work,3.78433348552
communication skills,3.6613878993
problem solving,3.61301795406
reading text,3.49417195954
year experience,3.33025935934
critical thinking,3.21586749246
job posting,3.17582452718
essential skills,3.14399619387
interpersonal skills,3.06909234077
sales experience,3.0111556239
oral communication,2.90965981683
customer service,2.7663013337
high level,2.66358305362
decision making,2.54585154355
working knowledge,2.53926156159
verbal written,2.3152179495
general manager,2.08360250969
supply chain,1.92830196478
compensation benefits,1.84924750153
computer applications,1.77342535839
administrative support,1.77253886189
highly motivated,1.75534886913
financial services,1.73783125705
business administration,1.7209929211
ability prioritize,1.71942280196
meet deadlines,1.67379071225
