20 offres,tfidf
fixed income,17.968451958
trading strategies,15.9438722747
trading systems,10.9707280483
fx trading,9.11999867283
crude oil,7.46139112716
institutional clients,7.31827621562
investment strategies,6.82774260147
positive personality,6.44508015025
financial markets,6.18035464087
business economics,5.94907721381
building materials,5.34984190453
soft commodities,5.16205932774
flexible working,5.15999192966
accounting software,4.6982919422
capital markets,4.64265218626
office skills,4.4838720029
asian markets,4.38390807736
administrative tasks,4.26372908477
derivatives trading,4.25896934075
energy trading,4.12066664258
economic research,4.01593129206
customer relationships,4.01587960445
numerical ability,3.90678682264
document use,3.90027648687
finding information,3.86834524626
equity research,3.81963664692
computer use,3.811164243
client presentation,3.80033149172
excellent/exceptional attention,2.4923852913
