20 offres,tfidf
trading,76.0781451235
derivatives,22.9940607825
canadian,21.2089942102
equities,19.4266802501
investment,17.0071089409
finance,16.4334905589
bloomberg,15.623164149
trade,11.6832400833
fx,11.5889660189
exchange,9.60630278312
commerce,9.48975085718
execution,9.34599876389
contracts,9.3237682885
understanding,8.62835404375
salesforce,8.54047079913
wood,8.52745816954
regulatory,7.85943248072
suppliers,7.84331242721
cfa,7.57370879469
accounts,7.28305220509
skills,7.2211536796
competitive,6.84558915904
banking,6.84477854145
learning,6.62887048566
europe,6.54753285911
economics,6.47063644571
pricing,6.4635478377
negotiation,6.35768012279
focus,6.35220232725
excellent,0.509406932341
