20 offres,tfidf
sales,9.27419189151
financial,8.69444137034
business,8.60295039643
clients,8.57373021279
knowledge,8.28928826949
information,6.67682253496
working,6.6606385336
develop,6.32349920452
including,6.32224840179
qualifications,5.46758088975
customer,5.46683668184
marketing,5.33497319096
work,5.30793069221
manager,5.20711859361
support,5.16025746723
industry,5.13429721051
environment,4.99466430704
technical,4.14709458677
team,3.97055219894
process,3.93885163165
reports,3.91776206286
people,3.79881773543
time,3.75610214316
services,3.68770157623
software,3.6462645436
management,3.59494036283
operations,3.58171147573
responsible,3.38424568365
projects,3.38008118937
security,3.12940072475
education,2.94943360171
requirements,2.89437160937
application,2.6228399541
development,2.56771865257
training,2.32732094564
maintain,1.887532825
data,1.73765880456
standards,0.837900386067
systems,0.797208275734
equipment,0.737291994172
quality,0.715320282407
safety,0.710426380284
strong,0.47536051028
