20 offres,tfidf
customer service skills,4.1554209747
significant use memory,3.94177574403
ability work pressure,3.74806758471
job task planning,3.59764704652
communication interpersonal skills,3.44324512327
fast paced environment,3.28295737444
word processing software,2.39194403295
subject matter expert,2.27726396379
excellent/strong time management,2.10434194696
written oral communication,1.88284881514
excellent interpersonal skills,1.85094148508
strong work ethic,1.81355975746
good/strong communication skills,1.77946065066
written verbal communication,1.52247324107
verbal communication skills,1.51506779026
excellent customer service,1.50596112573
verbal written communication,1.41847117758
time management skills,1.41534730522
high school diploma,1.38405286632
problem solving skills,1.30274086264
