trading,539
investments,429
equities,422
portfolio management,382
derivatives,379
risk management,343
capital markets,329
fixed income,315
financial markets,305
options,302
bloomberg,284
financial analysis,283
management,277
sales,247
securities,226
customer service,226
financial modeling,225
strategic planning,215
finance,214
mutual funds,202
business strategy,195
leadership,188
microsoft office,188
negotiation,184
strategy,181
new business development,176
trading systems,173
hedge funds,172
equity trading,172
business development,171
marketing,171
analysis,170
fx options,167
microsoft excel,165
wealth management,161
banking,156
bonds,153
investment strategies,153
marketing strategy,153
commodity,149
valuation,148
financial services,146
business analysis,141
asset management,140
electronic trading,140
project management,139
sales management,137
technical analysis,131
alternative investments,128
team leadership,127
hedging,126
financial risk,126
investment banking,111
foreign exchange,110
corporate finance,110
account management,107
social media,106
entrepreneurship,105
fx trading,104
strategic financial,101
business planning,100
budgets,98
equity research,98
trading strategies,97
currency,96
equity derivatives,94
proprietary trading,92
research,90
public speaking,89
social media marketing,88
credit,87
team building,85
forecasting,84
asset allocation,84
advertising,83
crm,82
teamwork,79
time management,77
economics,76
coaching,75
etfs,75
microsoft word,75
investment advisory,74
market research,74
online advertising,73
online marketing,73
logistics,73
powerpoint,73
market risk,72
asset managment,68
relationship management,67
training,67
investment management,67
swaps,64
marketing communications,64
commodity markets,63
process improvement,62
accounting,62
digital marketing,61
start ups,61
retirement planning,60
vba,60
international trade,57
contract negotiation,57
project planning,56
private equity,55
energy,55
social networking,54
structured products,54
mergers acquisitions,54
