13 offres,tfidf
desk,24.589201575
service,13.0951347847
dispatch,12.626359343
trading,11.8872101755
pricing,11.311208716
delivery,10.2400938354
lead,7.81803496578
outsourcing,7.475440424
automation,7.35440384357
technologies,7.12075702183
finance,6.84728773288
procedures,6.67833778693
itil,6.61911473228
skills,6.60219764992
processes,6.46072102098
problem,6.45041119996
build,6.1105205548
itsm,6.08297079307
responsibility,5.98546476455
end,5.59781285154
leadership,5.5356581177
scale,5.50778511309
telephone,5.44922144532
orientation,5.34082951968
managing,5.24392317638
schedules,5.1040802087
investment,5.10213268228
multi,5.07841597333
assisting,5.07474398998
excellent,0.509406932341
