13 offres,tfidf
work fast paced,4.73454218773
customer service skills,4.1554209747
written oral communication,3.76569763028
ability multi task,3.14332676111
high school diploma,2.76810573264
problem solving skills,2.60548172529
able work pressure,2.43614769545
conflict resolution skills,2.37036867872
strong team player,2.27556860257
able multi task,2.22454143572
excellent computer skills,2.19968999207
strong interpersonal skills,1.85778427726
oral written communication,1.64407212472
excellent/exceptional customer service,1.59321725855
verbal written communication,1.41847117758
fast paced environment,1.09431912481
