13 offres,tfidf
staff,15.6412243318
customer,14.9095545868
technical,12.4412837603
support,10.3205149345
operations,8.95427868931
services,8.6046370112
knowledge,8.28928826949
business,8.06526599666
team,7.94110439787
clients,7.79430019344
manager,6.69486676322
training,6.40013260051
develop,6.32349920452
performance,5.99124215318
management,5.8417780896
sales,5.70719501016
marketing,5.33497319096
responsible,4.73794395711
working,4.57918899185
project,4.26736786726
environment,4.22625441365
reports,3.91776206286
including,3.8906144011
financial,3.8641961646
requirements,3.85916214582
people,3.79881773543
industry,3.66735515036
qualifications,3.6450539265
maintenance,3.58105347158
quality,3.57660141204
education,3.44100586866
standards,3.35160154427
process,3.28237635971
systems,3.18883310293
information,2.56800866729
development,2.56771865257
maintain,2.51671043334
work,2.34173412892
security,2.08626714983
time,2.04878298718
solutions,1.83403150762
safety,1.42085276057
design,1.02664042271
software,0.911566135901
data,0.868829402282
product,0.858949705684
projects,0.845020297343
strong,0.47536051028
