13 offres,tfidf
technical support,16.3714034753
customer service,6.22417800083
best practices,5.91857386426
client service,5.36138332129
problem solving,3.61301795406
computer skills,3.58648573093
policies procedures,3.44652836435
organizational skills,3.40584299725
continuous improvement,3.28027416572
customer satisfaction,3.20239326603
experience working,3.1800094055
communicate effectively,3.06611541691
oral communication,2.90965981683
management experience,2.85676134413
secondary education,2.7723154977
fast paced,2.65582782912
decision making,2.54585154355
project management,2.5026564594
communication skills,2.4409252662
ability work,2.27060009131
general manager,2.08360250969
interpersonal skills,2.04606156051
cross functional,1.78275380999
quality control,1.77413586077
highly motivated,1.75534886913
financial services,1.73783125705
professional manner,1.73766777333
business administration,1.7209929211
year experience,1.66512967967
leadership skills,1.66443867796
