management,167
customer service,138
team leadership,111
leadership,104
project management,104
itil,87
change management,81
business analysis,79
strategy,75
microsoft office,74
service management,74
process improvement,69
training,68
team building,65
vendor management,64
sales,63
hospitality,57
disaster recovery,57
troubleshooting,56
strategic planning,55
integration,52
hotels,52
business process,52
customer satisfaction,51
project planning,49
event planning,47
service delivery,47
coaching,45
technical support,45
hospitality management,45
microsoft excel,45
operations,44
social media,44
time management,43
analysis,43
active directory,42
hospitality industry,42
budgets,42
sharepoint,42
hotel management,41
program management,41
office,40
incident management,40
windows,40
marketing,39
event management,39
telecommunications,38
networking,38
requirements analysis,37
tourism,36
security,35
service desk,35
microsoft word,35
windows server,34
software documentation,34
information technology,33
rooms division,32
administration,32
sdlc,31
teamwork,30
business intelligence,30
sales management,29
outsourcing,29
business strategy,29
negotiation,28
visio,28
centers,27
team management,27
enterprise software,27
crm,27
powerpoint,27
revenue analysis,27
data center,27
resorts,26
help desk support,26
vmware,26
account management,26
microsoft exchange,26
cloud computing,26
business development,25
marketing strategy,25
operations management,24
pre opening,24
servers,24
property management,24
yield management,24
social networking,23
managed services,23
pmp,23
public relations,23
public speaking,23
governance,23
new business development,23
food beverage,23
research,22
enterprise architecture,22
center,22
virtualization,21
hotel booking,21
cross functional team,21
outlook,21
recruiting,21
human resources,21
marketing communications,21
inventory management,21
project delivery,20
microsoft sql server,20
restaurants,19
risk management,19
vpn,19
sql,19
forecasting,18
databases,18
micros,17
data analysis,17
project portfolio,17
social media marketing,17
leadership development,17
