13 offres,tfidf
service desk,33.8124532732
service delivery,15.7204367977
help desk,14.1970758624
service management,12.3197939106
technical services,10.4919329158
technical troubleshooting,9.35020904686
incident management,8.09898398953
incident handling,7.86322081273
negotiation skills,7.82309313332
securities lending,7.67968006601
business strategy,7.54696680455
major incident,7.46139112716
commercial awareness,6.84339327649
itil foundation,6.6982919422
systems monitoring,6.65910083007
service improvement,6.63392257545
leadership experience,6.6176726918
resolving conflicts,6.5288644729
iso standards,6.5179386815
business management,6.51249975615
unified communications,6.46528080405
network systems,6.3416665041
spoken written,6.29843203054
emergency preparedness,6.27350692495
customer management,6.00739367129
network management,5.94345525914
adaptable flexible,5.87868571319
operational management,5.86322081273
data center,5.71341591659
process documentation,5.69217796457
