497 offres,tfidf
financial analyst,1057.153471
financial analysis,401.210271404
financial reporting,296.321243744
financial statements,234.22125107
variance analysis,218.480467304
finance accounting,212.934763456
accounting finance,203.233576808
balance sheet,190.668296269
journal entries,181.766348267
financial modeling,152.179605803
general ledger,149.627743605
financial reports,144.871259018
special projects,134.271485871
financial accounting,124.250229058
reporting analysis,121.047185084
financial planning,113.278563353
management reporting,113.024362947
budgeting forecasting,109.035867228
account reconciliations,100.504810332
internal controls,96.6188972529
financial management,92.4710220182
written communication,90.9632284367
cash flow,90.2886884649
financial systems,87.5442745785
accounting principles,87.3813419335
pivot tables,87.0031084741
financial performance,84.5158522578
financial data,83.9233008798
process improvements,82.4759047153
strong analytical,1.67990063233
