497 offres,tfidf
analytical problem solving,97.0552431964
problem solving skills,79.4671926213
verbal written communication,66.6681453463
ability work independently,63.50102037
key performance indicators,51.9938231459
fast paced environment,47.055722367
oral written communication,41.1018031179
time management skills,36.7990299358
communication interpersonal skills,36.1540737943
interpersonal communication skills,33.3330752919
ability work pressure,28.1105068853
written verbal communication,27.4045183392
ability multi task,26.7182774695
high level accuracy,26.7086604532
written oral communication,26.359883412
organizational time management,25.801345758
verbal communication skills,25.7561524345
effective communication skills,20.3601494278
work fast paced,18.9381687509
ability work team,18.8383902141
work team environment,18.2022927082
strong business acumen,2.42486668504
strong interpersonal communication,2.1581681615
strong analytical skills,2.13757366004
excellent/strong interpersonal skills,1.85436288117
strong organizational skills,1.83777687244
strong work ethic,1.81355975746
excellent/strong communication skills,1.53429514078
