financial analysis,3712
financial reporting,2723
accounting,2567
finance,2406
analysis,2065
forecasting,2018
budgets,1975
financial modeling,1880
microsoft excel,1807
management,1512
financial accounting,1508
leadership,1282
internal controls,1243
variance analysis,1240
strategic planning,1227
microsoft office,1187
auditing,1185
process improvement,1175
business analysis,1168
project management,1022
account reconciliation,995
corporate finance,992
sap,973
risk management,911
customer service,823
strategic financial,801
team leadership,777
managerial finance,753
business strategy,751
investments,751
strategy,730
teamwork,724
business process,722
data analysis,672
ifrs,663
powerpoint,653
business planning,650
accounts payable,649
time management,592
portfolio management,586
cost accounting,568
accounts receivable,564
general ledger,545
microsoft word,541
project planning,533
change management,525
financial statements,516
internal audit,504
banking,500
sarbanes oxley act,499
valuation,485
gaap,478
cash flow,474
research,425
access,420
payroll,399
budgeting,392
sales,390
tax,380
capital markets,378
