497 offres,tfidf
analytical skills,137.032329033
communication skills,134.861120957
problem solving,117.423083507
ability work,114.286871263
internal external,105.158379757
real estate,89.6176921149
decision making,89.1048040242
interpersonal skills,82.8654932007
financial services,79.9402378241
verbal written,78.7174102831
fast paced,72.5926273294
business administration,70.5607097652
experience working,60.4201787045
written verbal,55.2129887965
management team,53.8091535531
organizational skills,53.3582069568
accounts payable,52.2992330533
office suite,52.1744862659
team player,51.4437996053
ability prioritize,49.8632612568
self starter,49.8333901772
policies procedures,49.400239889
job posting,49.2252801713
project management,48.8018009582
continuous improvement,45.92383832
working knowledge,45.7067081087
meet deadlines,45.1923492306
cross functional,44.5688452498
high level,41.285537331
new business,40.9903773559
