497 offres,tfidf
accounting,929.796901856
analysis,700.525215043
finance,639.536674251
reporting,530.631712641
cpa,412.585393082
cma,381.73244821
budget,370.75985757
cga,350.538808866
end,311.238394545
forecast,275.152208164
review,268.851850756
processes,263.043641568
forecasting,258.652901236
ad,258.542793924
cost,252.350660789
sap,233.145270453
analytical,225.911109444
skills,219.935709213
analyze,217.653911838
advanced,215.037638341
corporate,192.113449883
reconciliations,191.951512437
audit,191.793329997
organization,187.260558353
ifrs,183.475311035
planning,173.76577917
budgets,170.677331693
investment,166.669667621
accounts,162.65483258
valuation,155.063499452
