497 offres,tfidf
financial,948.660158409
business,589.302102156
support,354.911041357
management,296.133212388
process,288.849119654
reports,258.572296149
data,232.846279811
project,225.317023391
including,223.710328063
projects,212.100094633
information,195.168658714
knowledge,186.727125229
performance,175.457805915
team,172.260880015
develop,154.13529311
working,154.027266089
requirements,151.954509492
development,148.927681849
responsible,146.199413534
systems,144.294697908
environment,142.155830277
operations,128.046185257
services,127.22570438
work,125.673064918
manager,117.532105399
sales,114.85729958
maintain,111.993614283
qualifications,110.718513017
clients,107.56134267
solutions,106.373827442
industry,100.48553112
education,84.0588576486
time,82.2927833184
people,82.0544630853
staff,79.6957620713
application,78.6851986231
technical,77.1359593139
software,74.7484231439
customer,68.5839510994
product,61.8443788093
design,57.4918636719
quality,52.2183806157
standards,51.9498239361
maintenance,51.03001197
marketing,48.0147587187
training,43.6372677308
safety,24.1544969297
security,23.9920722231
equipment,7.37291994172
strong,0.47536051028
