497 offres,tfidf
financial planning analysis,153.700919661
ad hoc reporting,51.4848471293
financial reporting analysis,48.0153179509
financial analysis reporting,47.0338866841
financial statement preparation,29.0937636182
year end close,27.9196917584
consolidated financial statements,27.6359132131
planning budgeting forecasting,25.7945665112
business case analysis,22.2894077784
possess strong analytical,17.1889172907
cost variance analysis,16.4826665703
real estate development,16.087883278
planning organizational skills,15.0530808838
technical accounting research,14.0548142191
continuous process improvement,12.8703066224
cross functional team,12.6078894539
business case development,12.1924639017
financial close process,12.1443479263
value added analysis,12.1443479263
public sector accounting,11.1447038892
systems analysis design,10.781572811
financial statement analysis,10.6799980092
business decision making,10.5857726165
analytical research skills,10.5265404419
advanced computer skills,10.2356598205
business intelligence tools,10.1301884782
creative problem solving,10.0470072184
excellent team player,2.99770647196
excellent analytical skills,2.73069556358
exceptional interpersonal skills,2.66651499019
