496 offres,tfidf
accounts,234.271512597
crm,209.051105974
selling,206.765135812
strategic,199.04990293
prospecting,193.444022612
skills,177.434061842
developing,175.026376634
proposals,172.31046791
build,172.112995627
presentations,159.357963084
competitive,159.159947948
professional,158.411153577
networking,152.169085501
technology,148.333013302
benefits,148.161905155
research,146.397463664
events,145.162491702
self,141.457388503
executive,140.774907521
service,139.399821901
travel,138.210592413
lead,137.792866272
understanding,133.739487678
strategy,133.150946893
network,132.132609313
phone,129.373004513
driven,128.850623423
insurance,128.542016462
compensation,128.003432691
excellent,0.509406932341
