496 offres,tfidf
sales business development,150.015998884
business development manager,69.8793438104
new business development,43.768769062
cold calling experience,36.7676693142
business business sales,36.0017108683
customer relationship management,30.2708740617
regional sales manager,27.1714007474
long term business,24.7214185635
team building skills,20.0553671434
account management experience,17.8642073815
active listening skills,15.0952226374
new business acquisition,14.7397522921
software solution sales,12.9508838632
international business development,12.9508838632
cross functional team,12.6078894539
make things happen,12.2605972589
strategic sales plans,10.7468271934
real estate development,9.65272996677
enterprise technology sales,9.36987614604
high energy level,8.78718965205
time management organization,8.60940976915
highly self motivated,8.47080850241
client relationship management,8.4648456387
strong verbal communication,2.9745386069
excellent organization skills,2.92401322461
strong negotiation skills,2.71957955868
exceptional organizational skills,2.66512967967
strong presentation skills,2.65555429534
good time management,2.53984530477
exceptional communication skills,2.51272446903
