496 offres,tfidf
sales,1061.53827189
business,942.560752809
development,566.823892554
marketing,436.400807021
clients,351.522938724
develop,335.14545784
solutions,290.693993958
industry,266.249983916
customer,256.941324046
services,224.94979615
team,191.808213918
management,164.4685216
product,158.905695552
maintain,152.260981217
knowledge,151.388580501
technical,145.148310537
support,145.060571023
information,141.240476701
financial,138.145012884
environment,129.477067036
people,126.880512363
requirements,122.046002862
working,120.724073421
responsible,117.094900654
projects,114.077740141
including,112.827817632
project,112.658511696
work,107.563654322
education,105.688037394
software,100.272274949
qualifications,94.7714020889
data,94.7024048487
process,94.5324391596
time,89.8049876047
training,84.3653842795
reports,79.9223460824
design,78.0246721262
performance,77.8861479913
application,74.3137986996
quality,73.677989088
staff,70.757919596
systems,66.1682868859
manager,59.5099267841
operations,57.3073836116
security,35.4665415471
equipment,22.8560518193
standards,22.6233104238
safety,19.1815122677
maintenance,18.8005307258
strong,0.47536051028
