496 offres,tfidf
cold calling,165.490101934
trade shows,116.263813625
lead generation,116.079418651
development sales,92.595950151
sales targets,88.8893643295
negotiation skills,78.2309313332
value proposition,73.9187634635
written communication,72.7705827493
work independently,69.9828765171
account management,68.3927456802
sales leads,67.4708570011
time management,66.8007260154
professional services,64.0046422515
sales strategies,62.2490367451
management skills,59.0437595171
sales presentations,57.100522916
b2b sales,56.1307816223
sales process,56.0876199298
marketing strategies,54.015001801
oil gas,51.4649426412
sales skills,51.4059306194
goal oriented,50.6474832565
business acumen,49.8537879435
relationship building,48.7481723826
market research,47.8106602619
account manager,47.1466648888
written oral,47.0366354588
account executives,44.8659916919
client relationships,44.398380649
excellent communication,1.17721709634
