496 offres,tfidf
new business opportunities,115.456951153
verbal written communication,49.6464912153
ability work independently,45.7207346664
time management skills,41.0450718515
valid driver license,38.5771084328
ability multi task,34.5765943723
verbal communication skills,33.3314913858
fast paced environment,31.7352546196
oral written communication,27.9492261202
written verbal communication,27.4045183392
problem solving skills,27.3575581155
written oral communication,24.4770345968
communication presentation skills,24.2227093835
sales customer service,23.990356013
customer service skills,23.5473855233
project management skills,21.3932253931
able work independently,19.484308789
work fast paced,18.9381687509
communication interpersonal skills,18.937848178
key performance indicators,15.8242070444
interpersonal communication skills,14.9998838814
strong business acumen,2.42486668504
strong team player,2.27556860257
excellent time management,1.99503753195
strong interpersonal skills,1.85778427726
strong work ethic,1.81355975746
excellent/exceptional/strong customer service,1.70348258057
excellent communication skills,1.39803272005
