business development,5592
management,4106
new business development,3801
sales,3778
strategic planning,3620
leadership,3501
marketing,3180
strategy,3134
marketing strategy,3101
sales management,2788
business strategy,2737
account management,2677
project management,2495
negotiation,2293
customer service,2256
team leadership,2159
crm,1959
team building,1797
business planning,1795
entrepreneurship,1644
strategic partnerships,1575
contract negotiation,1551
start ups,1526
marketing communications,1511
social media,1472
product development,1391
sales operations,1338
training,1326
social media marketing,1320
b2b,1304
program management,1268
budgets,1223
solution selling,1209
product management,1209
project planning,1193
market research,1181
coaching,1166
sales process,1157
direct sales,1156
public speaking,1106
change management,1065
competitive analysis,1026
selling,1023
advertising,1022
product marketing,965
public relations,962
cross functional team,949
business analysis,947
lead generation,943
microsoft office,937
operations management,936
analysis,897
event management,893
online marketing,887
management consulting,859
key account management,858
event planning,824
salesforce,821
enterprise software,785
saas,761
time management,760
forecasting,753
digital marketing,747
telecommunications,742
online advertising,738
research,687
recruiting,678
social networking,678
process improvement,675
retail,666
cloud computing,646
manufacturing,591
international sales,580
business intelligence,577
teamwork,572
email marketing,571
microsoft excel,568
risk management,564
customer satisfaction,562
