496 offres,tfidf
business development,1020.79445998
new business,326.283403753
sales experience,209.275315861
experience sales,136.692216051
sales marketing,120.609561508
communication skills,109.231405662
ability work,93.0946037438
customer service,82.2974646776
self motivated,77.6121807651
verbal written,76.4021923336
fast paced,69.9367995002
interpersonal skills,65.4739699364
self starter,60.7344442785
presentation skills,59.6634008929
written verbal,57.6668994097
project management,57.5610985661
high level,57.2670356527
team player,52.562143075
organizational skills,51.0876449587
social media,48.8380401932
internal external,48.1448003707
secondary education,47.1293634609
problem solving,46.0659789142
computer skills,45.4288192585
driver license,42.3551496076
customer satisfaction,41.6311124584
positive attitude,40.5707007385
real estate,37.8385811152
business administration,36.1408513431
work team,34.4938327571
