1183 offres,tfidf
new business opportunities,132.884415478
time management skills,128.796604775
valid driver license,98.5859437728
problem solving skills,91.1918603851
ability work independently,90.1714489254
verbal written communication,89.3636841876
written verbal communication,88.3034479819
verbal communication skills,84.8437962548
fast paced environment,72.2250622378
written oral communication,65.8997085299
customer service skills,62.3313146205
sales customer service,61.975086367
interpersonal communication skills,58.3328817608
communication presentation skills,57.2536767247
organizational time management,51.6026915161
ability multi task,48.7215647973
build strong relationships,46.9150357608
oral written communication,42.7458752426
ability work pressure,41.2287434318
strong business acumen,2.42486668504
excellent/strong time management,2.10434194696
strong problem solving,2.01099607439
strong interpersonal skills,1.85778427726
strong organizational skills,1.83777687244
strong work ethic,1.81355975746
excellent/exceptional customer service,1.59321725855
excellent/strong communication skills,1.53429514078
