1183 offres,tfidf
account management experience,131.004187465
new business development,125.835211053
sales business development,94.7469466634
customer relationship management,90.812622185
business business sales,85.8502336089
key account management,75.4526424942
consumer packaged goods,57.1341591659
canadian securities course,49.578431121
client relationship management,36.6809977677
effective team player,31.051544764
prospecting new clients,31.014503857
long term business,30.9017732044
regional sales manager,27.1714007474
strategic business planning,27.1296585288
time management organization,25.8282293075
mobile device management,24.8449282972
creative problem solver,24.0537863222
cold calling experience,23.3976077454
meeting sales goals,23.1756068532
new product launches,21.0258778495
territory account management,20.8102966387
business development manager,20.381475278
exceed sales goals,19.2181076125
strong negotiation skills,2.71957955868
excellent/strong presentation skills,2.71158097113
superior communication skills,2.68493807302
excellent communications skills,2.67633790126
exceptional interpersonal skills,2.66651499019
good computer skills,2.49367341105
