1183 offres,tfidf
sales,2831.48212442
business,1422.71292181
customer,1237.99001586
clients,947.786903523
marketing,856.796694469
develop,731.945032923
solutions,717.10631948
product,665.686021905
industry,571.373932427
services,558.686788798
financial,508.141795645
management,452.513118172
team,437.67702316
knowledge,428.425320034
development,414.686562389
maintain,393.236005209
technical,378.215026313
support,374.405347344
responsible,335.040322681
including,327.784263293
people,314.542108494
environment,292.764169382
working,282.66084777
requirements,282.201231913
training,276.369362295
software,276.204539178
performance,269.605896893
information,265.532096198
project,254.335124889
process,251.430029154
qualifications,250.141825706
work,246.974892796
time,246.536886124
education,226.614815064
reports,226.446647234
data,221.551497582
manager,185.224647116
projects,177.454262442
operations,172.817578704
systems,170.602571007
quality,163.808344671
application,161.74179717
security,151.254368363
design,144.756299603
equipment,113.542967103
staff,111.723030941
safety,101.590972381
standards,90.4932416952
maintenance,72.5163327995
strong,0.47536051028
