account management,4124
sales,4039
management,3078
customer service,2919
new business development,2884
sales management,2755
marketing,2345
business development,2213
leadership,2181
marketing strategy,2118
strategic planning,1977
negotiation,1949
sales operations,1675
team leadership,1654
direct sales,1595
solution selling,1587
crm,1561
sales process,1536
project management,1516
b2b,1412
key account management,1403
strategy,1336
social media,1301
marketing communications,1293
team building,1290
advertising,1245
selling,1225
microsoft office,1189
social media marketing,1187
forecasting,1109
budgets,1073
training,1046
salesforce,1034
business strategy,1016
contract negotiation,1007
cold calling,915
time management,902
retail,893
microsoft excel,842
sales presentations,835
customer satisfaction,835
product development,821
financial analysis,804
coaching,790
business planning,781
digital marketing,779
online advertising,768
event planning,759
lead generation,733
event management,705
enterprise software,675
strategic partnerships,674
telecommunications,667
saas,666
competitive analysis,666
cloud computing,652
customer retention,648
product marketing,643
product management,637
analysis,634
business analysis,628
public speaking,626
online marketing,620
public relations,611
teamwork,603
market research,595
recruiting,592
banking,582
finance,574
project planning,569
accounting,569
integrated marketing,564
inventory management,559
social networking,553
cross functional team,549
pricing,546
process improvement,536
credit,532
channel partners,532
operations management,516
email marketing,514
managed services,495
program management,491
risk management,486
professional services,484
relationship management,471
merchandising,467
powerpoint,465
direct marketing,464
customer relations,458
networking,444
entrepreneurship,442
microsoft word,441
purchasing,437
key account development,436
financial reporting,435
digital media,423
investments,423
research,418
digital strategy,417
