1183 offres,tfidf
sales experience,557.063790422
new business,483.686452799
customer service,299.452119373
business development,277.656093114
experience sales,268.127039177
sales marketing,262.820835525
communication skills,261.179003483
high level,205.095895128
customer satisfaction,192.143595962
verbal written,177.114173137
ability work,172.56560694
problem solving,165.295571398
presentation skills,162.417035764
secondary education,156.63582562
written verbal,152.142458017
self motivated,149.777892705
self starter,146.385583646
social media,144.830050228
financial services,140.764331821
internal external,133.031685235
fast paced,129.250287684
organizational skills,127.151471897
interpersonal skills,126.855816752
team player,124.136125134
project management,122.63016651
cross functional,119.444505269
product knowledge,110.745199269
computer skills,108.790067172
driver license,108.749708452
business administration,99.8175894239
