1183 offres,tfidf
accounts,1253.89882131
selling,750.222148181
service,482.830292222
insurance,481.720566548
strategic,458.680211099
skills,440.490374456
media,399.408919852
partner,398.746411862
level,393.705204214
competitive,373.084609168
travel,372.105441112
plan,370.229167059
developing,368.307037949
build,366.631233288
portfolio,362.805545547
managing,359.7331299
crm,359.139079494
sell,349.03484533
strategies,344.658021207
drive,343.581683675
presentations,335.344583185
advertising,329.389971807
understanding,327.014618258
self,315.487201989
benefits,312.954228236
professional,305.754278957
strategy,301.991838313
technology,300.702299075
driven,292.49091517
commercial,292.151426541
