1183 offres,tfidf
account manager,1656.86850895
account management,567.86703989
sales targets,270.532847959
key account,248.505378893
client relationships,228.046227879
customer relationships,222.881318047
management skills,198.387031978
time management,193.370522676
relationship building,172.493533046
cold calling,167.639324037
national account,165.114954861
trade shows,159.324485338
sales process,148.071316615
channel partners,147.493586167
sales strategies,139.437842309
personal lines,131.384529173
value proposition,130.589815452
sales manager,127.817007416
strategic account,127.743055167
sales management,126.744557443
work independently,125.12090044
business acumen,121.643242582
oil gas,117.340069222
written communication,114.841075901
b2b sales,114.812962409
sales growth,114.769301144
technical sales,112.83202224
build strong,112.416859822
national accounts,111.24876174
excellent communication,1.17721709634
