43 offres,tfidf
financial,98.5370021972
business,61.8337059744
process,40.0449915885
data,30.4090290799
support,29.241458981
knowledge,25.3041431384
product,24.9095414648
management,24.2658474491
information,22.5984762722
people,20.5136157713
projects,18.5904465415
develop,17.3896228124
reports,17.2381530766
services,15.9800401637
working,15.8190165173
systems,14.3497489632
requirements,13.9894627786
team,13.1333649657
environment,13.0629681876
performance,12.8383760425
time,12.2926979231
application,12.2399197858
including,12.1581700034
sales,12.1277893966
solutions,11.9212047995
development,11.5547339365
quality,11.4451245185
industry,11.0020654511
clients,10.9120202708
responsible,10.1527370509
work,9.99139895004
qualifications,9.56826655706
operations,8.95427868931
customer,8.9457327521
training,8.72745354616
project,8.53473573452
technical,8.29418917354
software,8.20409522311
maintain,6.92095369167
design,6.15984253628
security,5.21566787458
standards,4.18950193033
education,3.93257813561
staff,3.72410103137
safety,3.55213190142
marketing,3.20098391458
manager,2.97549633921
maintenance,1.79052673579
equipment,0.737291994172
strong,0.47536051028
