43 offres,tfidf
job posting,15.8791226359
change management,13.040916474
customer experience,12.3065695485
interpersonal skills,12.2763693631
communication skills,12.204626331
business administration,12.0469504477
working knowledge,11.4266770272
human rights,9.16737939014
decision making,8.91048040242
internal external,8.86877901565
ability work,8.32553366814
continuous improvement,8.20068541429
problem solving,8.12929039663
additional information,7.9407194366
written verbal,7.36173183954
verbal written,6.94565384851
policies procedures,6.8930567287
office suite,6.52181078323
health safety,6.41539102174
organizational skills,5.67640499541
self motivated,5.44646882562
product knowledge,5.3586386743
financial services,5.21349377114
ability prioritize,5.15826840588
leadership skills,4.99331603388
presentation skills,4.97195007441
analytical skills,4.67155667157
accounts payable,3.87401726321
supply chain,3.85660392955
business requirements,3.76661145358
