financial analysis,1101
financial reporting,798
accounting,711
analysis,707
finance,706
forecasting,641
budgets,587
financial modeling,579
microsoft excel,563
management,459
business analysis,457
financial accounting,404
process improvement,388
variance analysis,381
strategic planning,365
microsoft office,365
leadership,357
project management,357
sap,346
internal controls,312
auditing,289
risk management,289
corporate finance,278
account reconciliation,262
business process,258
customer service,244
strategic financial,233
team leadership,233
business strategy,228
data analysis,227
strategy,210
investments,203
powerpoint,201
managerial finance,200
business planning,195
project planning,178
portfolio management,175
teamwork,175
banking,171
change management,170
cost accounting,164
access,161
accounts payable,151
ifrs,149
time management,149
microsoft word,139
general ledger,134
accounts receivable,133
valuation,130
business intelligence,129
financial statements,124
erp,124
internal audit,122
excel,121
sarbanes oxley act,120
budgeting,116
cash flow,116
research,113
bloomberg,113
