43 offres,tfidf
problem solving skills,9.11918603851
time management skills,8.49208383135
verbal communication skills,7.57533895132
communication interpersonal skills,6.88649024654
written verbal communication,6.08989296427
verbal written communication,5.67388471033
analytical problem solving,5.29392235617
ability work independently,5.0800816296
organization time management,4.74919770645
communication presentation skills,4.40412897883
ability work team,3.42516185711
able work pressure,2.43614769545
good organizational skills,2.43208504204
strong business acumen,2.42486668504
multi tasking skills,2.38030395309
customer service orientation,2.37036867872
strong leadership skills,2.34185786826
subject matter expert,2.27726396379
key performance indicators,2.26060100635
able multi task,2.22454143572
strong interpersonal communication,2.1581681615
excellent/strong problem solving,2.09047195717
excellent time management,1.99503753195
occupational health safety,1.95415579736
strong customer service,1.92401322461
strong computer skills,1.89653399252
good communication skills,1.88836373981
strong interpersonal skills,1.85778427726
organizational time management,1.84295326843
