43 offres,tfidf
financial planning analysis,9.41026038743
learning management systems,6.5288644729
great team player,6.37786294828
property casualty insurance,6.3686714449
gestion des relations,5.16205932774
funds transfer pricing,4.55999933641
business partner support,4.31696128773
risk management consulting,4.16205932774
excellent problem solver,3.73069556358
business performance management,3.73069556358
public sector accounting,3.7149012964
root cause problem,3.7149012964
financial analysis reporting,3.61799128339
superior computer skills,3.52859087216
business case development,3.04811597543
cost benefit analysis,2.92151007946
handle multiple priorities,2.85030546669
proven leadership skills,2.81570635329
excellent analytical skills,2.73069556358
user acceptance testing,2.66374877395
good problem solving,2.62298322895
creative problem solving,2.51175180461
planning organizational skills,2.50884681397
