43 offres,tfidf
finance,73.9507075151
accounting,56.5749437637
analysis,45.3281021498
derivatives,37.3653487715
governance,32.269806746
mobility,31.9901332508
analyst,31.9526000149
ideas,29.1994721261
budget,26.9410277127
aerospace,26.4014463825
forecast,25.9201355517
processes,25.8428840839
cpa,25.300047689
ad,24.1911386128
analytical,23.8944442681
analytics,21.6908007258
analyze,20.9786902977
skills,19.3939555966
leadership,19.374803412
planning,18.9249858503
corporate,18.8782002776
financing,18.7139014595
professional,18.6772975833
forecasting,18.6081223911
change,18.3941761228
rsa,17.7314007103
pm,17.4930490772
step,17.1692235903
essbase,16.5848064386
reporting,16.58224102
