43 offres,tfidf
financial analysis,57.3157530577
financial advisory,28.7003832673
financial analyst,26.7633790126
financial performance,23.0497778885
business performance,18.0759301179
finance accounting,17.7445636213
management reporting,14.7423082104
process improvement,14.3019350244
financial planning,14.1598204192
financial forecasting,13.686786553
budgeting forecasting,13.6294834035
shared services,13.5360723387
reporting analysis,12.8773601153
data analysis,12.3515862339
training material,11.3511074898
product marketing,10.8972350597
strategic planning,10.8255503962
financial management,10.7524444207
cost reduction,10.7339713286
spoken written,10.4973867176
financial statements,10.0094551739
financial data,9.87332951527
accounting principles,9.70903799261
management skills,9.44700152274
time management,9.37554049339
general ledger,9.3517339753
personal banking,8.99311941587
accounting finance,8.64823731096
business analysis,8.61383662392
decision support,8.57012387488
