454 offres,tfidf
account management experience,53.5926221446
new business development,49.2398651948
business business sales,44.3097979917
cold calling experience,30.0826385298
customer relationship management,27.7483012232
new product launches,27.0332715208
motivated self starter,25.9268541813
sales business development,23.6867366658
social media platforms,21.1378506717
regional sales manager,18.1142671649
managing complex sales,17.035877363
increasing sales revenue,16.8312672732
experienced sales professional,14.5741815515
socially responsible investing,12.9508838632
customer centric selling,12.7769080222
territory account management,12.4861779832
strategic selling skills,12.2486342451
value based selling,11.9579042061
time management organization,11.4792130255
group benefit plans,11.2923579572
client relationship management,11.2864608516
client relationship building,10.8917412321
high level organization,10.3381679523
key account management,10.2889967038
enterprise content management,10.2889967038
cross functional team,10.0863115631
strong work ethics,3.15773795396
strong negotiation skills,2.71957955868
excellent/strong presentation skills,2.71158097113
