454 offres,tfidf
account executive,735.658151621
cold calling,148.296325109
sales targets,144.928311407
account management,128.495461581
sales process,112.17523986
account executives,112.16497923
client relationships,98.8873023545
software sales,85.7802410075
b2b sales,76.5419749395
complex sales,76.4240573389
sales meetings,76.3203369309
time management,75.0043239471
solution selling,73.4187511504
sales management,72.1132826833
management skills,69.6716362302
software solutions,69.4469626132
relationship building,69.3723991598
consultative selling,68.9821823475
sales professional,68.217540685
lead generation,66.3310963718
business business,66.1230263356
sales funnel,65.5020937323
sales presentations,64.5484172094
sales pipeline,64.1928037058
value proposition,64.0629283351
business plan,62.9360527774
customer relationships,58.2302542645
written communication,55.7149774175
professional services,55.4706899513
sales strategies,54.7791523357
