sales,4399
account management,4063
management,3356
new business development,3171
marketing,3157
business development,2785
leadership,2771
marketing strategy,2754
sales management,2662
customer service,2529
advertising,2241
strategic planning,2215
crm,2211
solution selling,2201
social media,2184
strategy,2179
marketing communications,2170
social media marketing,1989
direct sales,1967
sales process,1961
team leadership,1765
sales operations,1751
negotiation,1731
b2b,1678
selling,1628
salesforce,1583
digital marketing,1523
project management,1454
online advertising,1426
integrated marketing,1298
public relations,1263
team building,1262
saas,1241
lead generation,1225
strategic partnerships,1211
enterprise software,1207
cold calling,1181
event management,1138
event planning,1129
training,1108
cloud computing,1099
business strategy,1091
online marketing,1063
contract negotiation,1019
sales presentations,940
microsoft office,926
time management,905
digital strategy,904
professional services,885
social networking,863
key account management,860
email marketing,856
coaching,847
direct marketing,843
budgets,823
digital media,810
public speaking,804
market research,775
brand development,752
retail,738
customer satisfaction,735
telecommunications,726
product marketing,710
channel partners,703
competitive analysis,701
customer retention,695
managed services,678
recruiting,678
product management,676
entrepreneurship,672
media relations,650
business planning,648
business analysis,627
forecasting,605
business intelligence,587
start ups,581
program management,580
strategic communications,579
brand management,562
product development,546
teamwork,530
networking,527
microsoft excel,521
sponsorship,509
insurance,505
cross functional team,504
change management,503
corporate communications,499
project planning,494
media planning,490
mobile marketing,469
marketing management,462
customer relations,450
copywriting,442
