454 offres,tfidf
sales,1276.27148415
business,664.040233725
clients,410.759620194
solutions,374.142427555
marketing,344.639268136
develop,323.288896831
customer,290.736314443
industry,262.582628766
product,226.762722301
services,212.657457562
development,173.321009048
team,172.566307108
knowledge,154.87880714
software,142.2043172
maintain,142.194139483
management,136.158366242
including,131.794562837
financial,127.518473432
environment,124.866607676
support,116.965835924
people,110.925477875
work,103.816879715
responsible,100.850521373
data,99.9153812624
information,95.5299224233
training,95.4201587713
performance,94.1480909785
technical,93.724337661
working,90.7512000203
requirements,89.7255198903
time,88.0976684488
process,84.6853100805
projects,84.5020297343
manager,83.3138974978
project,81.079989478
qualifications,80.191186383
education,74.7189845765
application,72.5652387302
reports,64.251297831
design,62.6250657855
quality,60.0869037222
systems,54.2101627499
operations,47.4576770534
security,43.8116101464
staff,37.2410103137
standards,33.5160154427
equipment,22.8560518193
maintenance,17.9052673579
safety,8.52511656341
strong,0.47536051028
