454 offres,tfidf
new business,290.21187168
sales experience,274.015161775
business development,160.060571325
experience sales,117.415108659
communication skills,101.298398547
presentation skills,96.1243681052
fast paced,73.4779032724
written verbal,72.3903630888
self motivated,72.1657119395
verbal written,71.7717564346
sales marketing,70.2055656538
customer service,67.0828073423
self starter,66.9636180506
customer satisfaction,65.6490619536
ability work,62.0630691625
high level,59.9306187063
internal external,55.7466109555
social media,52.2061808962
best practices,47.348590914
product knowledge,46.4415351772
secondary education,44.3570479632
team player,43.6153953175
computer skills,43.0378287712
client service,42.8910665703
organizational skills,42.005396966
high degree,40.8913593455
financial services,39.970118912
highly motivated,38.6176751209
driver license,36.6314807417
experience working,34.9801034605
