454 offres,tfidf
selling,375.809604955
accounts,371.435662459
advertising,276.614782954
prospecting,234.169080004
media,212.542603778
strategic,196.577233328
crm,194.757013258
technology,192.732010481
sell,192.129272659
konica,191.970085273
level,191.691672464
insurance,189.693072838
build,189.426137199
competitive,171.995427621
strategy,167.468201246
skills,165.467578601
digital,165.352660919
salesforce,164.404062883
enterprise,161.634260672
self,155.41699921
proposals,154.258895081
underwriting,151.326622129
service,147.00344855
travel,144.412349765
cloud,143.619517822
strategies,141.273252509
benefits,137.57891193
presentation,135.475301033
understanding,135.465158487
building,134.908274373
