454 offres,tfidf
new business opportunities,104.56478595
verbal written communication,52.4834335705
time management skills,52.3678502933
written verbal communication,42.6292507499
valid driver license,40.0058902266
verbal communication skills,39.3917625469
communication presentation skills,35.2330318306
fast paced environment,33.9238928693
work fast paced,25.2508916679
ability work independently,24.1303877406
ability multi task,23.5749507084
organizational time management,22.1154392212
able work independently,17.71300799
build strong relationships,17.2844868592
interpersonal communication skills,16.666537646
valid drivers license,16.3689292064
oral written communication,14.7966491224
sales customer service,13.9943743409
work life balance,13.9797836858
strong business acumen,2.42486668504
strong team player,2.27556860257
excellent/strong time management,2.10434194696
strong computer skills,1.89653399252
exceptional/superior customer service,1.86529922139
strong organizational skills,1.83777687244
strong work ethic,1.81355975746
excellent/strong communication skills,1.53429514078
