18 offres,tfidf
written oral communication,7.53139526056
time management skills,4.24604191567
customer service skills,2.7702806498
ability work independently,2.5400408148
build strong relationships,2.46921240846
ability meet deadlines,2.41309646649
long term care,2.35655846958
excellent/proficient/strong computer skills,2.18442511767
strong interpersonal communication,2.1581681615
sales customer service,1.99919633442
project management skills,1.9448386721
excellent interpersonal skills,1.85094148508
organizational time management,1.84295326843
excellent/exceptional/outstanding customer service,1.81713894721
able work independently,1.771300799
customer service experience,1.69385974167
interpersonal communication skills,1.6666537646
oral written communication,1.64407212472
excellent/good communication skills,1.64319822993
ability multi task,1.57166338056
written verbal communication,1.52247324107
fast paced environment,1.09431912481
