18 offres,tfidf
development,29.5287645045
business,27.9595887884
marketing,25.6078713166
sales,16.4081856542
support,11.4672388161
training,9.89111401898
develop,9.48524880678
people,8.35739901795
team,8.2465314901
knowledge,7.85300993952
including,7.7812288022
reports,7.05197171316
clients,7.0148701741
customer,6.95779214052
work,6.08850873518
environment,5.76307420043
maintain,5.662598475
services,5.53155236434
working,5.41176880855
process,5.25180217554
industry,5.13429721051
data,4.34414701141
project,4.26736786726
information,4.10881386767
responsible,4.06109482038
education,3.93257813561
financial,3.8641961646
staff,3.72410103137
software,3.6462645436
management,3.59494036283
time,3.41463831197
projects,3.38008118937
requirements,3.37676687759
qualifications,3.18942218569
manager,2.97549633921
quality,2.86128112963
solutions,2.75104726143
product,2.57684911705
performance,2.56767520851
technical,1.65883783471
design,1.02664042271
operations,0.895427868931
standards,0.837900386067
systems,0.797208275734
strong,0.47536051028
