18 offres,tfidf
business development,63.6975743027
computer skills,7.17297146186
social media,6.73628140596
oral communication,5.81931963366
communication skills,5.49208184895
self motivated,5.44646882562
office suite,4.89135808743
sales experience,4.51673343585
fast paced,4.4263797152
customer service,4.14945200055
written verbal,3.68086591977
team oriented,3.61091978403
sales marketing,3.60028541815
product knowledge,3.57242578286
high degree,3.55577037787
administrative support,3.54507772379
business administration,3.4419858422
ability prioritize,3.43884560392
team player,3.35503040904
able work,3.24603108049
experience working,3.1800094055
ability work,3.02746678842
secondary education,2.7723154977
working knowledge,2.53926156159
compensation benefits,1.84924750153
human rights,1.83347587803
customer experience,1.75808136407
education training,1.73717769111
meet deadlines,1.67379071225
team member,1.65420345605
