18 offres,tfidf
high stress environment,6.37786294828
new product development,6.01344658055
international business development,4.31696128773
high level organization,3.44605598411
long range planning,3.42169663825
social media savvy,3.41387130074
social media management,3.27556860257
high level confidentiality,3.00672329028
new product launches,3.00369683565
enterprise resource planning,2.98308238045
business development manager,2.91163932543
content management systems,2.86539413748
commitment customer service,2.83164555439
new business development,2.73554806638
sales business development,2.63185962954
customer relationship management,2.52257283847
effective time management,2.50788278586
