18 offres,tfidf
cultural competency,23.4407209358
internet leads,12.9508838632
non profit,9.19019298673
facilities management,7.9545429526
development sales,7.71632917925
corporate partnership,7.49417195954
bid management,7.39932265968
database management,7.27221600422
marketing promotion,6.5179386815
sales manager,6.28608233195
written oral,6.27155139451
document control,5.55648792352
simply accounting,5.43291024894
bid writing,4.86102933208
membership marketing,4.86102933208
marketing materials,4.82929503971
management skills,4.72350076137
market research,4.55339621542
sales representatives,4.5028698457
ms project,4.48910763638
business management,4.3416665041
trade shows,4.30606717131
new product,4.30182393393
marketing sales,4.20196800822
civil design,3.95793934509
geriatric care,3.93161040636
corporate partnerships,3.81963664692
skills qualifications,3.65762725756
outstanding customer,2.1788842557
excellent interpersonal,1.47793240213
