business development,154
marketing,137
social media,110
marketing communications,108
customer service,108
sales,102
marketing strategy,101
event planning,95
management,94
strategic planning,89
leadership,89
project management,87
event management,85
social media marketing,84
microsoft office,84
public relations,73
time management,73
team leadership,71
new business development,66
advertising,64
research,62
strategy,58
public speaking,58
social networking,56
market research,55
teamwork,52
budgets,52
training,52
crm,51
business strategy,49
team building,48
account management,47
microsoft excel,44
project planning,42
proposal writing,39
fundraising,38
editing,37
sales management,36
powerpoint,36
business planning,35
analysis,34
email marketing,33
entrepreneurship,33
online marketing,33
negotiation,32
online advertising,31
recruiting,29
human resources,27
coaching,27
corporate communications,26
nonprofits,26
media relations,26
digital marketing,25
blogging,24
microsoft word,24
press releases,22
strategic communications,22
change management,21
customer satisfaction,21
organizational,21
photoshop,20
salesforce,20
sponsorship,20
copywriting,19
program management,19
internal communications,18
marketing management,18
trade shows,18
financial analysis,18
data analysis,18
business analysis,18
facebook,18
b2b,18
brand development,17
competitive analysis,17
retail,17
process improvement,16
organization,16
