18 offres,tfidf
coordinator,27.1905745598
corporate,25.5410944932
proposals,21.3336769793
reconciliation,11.6127565352
construction,11.0988251474
presentations,11.085771345
coordinate,10.9555258196
fundraising,9.2653652391
build,9.1657808322
crm,8.93380794762
meetings,8.79461571629
internet,8.67132962665
media,8.55876256826
materials,8.53958771767
events,8.32899542554
member,7.87075684073
chinese,7.85025663383
skills,7.42747235616
write,7.35798717248
review,7.32281305562
indesign,7.07991020958
grammar,6.96585969985
sponsorship,6.77203134739
administration,6.51535433038
action,6.48033763807
organize,6.44282172743
developing,6.44268871047
llp,6.38715275837
fm,6.38715275837
motivated,6.22103034855
