28 offres,tfidf
human resource management,10.9227822543
human resources management,7.85025663383
planning organizational skills,5.01769362793
management training programs,3.90678682264
hr business partner,3.67069763391
high performance teams,3.59385760367
human resources professional,3.29873646762
excellent leadership skills,3.23264040203
hr policies procedures,3.19357637919
human resources generalist,3.1797880947
training new employees,3.06863764258
strong communications skills,2.96615967533
superior communication skills,2.68493807302
team building skills,2.50692089293
