28 offres,tfidf
hr,107.941305412
human,55.0510868839
ontario,18.9838528265
compensation,17.9839533533
recruitment,17.909851353
chrp,17.7716702614
leadership,15.6843646668
recruiting,15.4890280806
autodesk,15.46936733
gold,15.3020161184
coaching,15.0655735603
strategic,14.8360176097
staffing,14.8145189875
policies,14.2149299435
000,13.8171179151
lead,12.7043068194
organization,12.6527404293
regulations,12.4355718811
compliance,12.2639145927
toronto,11.7533236841
manufacturing,11.6822083051
cpa,11.6769450872
culture,10.9484304687
change,10.8201036016
benefits,10.5829932254
professional,10.3762764352
administration,9.77303149557
10,9.63701427161
finance,9.58620282603
world,9.47029988904
