human resources,1139
employee relations,969
recruiting,963
performance management,931
management,806
employee engagement,773
leadership,756
talent management,751
training,689
coaching,663
personnel management,625
change management,620
onboarding,612
succession planning,608
hris,604
organizational,593
hr policies,569
talent acquisition,566
employee benefits,520
leadership development,480
strategic planning,470
interviews,452
team building,429
deferred compensation,417
workforce planning,405
customer service,380
new hire orientations,356
employee training,351
labor relations,350
strategy,342
project management,333
team leadership,325
policy,322
hr consulting,319
time management,285
program management,280
benefits administration,278
payroll,271
hiring,236
sourcing,232
employment law,225
microsoft office,218
conflict resolution,214
technical recruiting,214
organizational design,201
process improvement,196
budgets,195
career development,195
project planning,184
negotiation,178
applicant tracking,172
public speaking,171
workshop facilitation,167
sales,153
executive coaching,148
job descriptions,148
microsoft excel,143
business development,140
management consulting,135
business strategy,134
analysis,130
compensation benefit,127
social media,126
operations management,125
employer branding,125
teamwork,120
marketing,119
research,118
event planning,116
