28 offres,tfidf
human resources,58.9154726918
experience working,12.720037622
management experience,9.99866470445
health safety,7.69846922608
compensation benefits,7.39699000612
policies procedures,6.8930567287
problem solving,6.3227814196
project management,6.25664114849
store manager,6.00117574591
flexible schedule,5.336348032
business administration,5.16297876331
job posting,4.76373679077
high level,3.99537458042
working knowledge,3.80889234239
change management,3.72597613543
written verbal,3.68086591977
human rights,3.66695175605
leadership skills,3.32887735592
professional development,3.32832516966
presentation skills,3.31463338294
interpersonal skills,3.06909234077
communication skills,3.05115658275
decision making,2.54585154355
computer skills,2.39099048729
general manager,2.08360250969
customer service,2.07472600028
career opportunities,1.80852776866
high degree,1.77788518893
continuous learning,1.68566250102
meet deadlines,1.67379071225
