28 offres,tfidf
hr management,35.0782462156
employee relations,32.1490857496
performance management,26.6546158816
human resource,20.7144861991
training development,18.4819210737
disability management,15.0796564603
hr generalist,14.6837502301
employee engagement,14.3917880051
succession planning,12.9869663174
management training,12.6888861595
hr policies,11.4880988655
workers compensation,11.1639658619
hr metrics,10.5265404419
legal compliance,9.63800796329
employee health,9.55300716736
employment law,9.42261008601
benefits administration,8.72761889028
recruitment training,8.48281672977
hr planning,8.32411865548
labour relations,7.53525541383
aboriginal health,7.46139112716
support management,7.4506228461
hr strategy,7.39932265968
culture change,7.34139526781
salary review,6.76781615472
software industry,6.49649095072
interpersonal communication,6.16104041495
talent development,6.10969871619
cycle recruitment,5.8839024794
organizational change,5.79921647602
