28 offres,tfidf
manager,23.0600966289
management,20.6709070863
business,19.356638392
develop,15.8087480113
development,14.7643822523
support,14.3340485201
working,13.3212770672
training,8.72745354616
team,8.55195858233
project,8.53473573452
environment,8.0683038806
including,7.7812288022
performance,7.70302562552
staff,7.44820206274
process,7.22122799136
operations,7.16342295145
knowledge,6.98045327957
people,6.83787192377
qualifications,6.83447611218
industry,6.60123927065
software,6.3809629513
requirements,6.27113848696
reports,6.26841930058
design,6.15984253628
application,6.11995989291
responsible,6.09164223057
projects,5.9151420814
services,5.53155236434
work,5.30793069221
time,5.12195746795
safety,4.97298466199
education,4.91572266951
systems,4.7832496544
solutions,4.58507876905
data,4.34414701141
standards,4.18950193033
financial,3.8641961646
information,3.59521213421
customer,3.47889607026
maintain,3.14588804167
sales,2.85359750508
product,1.71789941137
equipment,1.47458398834
quality,1.43064056481
marketing,1.06699463819
maintenance,0.895263367895
technical,0.829418917354
clients,0.779430019344
strong,0.47536051028
