28 offres,tfidf
project management skills,5.83451601629
interpersonal communication skills,4.99996129379
written verbal communication,3.04494648214
problem solving skills,2.60548172529
build strong relationships,2.46921240846
excellent computer skills,2.19968999207
strong interpersonal communication,2.1581681615
project management experience,2.11284130507
excellent organizational skills,1.97993011369
decision making skills,1.96285284858
occupational health safety,1.95415579736
strong interpersonal skills,1.85778427726
strong work ethic,1.81355975746
analytical problem solving,1.76464078539
communication interpersonal skills,1.72162256164
ability multi task,1.57166338056
verbal communication skills,1.51506779026
verbal written communication,1.41847117758
fast paced environment,1.09431912481
