11 offres,tfidf
quality control,28.3861737723
quality assurance,12.1069975038
management team,6.5223216428
continuous improvement,4.92041124857
policies procedures,4.59537115247
fast paced,3.54110377216
self motivated,2.72323441281
work team,2.65337175054
working knowledge,2.53926156159
verbal written,2.3152179495
ability work,2.27060009131
communication skills,1.83069394965
office suite,1.63045269581
data entry,1.59198362242
analytical skills,1.55718555719
secondary education,1.38615774885
health safety,1.28307820435
project management,1.2513282297
experience working,1.06000313517
