11 offres,tfidf
qc,21.1338661229
control,19.6956012989
research,18.4437749498
plant,17.5843606658
coordinator,15.1058747554
assurance,14.9440716479
airworthiness,13.8523572936
mri,12.648237311
production,11.0481174761
wood,10.6593227119
aviation,10.4969609307
analyze,10.4893451488
sops,10.0863115631
compliance,10.0341119395
procedures,9.64648791446
ich,9.25953709905
diabetes,9.00207397652
drive,8.86662409483
audits,8.55136446108
inspections,8.35699337193
documents,8.10236023687
audit,8.0585432772
plan,7.78519276526
testing,7.45412275915
grader,6.73933527649
specifications,6.65895763404
documentation,6.48513653061
monitoring,6.46208491545
processes,6.46072102098
charts,6.45655108209
