11 offres,tfidf
quality,58.6562631574
product,12.0252958796
standards,10.8927050189
staff,10.4274828878
data,8.68829402282
project,8.53473573452
maintain,8.17930890834
process,7.8777032633
develop,6.32349920452
reports,6.26841930058
performance,5.99124215318
training,5.8183023641
responsible,5.41479309384
systems,4.7832496544
industry,4.40082618044
sales,4.28039625762
development,3.85157797885
maintenance,3.58105347158
safety,3.55213190142
projects,3.38008118937
requirements,3.37676687759
team,3.35969801449
design,3.07992126814
work,2.96619656329
equipment,2.94916797669
working,2.91402935845
qualifications,2.73379044487
knowledge,2.61766997984
technical,2.48825675206
customer,2.48492576447
support,2.29344776321
people,2.27929064126
information,2.05440693383
environment,1.92102473348
solutions,1.83403150762
time,1.70731915598
manager,1.4877481696
education,1.47471680085
including,1.45898040041
management,1.34810263606
marketing,1.06699463819
financial,0.966049041149
software,0.911566135901
operations,0.895427868931
clients,0.779430019344
strong,0.47536051028
