11 offres,tfidf
clinical research,23.5619215505
research management,15.0564772763
clinical trial,12.3904053541
regulatory guidelines,9.52586278042
quality management,9.22858522173
clinical trials,8.74225818414
corrective action,8.36218209058
international standards,6.6982919422
chemical engineering,6.21796176852
reasoning skills,6.19520267703
quality compliance,6.09623195087
project managers,6.07126988872
quality inspection,5.98948398599
qa qc,5.68799198556
performance improvement,5.48751607284
work management,5.41442893547
team development,5.2459664579
technical staff,4.95622439398
raw materials,4.93842481693
corrective actions,4.63516430399
data collection,4.45917112613
goal oriented,4.40412897883
aviation maintenance,4.25896934075
image analysis,4.16205932774
oral written,4.14803794875
action plans,4.13657509249
process improvement,4.08626714983
control charts,4.04811597543
oil analysis,4.04811597543
material testing,3.81963664692
