project management,27
quality control,24
quality assurance,23
project planning,23
microsoft office,22
inspection,21
construction,19
microsoft excel,16
management,16
autocad,14
engineering,14
microsoft word,14
analysis,14
team leadership,13
construction management,13
ms project,13
quality management,13
piping,12
process improvement,12
leadership,12
strategic planning,11
training,11
data analysis,10
contract management,10
refinery,10
project coordination,10
research,9
project engineering,9
civil engineering,9
testing,9
customer service,9
manufacturing,9
welding,9
construction safety,9
gas,9
commissioning,9
asme,9
powerpoint,9
materials,9
petrochemical,8
pressure vessels,8
factory,8
time management,8
ndt,8
petroleum,8
teamwork,8
sales,8
sigma,8
process scheduler,7
project control,7
team building,7
troubleshooting,7
quality,7
supervisory skills,7
pipelines,7
concrete,7
oil gas,7
validation,7
epc,7
construction drawings,6
metal fabrication,6
product development,6
marketing,6
iso,6
glp,6
problem solving,6
social media,6
continuous improvement,6
business analysis,6
photoshop,5
process engineering,5
coaching,5
refineries,5
proposal writing,5
earthworks,5
water,5
geotechnical engineering,5
sop,5
cad,5
lean manufacturing,5
american welding,5
market research,5
certified welding,5
operations management,4
marketing research,4
chemistry,4
gmp,4
safety management,4
quality auditing,4
social networking,4
marketing strategy,4
public relations,4
onshore,4
access,4
b31,4
road,4
public speaking,4
strategy,4
visio,4
management consulting,4
matlab,4
mining,4
financial analysis,4
illustrator,4
budgets,4
software documentation,4
bridge,4
soil,4
administration,4
primavera p6,4
root cause analysis,4
contractors,4
retail,4
weld,4
program management,4
procurement,4
databases,4
inventory management,4
qualitative research,3
p&id,3
highways,3
change management,3
critical thinking,3
business planning,3
cost control,3
5s,3
sales management,3
social media marketing,3
subcontracting,3
policy,3
teaching,3
stormwater management,3
event planning,3
feasibility studies,3
pharmaceutical industry,3
ut,3
hplc,3
logistics,3
engineering design,3
energy,3
merchandising,3
rt,3
auditing,3
online marketing,3
api 510,3
concrete testing,3
corrosion,3
solidworks,3
nde,3
document management,3
food safety,3
energy industry,3
pre construction,3
communication,3
mechanical engineering,3
risk management,3
project estimation,3
value engineering,3
analytical chemistry,3
business process,3
editing,3
steel,3
science,3
business intelligence,3
occupational health,3
contract negotiation,3
marketing communications,3
purchasing,3
oil gas industry,3
leadership development,3
entrepreneurship,3
structural engineering,3
digital marketing,3
business strategy,3
