43 offres,tfidf
ability multi task,9.42998028334
written verbal communication,7.61236620534
verbal communication skills,7.57533895132
ability work team,6.85032371422
customer service experience,6.77543896667
standard operating procedures,6.55575297121
ability work independently,6.350102037
effective communication skills,4.52447765063
work life balance,3.99422391024
work team environment,3.64045854164
interpersonal communication skills,3.33330752919
work fast paced,3.15636145849
time management skills,2.83069461045
problem solving skills,2.60548172529
high level accuracy,2.4280600412
data entry skills,2.38390807736
excellent problem solving,2.16994783995
strong interpersonal communication,2.1581681615
strong analytical skills,2.13757366004
excellent organizational skills,1.97993011369
decision making skills,1.96285284858
strong computer skills,1.89653399252
written oral communication,1.88284881514
strong interpersonal skills,1.85778427726
organizational time management,1.84295326843
good/strong communication skills,1.77946065066
excellent customer service,1.50596112573
customer service skills,1.3851403249
fast paced environment,1.09431912481
