payroll,151
human resources,116
customer service,96
employee benefits,94
employee relations,83
hris,80
adp payroll,74
benefits administration,74
recruiting,62
microsoft office,62
microsoft excel,57
performance management,53
management,53
accounting,48
account reconciliation,46
time management,45
hr policies,44
accounts payable,43
training,43
onboarding,41
microsoft word,35
leadership,34
outlook,33
deferred compensation,33
coaching,33
process improvement,32
peoplesoft,30
teamwork,28
budgets,28
project management,27
sap,26
change management,26
accounts receivable,26
administration,25
analysis,25
new hire orientations,24
ceridian,24
payroll taxes,23
team building,23
interviews,23
general ledger,23
powerpoint,22
team leadership,21
talent management,21
talent acquisition,21
employee engagement,20
ceridian payroll,19
strategic planning,19
invoicing,19
journal entries,19
quickbooks,18
personnel management,18
employee training,17
succession planning,17
sap hr,16
