43 offres,tfidf
clients,33.5154908318
process,30.8543377813
customer,22.3643318802
knowledge,19.1962465188
solutions,18.3403150762
reports,18.0217054892
requirements,17.8486249244
maintain,16.3586178167
systems,15.9441655147
working,14.5701467922
team,14.3550733346
data,13.9012704365
responsible,13.5369827346
environment,13.4471731343
business,12.3667411949
including,12.1581700034
education,11.7977344068
financial,11.5925884938
quality,10.7298042361
management,10.3354535431
support,10.3205149345
information,10.2720346692
work,9.99139895004
maintenance,9.84789704684
manager,9.67036310242
time,9.21952344231
software,8.20409522311
qualifications,7.74573959381
operations,6.26799508252
services,5.53155236434
industry,5.13429721051
projects,5.07012178406
develop,4.74262440339
development,4.49350764199
performance,4.27945868084
project,4.26736786726
safety,4.26255828171
technical,4.14709458677
training,4.07281165487
staff,3.72410103137
application,3.49711993881
standards,3.35160154427
people,3.03905418834
sales,2.14019812881
design,2.05328084543
product,0.858949705684
strong,0.47536051028
