43 offres,tfidf
payroll,425.596994443
adp,91.0628493733
ceridian,65.2555128573
specialist,57.3899580693
end,50.3803156638
pcp,46.8244940933
accounting,36.8967024546
tax,35.355432543
processing,35.2197337305
service,33.3714725158
reconciliation,32.9028101831
t4,32.0549466752
processes,25.8428840839
sap,24.5416074161
benefits,24.1896988009
union,23.9674995262
finance,23.2807782918
payments,22.7393632574
audit,22.5639211762
reporting,22.1096546934
cpa,21.4077326599
hr,20.1648592528
accurate,18.7205777299
skills,17.9497248607
certification,16.6489750297
provincial,15.8228344145
understanding,15.5310372787
hris,15.2640673862
human,14.3132825898
multi,14.2195647253
