43 offres,tfidf
payroll processing,82.9698506302
canadian payroll,48.9320897086
adp payroll,24.9199953549
journal entries,20.1962609186
payroll accounting,19.1614582751
benefits administration,17.4552377806
new hires,16.539031448
benefit administration,14.074426605
workers compensation,13.9549573273
payroll software,13.7842239364
client support,13.4908316938
resolve issues,12.5811191981
forms processing,12.4861779832
leave administration,12.3619999277
business services,10.8846009827
issue resolution,10.4719651336
government agencies,10.2055966586
government remittances,9.33852391521
software product,9.33852391521
payroll administration,9.18506634787
problem resolution,8.92037285205
data input,8.8258537191
process documentation,8.53826694685
multi task,8.24461922674
sap payroll,8.16575616339
ceridian payroll,7.97193613737
employment standards,7.82452890329
deadline driven,7.16262708604
verbal communication,7.10020790301
general ledger,7.01380048147
