43 offres,tfidf
client service,21.4455332852
customer service,15.2146573354
human resources,15.0422483468
communication skills,12.204626331
working knowledge,11.4266770272
ability work,9.08240036525
business administration,8.60496460551
written verbal,8.58868714613
continuous improvement,8.20068541429
work effectively,8.00956743946
analytical skills,7.78592778594
health safety,7.69846922608
experience working,7.42002194616
best practices,7.39821733032
meet deadlines,6.69516284898
work team,6.63342937636
internal external,6.33484215403
interpersonal skills,6.13818468153
secondary education,5.5446309954
office suite,4.89135808743
data entry,4.77595086726
communicate effectively,4.59917312536
problem solving,4.51627244257
high level,3.99537458042
accounts payable,3.87401726321
change management,3.72597613543
technical support,3.63808966118
career development,3.59202023588
fast paced,3.54110377216
verbal written,3.47282692426
