43 offres,tfidf
payroll compliance practitioner,13.423517415
human capital management,6.82774260147
continuous process improvement,6.43515331118
high stress environment,6.37786294828
active listening skills,6.03808905497
able meet deadlines,5.94345525914
user acceptance testing,5.3274975479
shared service center,4.55999933641
excellent computer knowledge,4.16205932774
superior client service,3.37672949273
human resources administration,3.36271877829
exceptional interpersonal communication,3.10898088426
works team environment,3.1051544764
accounts payable receivable,2.96893472939
high energy level,2.92906321735
excellent organization skills,2.92401322461
highly self motivated,2.82360283414
excellent analytical skills,2.73069556358
excellent communications skills,2.67633790126
service level agreements,2.55783327466
