1309 offres,tfidf
service,1462.00843515
csr,480.232073345
skills,428.523891215
telephone,397.793165508
fitness,376.999047666
fast,366.545114966
phone,360.319855544
computer,336.846554075
retail,326.677504683
professional,314.747051867
centre,312.338289367
positive,312.218452512
benefits,304.639019274
cash,292.437758432
follow,284.650363196
insurance,280.795667029
policies,279.856433263
processing,279.409887595
email,271.288773415
location,270.11953531
banking,261.81277921
schedule,259.614378901
procedures,254.518873435
flexibility,252.170260894
center,250.265167704
life,241.032899855
applications,238.644309993
personal,233.560586344
accounts,230.629986494
energetic,228.922999839
