1309 offres,tfidf
customer service representative,1635.65253882
customer service experience,437.015813351
experience customer service,362.877223726
fast paced environment,297.65480195
sales customer service,295.881057494
high school diploma,268.506256066
customer service skills,202.230487435
ability multi task,171.311308481
customer service sales,131.885618992
verbal written communication,119.151578917
problem solving skills,108.127491599
work fast paced,107.316289588
verbal communication skills,81.8136606743
time management skills,73.5980598717
ability work team,70.2158180707
interpersonal communication skills,69.999458113
written verbal communication,68.5112958481
ability work independently,66.0410611848
able work independently,61.9955279651
work team environment,58.2473366663
clean driving record,57.2784663209
work life balance,53.9220227882
strong computer skills,1.89653399252
excellent/exceptional/outstanding/strong/superior customer service,1.88511102353
excellent/strong communication skills,1.53429514078
