1309 offres,tfidf
customer service representatives,243.301706828
retail sales experience,73.6854309954
general office duties,37.6762770691
world class customer,36.4289099902
general office equipment,34.9770176329
professional telephone manner,30.721542163
experienced customer service,28.3942037682
ability learn quickly,26.4223133397
cash handling experience,22.7519679422
effective time management,22.5709450728
judgment decision making,21.4449335939
learning new software,19.8283609879
computer skills word,19.6691376674
identifying client needs,19.3051466604
intermediate computer skills,18.4500403525
great customer service,17.8822301317
high energy level,17.5743793041
customer service specialist,17.1084831912
effective listening skills,17.0693565037
going extra mile,17.0309223603
customer service excellence,16.2432868064
exceeding customer expectations,15.5836817448
customer relationship management,15.1354370308
joint health safety,15.0184841782
excellent telephone etiquette,3.65690934942
excellent telephone manner,3.32955041503
strong people skills,3.00977098336
outstanding communication skills,2.80033149172
strong organization skills,2.75722561112
good customer service,2.53881003734
