1309 offres,tfidf
multi task,217.108306304
passion helping,209.984647368
order entry,200.171450214
personal development,186.493707169
retail experience,178.569677694
problem solver,174.647177204
service oriented,163.098120562
branch administration,159.957179586
written communication,151.226367276
local marketing,150.579759973
training development,147.85536859
customer information,144.364228396
multitasking skills,140.101384968
work independently,117.698474142
multi tasking,117.6545417
training programs,116.143034435
foreign currency,115.04499721
time management,108.990658236
verbal communication,107.923160126
customer services,107.519972129
spoken written,102.874389832
auto insurance,102.247464265
oral written,96.7875521375
customer care,89.3974036707
business savvy,88.6894125968
management skills,83.8421385143
excellent interpersonal,1.47793240213
excellent customer,1.46754187393
excellent/strong communication,1.3015595244
