customer service,3927
microsoft office,2414
microsoft excel,1844
time management,1844
teamwork,1782
sales,1571
microsoft word,1414
leadership,1394
powerpoint,1297
team leadership,1286
social media,1026
management,989
customer satisfaction,965
research,855
public speaking,805
marketing,768
event planning,754
training,698
outlook,627
banking,620
team building,614
project management,573
data entry,561
strategic planning,539
financial analysis,511
retail,505
analysis,491
social networking,487
accounting,450
inventory management,450
coaching,442
social media marketing,435
account management,434
customer experience,401
marketing strategy,396
