1309 offres,tfidf
customer service,1792.56326424
fast paced,353.225101273
communication skills,309.387277491
ability work,218.734475463
data entry,213.325805404
team player,212.485259239
problem solving,186.070424634
customer experience,174.050055043
computer skills,168.564829354
customer satisfaction,168.125646466
verbal written,163.22286544
job posting,158.791226359
financial services,158.142644391
professional manner,154.652431826
work team,153.895561531
additional information,144.521093746
policies procedures,139.009977362
positive attitude,135.235669128
interpersonal skills,123.786724411
internal external,122.895937788
able work,122.267170698
high level,119.861237413
computer applications,113.499222937
written verbal,112.879888206
organizational skills,110.122256911
secondary education,109.506462159
client service,103.653410878
team member,102.560614275
work pressure,96.7702243176
technical support,96.4093760213
