1309 offres,tfidf
customer,2277.68295571
sales,889.609022209
information,489.462451986
financial,470.46588304
services,457.889612382
clients,441.936820968
environment,438.762049126
team,432.790189684
people,398.116098673
product,360.758876387
support,335.990097311
working,331.366767047
process,328.894111243
time,326.780886455
training,320.588460262
work,316.758569838
knowledge,302.777161001
education,282.654053497
business,279.595887884
qualifications,277.024098414
solutions,269.60263162
maintain,263.625417892
data,253.698185466
requirements,253.25751582
including,243.163400069
performance,235.370227446
industry,231.776845503
security,207.583581408
quality,202.435639921
manager,192.663387964
technical,191.595769909
responsible,176.657624687
software,172.285999685
reports,170.030873528
marketing,167.518158196
standards,154.173671036
management,153.683700511
operations,145.954742636
systems,143.497489632
application,131.141997705
equipment,122.390471033
staff,119.171233004
safety,115.089073606
development,100.14102745
develop,78.253302656
projects,72.6717455715
maintenance,68.04001596
project,31.5785222177
design,25.6660105678
strong,0.47536051028
