163 offres,tfidf
word processing software,52.622768725
work minimal supervision,45.3429537885
customer service oriented,43.8130939228
basic computer skills,30.6470036237
job task planning,30.5799998954
significant use memory,29.5633180802
fast paced environment,27.3579781204
experience customer service,11.3399132414
customer service skills,11.0811225992
high school diploma,11.0724229305
customer service experience,8.46929870834
work fast paced,6.31272291697
work team environment,5.46068781246
able work independently,5.31390239701
class drivers license,4.66037910692
communication presentation skills,4.40412897883
standard operating procedures,4.37050198081
positive work environment,4.29844420607
class driver license,3.92460830098
occupational health safety,3.90831159471
ability work team,3.42516185711
oral written communication,3.28814424943
excellent/exceptional/outstanding/strong/superior customer service,1.88511102353
excellent interpersonal skills,1.85094148508
strong organizational skills,1.83777687244
excellent communication skills,1.39803272005
