163 offres,tfidf
special needs,93.5575568129
clerical duties,85.595125343
foreign currency,61.9473061901
hospitality industry,58.3451781659
work minimal,44.5661522111
document use,42.9030413555
minimal supervision,41.6263057556
service oriented,41.2226019003
word processing,39.6114478424
client focus,39.5246793626
computer use,38.11164243
finding information,36.7492798394
guest service,35.0748429439
hotel management,30.3172555925
planning organizing,28.690854979
basic computer,28.5226643266
guest satisfaction,27.3089457424
internet browser,26.7633790126
guest services,24.2169085501
train staff,23.0412406302
written communication,22.7408071092
spreadsheet software,18.0283041615
property management,18.0243077882
director sales,17.2188195383
basic bookkeeping,15.5836817448
preventative maintenance,15.3740779659
clean rooms,14.4230273079
basic accounting,13.0837610564
drivers license,12.6894320965
excellent communication,1.17721709634
