163 offres,tfidf
computer applications,81.5775664859
customer service,54.6344513406
essential skills,44.0159467142
oral communication,40.7352374356
reading text,36.6888055752
general manager,35.4212426647
team player,32.4319606207
decision making,30.5502185226
fast paced,30.0993820634
policies procedures,29.869912491
work pressure,29.451807401
food beverage,28.6929145553
continuous learning,26.9706000163
interpersonal skills,26.5988002866
critical thinking,25.7269399397
problem solving,25.2911256784
computer skills,23.9099048729
skills abilities,20.5167069303
experience year,18.8040508558
able work,18.3941761228
health safety,16.6800166565
professional manner,15.63900996
sales marketing,14.4011416726
ability work,13.6236005479
high level,11.9861237413
positive attitude,10.5183298211
communication skills,10.3739323813
secondary education,9.70310424195
work team,9.2868011269
communicate effectively,9.19834625073
