163 offres,tfidf
information,111.451576161
process,95.1889144316
safety,86.6720183947
services,71.9101807364
maintenance,68.04001596
equipment,64.144403493
security,56.3292130454
customer,55.1653519713
reports,52.4980116424
staff,52.1374144392
work,50.425341576
maintain,47.8174982334
education,46.6993653603
business,41.4016987828
sales,41.3771638237
manager,40.1692005793
time,32.7805277949
working,32.4706128513
software,31.9048147565
requirements,30.3909018983
marketing,27.741860593
team,26.5721570237
clients,26.5006206577
environment,26.1259363753
including,25.2889936072
training,23.8550396928
standards,22.6233104238
management,22.4683772677
operations,20.5948409854
develop,18.9704976136
knowledge,17.4511331989
responsible,16.9212284182
qualifications,15.9471109284
industry,14.6694206015
people,14.4355073946
quality,14.3064056481
development,10.9128042734
application,10.4913598164
support,10.3205149345
performance,10.270700834
technical,9.12360809089
systems,8.76929103307
projects,7.60518267609
financial,5.7962942469
solutions,4.58507876905
product,4.29474852842
project,3.41389429381
design,2.05328084543
data,1.73765880456
strong,0.47536051028
