163 offres,tfidf
cash,125.136157097
telephone,110.346734268
desk,107.138664005
housekeeping,100.051152661
faxing,91.1195614233
hotels,90.57089506
cleaning,88.719581215
photocopying,86.4287970414
payments,82.8362518661
transportation,79.2272563074
procedures,70.4935655287
languages,69.7144846924
forms,69.5248254522
switchboard,66.3115304054
claims,64.4291908278
filing,62.4478116573
follow,59.5779829944
public,56.1656130249
change,55.1825283683
bookkeeping,54.909683913
hospitality,47.1803448871
computer,47.0018447546
skills,45.8027461963
bondable,44.7070889059
clean,44.1844238652
service,43.932065084
multi,43.6743773706
travel,41.6403707912
exchange,40.3464716891
dependability,40.0198188454
