163 offres,tfidf
general office equipment,24.9835840235
property management systems,11.2923579572
positive team player,9.3738984894
food safe certified,7.36987614604
pay close attention,5.98359522469
customer service focused,5.36123339848
cash flow forecasting,3.73069556358
going extra mile,3.40618447207
positive employee relations,3.30472683131
high school students,3.21757665559
long term business,3.09017732044
food safe level,3.03495452938
high level initiative,2.93161040636
lift heavy objects,2.92401322461
time management organization,2.86980325638
cash handling experience,2.84399599278
outstanding communication skills,2.80033149172
strong organization skills,2.75722561112
human resource management,2.73069556358
exceptional interpersonal skills,2.66651499019
great customer service,2.55460430453
general office duties,2.51175180461
effective time management,2.50788278586
