customer service,17
hospitality management,14
hospitality industry,14
hospitality,13
hotels,10
event management,10
microsoft office,10
food beverage,9
tourism,9
event planning,8
hotel management,8
restaurants,8
catering,7
banquets,7
public relations,6
revenue analysis,6
restaurant management,6
french,6
leadership,6
office,5
microsoft excel,5
sales,5
resorts,5
budgets,5
marketing,5
team leadership,5
microsoft word,5
strategic planning,4
marketing strategy,4
social media,4
management,4
project management,4
english,4
operations management,3
menu development,3
coaching,3
teamwork,3
yield management,3
business analysis,3
marketing communications,3
food,3
food service,3
business strategy,3
new business development,3
powerpoint,3
outlook,2
account management,2
seo,2
banquet operations,2
team building,2
micros,2
team management,2
meeting planning,2
pre opening,2
customer satisfaction,2
entrepreneurship,2
financial analysis,2
competitive analysis,2
analysis,2
events organisation,2
