18 offres,tfidf
able work independently,3.54260159801
communication interpersonal skills,3.44324512327
quality customer service,2.35655846958
able multi task,2.22454143572
communication presentation skills,2.20206448941
excellent computer skills,2.19968999207
strong interpersonal communication,2.1581681615
positive work environment,2.14922210304
strong analytical skills,2.13757366004
work life balance,1.99711195512
strong/superior customer service,1.98706913801
strong organizational skills,1.83777687244
work team environment,1.82022927082
interpersonal communication skills,1.6666537646
oral written communication,1.64407212472
excellent/strong communication skills,1.53429514078
written verbal communication,1.52247324107
verbal communication skills,1.51506779026
valid driver license,1.42878179381
customer service skills,1.3851403249
ability work independently,1.2700204074
fast paced environment,1.09431912481
