18 offres,tfidf
land surveying,15.359360132
rooms division,15.359360132
land development,9.09517667774
leading people,8.7349179763
business systems,7.34570635394
driver training,6.81236894414
sales representatives,6.75430476856
corrective action,6.27163656794
hospitality management,6.06990905875
job costing,6.04436048268
financial statements,6.00567310435
life safety,5.6044476908
business engineering,5.54578648675
safety compliance,5.54578648675
monthly reporting,5.46784906742
office manager,5.20910425167
succession planning,5.19478652698
safety programs,5.07555446381
business solutions,4.80629487069
project bidding,4.55999933641
business plan,4.49543234124
guest service,4.38435536799
high performance,4.27761373622
accounts receivable,4.0374643955
customer relationships,4.01587960445
technical specs,3.98596806869
strategy creation,3.98596806869
trade management,3.93161040636
sales targets,3.86475497085
customer profitability,3.80033149172
