18 offres,tfidf
food service,13.4453335844
general manager,10.4180125484
career development,5.38803035382
project management,5.00531291879
leadership skills,4.99331603388
presentation skills,4.97195007441
management team,4.8917412321
communication skills,4.8818505324
sales experience,4.51673343585
management experience,4.28514201619
experience working,4.24001254066
customer service,4.14945200055
ability work,3.78433348552
compensation benefits,3.69849500306
technical support,3.63808966118
sales marketing,3.60028541815
policies procedures,3.44652836435
business development,3.26654227193
work effectively,3.20382697578
customer satisfaction,3.20239326603
interpersonal skills,3.06909234077
best practices,2.95928693213
work team,2.65337175054
decision making,2.54585154355
internal external,2.53393686161
organizational skills,2.27056199816
able work,2.16402072032
cross functional,1.78275380999
administrative support,1.77253886189
customer experience,1.75808136407
