management,292
leadership,228
strategic planning,215
project management,206
customer service,198
sales,175
team building,170
team leadership,166
new business development,152
sales management,149
budgets,148
negotiation,136
project planning,135
training,131
account management,131
marketing strategy,129
strategy,125
marketing,124
business development,123
operations management,122
contract negotiation,109
forecasting,107
change management,99
business strategy,99
product development,97
coaching,96
process improvement,92
program management,90
engineering,86
business planning,82
recruiting,78
contract management,77
public speaking,76
inventory management,74
retail,70
sales operations,70
construction,70
time management,65
customer satisfaction,64
manufacturing,62
hotel management,61
analysis,60
cross functional team,59
procurement,59
construction management,58
hospitality industry,57
b2b,57
hotels,57
microsoft office,56
hospitality management,56
key account management,55
crm,54
human resources,54
purchasing,54
office,53
business analysis,53
leadership development,52
rooms division,51
hospitality,51
social media,51
event management,50
pricing,49
product management,48
business process,47
marketing communications,46
food beverage,46
entrepreneurship,46
supply chain management,45
logistics,45
risk management,45
event planning,44
management consulting,44
selling,44
competitive analysis,43
organizational,43
employee relations,43
revenue analysis,42
direct sales,41
integration,41
continuous improvement,40
yield management,40
sales process,40
resorts,39
start ups,39
research,38
pre opening,38
ms project,38
civil engineering,37
p&l management,37
sourcing,37
performance management,37
supply chain,36
social media marketing,36
public relations,36
microsoft excel,36
product marketing,35
project estimation,35
talent acquisition,35
strategic partnerships,35
hiring,35
energy,35
financial analysis,35
solution selling,34
supervisory skills,34
tourism,33
teamwork,33
merchandising,32
property management,32
customer relations,32
sales presentations,31
team management,31
project engineering,31
transportation,31
quality assurance,30
process scheduler,30
restaurants,30
problem solving,30
