18 offres,tfidf
fcl,19.9017677264
plumbing,18.4240342083
corporate,17.7677179083
net,15.8227322766
leadership,15.6843646668
petroleum,15.6563466698
water,15.3663019065
service,14.7848295956
operation,13.4694041805
technology,12.1088174124
lead,11.7270524487
direction,10.7337907385
effective,10.3876257508
plan,10.3802570203
cost,10.1959862945
food,10.1486828044
electrical,10.0382126132
online,9.52645542921
strategic,8.65434360564
10,8.5662349081
coordinate,8.52096452632
engineering,8.05164662503
skills,8.04642838584
operating,7.9159703554
understanding,7.76551863937
strength,7.72746379549
organization,7.59164425757
benefits,7.55928087528
recruiter,7.52137743086
commercial,7.49106221901
