18 offres,tfidf
sales,21.4019812881
develop,16.5991854119
management,16.1772316327
manager,14.877481696
responsible,14.2138318713
business,13.9797943942
team,12.5225107813
performance,11.9824843064
staff,11.9171233004
services,11.0631047287
projects,10.9852638655
customer,10.9336733637
operations,10.7451344272
financial,10.6265394526
industry,9.53512339094
clients,9.35316023213
people,9.11716256503
project,8.53473573452
working,8.325798167
support,8.02706717124
quality,7.86852310648
application,7.86851986231
development,7.7031559577
work,7.49354921253
solutions,7.33612603049
safety,7.10426380284
process,5.90827744748
standards,5.86530270247
including,5.83592160165
knowledge,5.67161828965
marketing,5.33497319096
technical,4.97651350412
training,4.65464189128
environment,4.22625441365
systems,3.98604137867
requirements,3.85916214582
qualifications,3.18942218569
reports,3.13420965029
education,2.94943360171
software,2.7346984077
security,2.08626714983
time,2.04878298718
maintenance,1.79052673579
data,1.73765880456
product,1.71789941137
maintain,1.25835521667
information,1.02720346692
design,1.02664042271
equipment,0.737291994172
strong,0.47536051028
