18 offres,tfidf
assurance,58.1158341863
gmp,50.7566752593
validation,38.0451154354
review,34.5218329765
qa,32.4895776767
pharmaceutical,32.2383315455
compliance,24.5278291855
laboratory,24.0407441631
capa,23.0911552733
sops,22.6942010169
protocols,21.4367485654
documentation,19.4554095918
audits,18.8130018144
testing,18.6353068979
analytical,18.4638887527
manufacturing,18.1723240302
glp,17.1483278396
control,16.5857695149
science,14.7770883073
associate,13.5778845337
specifications,13.3179152681
procedures,12.614638042
investigation,12.1123931865
chemistry,11.58791076
verification,11.433492729
regulatory,11.003205473
oos,10.8917412321
skills,10.315933828
calibration,9.91604915801
medical,9.38016419537
