18 offres,tfidf
change control,18.6366057159
quality management,13.8428778326
regulatory requirements,10.6191834469
assistant manager,9.39925852376
qa qc,8.53198797834
protocol development,8.09623195087
equipment qualification,7.91587869017
document management,7.73658166132
process validation,7.46139112716
work independently,7.42242629726
process capability,7.2611608214
product quality,7.07171594706
analytical methods,6.96163618073
requirement specifications,6.82774260147
technical operations,6.5739961287
high performance,6.41642060432
work permits,6.12337756525
approval process,5.80397587951
effective communications,5.70485832063
verbal communication,5.6801663224
pharmaceutical industry,5.57096474137
technical services,5.2459664579
internal audit,5.23846780156
business applications,5.19478652698
database management,4.84814400282
development teams,4.8093265979
policy procedures,4.76204477824
infrared spectroscopy,4.68493807302
test cases,4.5939107062
gas chromatography,4.31696128773
