quality assurance,73
gmp,52
sop,47
validation,39
fda,38
capa,37
quality,34
pharmaceutical industry,34
change control,30
quality control,30
glp,30
regulatory affairs,28
customer service,24
21 cfr 11,21
quality auditing,21
microsoft office,20
gxp,19
v&v,19
project management,19
training,19
manufacturing,18
hplc,18
biotechnology,17
process improvement,17
lims,16
software documentation,16
regulatory requirements,16
laboratory,15
continuous improvement,15
microsoft excel,14
leadership,14
microsoft word,14
analytical chemistry,13
research,13
quality management,13
time management,12
chemistry,11
trackwise,10
pharmaceutics,10
change management,10
auditing,10
management,10
team leadership,10
cleaning validation,10
medical devices,10
technology transfer,10
analysis,10
clinical trials,9
gcp,9
teamwork,9
product development,9
computer,9
powerpoint,9
team building,8
microbiology,8
root cause analysis,8
regulatory submissions,8
cross functional team,8
