18 offres,tfidf
quality,55.0796617454
standards,17.5959081074
process,15.0989312547
reports,11.7532861886
support,11.4672388161
product,11.1663461739
staff,10.4274828878
data,10.4259528274
systems,9.5664993088
training,9.30928378257
knowledge,7.85300993952
requirements,7.71832429164
manager,7.43874084802
services,6.76078622308
development,6.41929663142
education,6.39043947036
maintain,6.29177608334
software,5.4693968154
clients,5.45601013541
working,4.9954789002
management,4.9430429989
responsible,4.73794395711
environment,4.61045936035
equipment,4.42375196503
performance,4.27945868084
projects,4.22510148671
qualifications,4.10068566731
team,3.97055219894
including,3.8906144011
solutions,3.66806301524
industry,3.66735515036
information,3.59521213421
project,3.41389429381
work,3.12231217189
customer,2.98191091737
operations,2.68628360679
maintenance,2.68579010368
people,2.27929064126
time,2.04878298718
technical,1.65883783471
business,1.61305319933
develop,1.58087480113
safety,1.42085276057
application,0.874279984701
strong,0.47536051028
