18 offres,tfidf
standard operating procedures,10.926254952
analytical problem solving,7.05856314156
written verbal communication,6.08989296427
verbal communication skills,6.06027116106
decision making skills,5.88855854574
problem solving skills,5.21096345058
ability work independently,5.0800816296
able work independently,3.54260159801
interpersonal communication skills,3.33330752919
root cause analysis,2.44689196989
key performance indicators,2.26060100635
excellent computer skills,2.19968999207
strong analytical skills,2.13757366004
strong problem solving,2.01099607439
excellent organizational skills,1.97993011369
written oral communication,1.88284881514
ability work pressure,1.87403379235
strong interpersonal skills,1.85778427726
organizational time management,1.84295326843
communication interpersonal skills,1.72162256164
ability work team,1.71258092855
oral written communication,1.64407212472
excellent/strong communication skills,1.53429514078
excellent customer service,1.50596112573
verbal written communication,1.41847117758
time management skills,1.41534730522
