18 offres,tfidf
quality assurance,57.075845375
quality control,14.1930868861
communication skills,10.3739323813
decision making,7.63755463065
problem solving,7.22603590811
able work,5.41005180081
employment equity,5.13220055776
interpersonal skills,5.11515390128
continuous improvement,4.92041124857
written verbal,4.90782122636
verbal written,4.63043589901
ability work,4.54120018262
organizational skills,4.54112399633
best practices,4.43893039819
internal external,3.80090529242
human rights,3.66695175605
computer skills,3.58648573093
training experience,3.28999090852
additional information,3.17628777464
work team,2.65337175054
working knowledge,2.53926156159
human resources,2.50704139114
policies procedures,2.29768557623
food service,1.92076194063
business requirements,1.88330572679
compensation benefits,1.84924750153
client service,1.78712777376
project manager,1.7777059136
education training,1.73717769111
meet deadlines,1.67379071225
