17 offres,tfidf
office suite,6.52181078323
driver license,4.57893509272
secondary education,4.15847324655
self motivated,4.08485161921
working knowledge,3.80889234239
technical support,3.63808966118
computer skills,3.58648573093
product knowledge,3.57242578286
customer service,3.45787666713
team player,3.35503040904
communication skills,3.05115658275
oral communication,2.90965981683
fast paced,1.77055188608
highly motivated,1.75534886913
experience sales,1.75246430834
presentation skills,1.65731669147
business development,1.63327113597
management team,1.6305804107
ability work,1.51373339421
sales experience,1.50557781195
verbal written,1.15760897475
able work,1.08201036016
experience working,1.06000313517
interpersonal skills,1.02303078026
problem solving,0.903254488514
