17 offres,tfidf
ontario building code,6.72543755658
new custom homes,4.68493807302
sage business vision,4.55999933641
power point presentation,4.16205932774
high rise residential,3.57099472071
computer aided design,3.32955041503
able meet deadlines,2.97172762957
high energy level,2.92906321735
strong organization skills,2.75722561112
customer service focused,2.68061669924
strong presentation skills,2.65555429534
general office duties,2.51175180461
team building skills,2.50692089293
