17 offres,tfidf
specification,27.7937964256
designer,24.9469822152
autocad,21.1245371515
drawings,18.7750024545
structural,13.2181076125
construction,9.86562235327
residential,9.74317649635
specifications,7.99074916085
outgoing,7.71639651618
building,7.60046616183
vancouver,6.86521500474
sketchup,6.5739961287
glazing,6.56249147092
communicate,6.47883080655
wood,6.39559362715
premier,6.24646458022
motivated,6.22103034855
sketch,6.06990905875
ipad,5.87350009203
selling,5.58824691383
architecture,5.42558330599
flooring,5.37277627883
oral,5.14244243564
influence,5.02858799443
visual,4.90135665172
resume,4.89797694407
presentation,4.88199283002
coordinate,4.86912258647
accounts,4.85536813673
proficient,1.27692436168
