17 offres,tfidf
oral written communication,4.93221637415
valid driver license,4.28634538143
sales customer service,3.99839266884
organization time management,2.37459885322
communication presentation skills,2.20206448941
excellent computer skills,2.19968999207
work minimal supervision,1.88928974119
written oral communication,1.88284881514
strong interpersonal skills,1.85778427726
strong work ethic,1.81355975746
exceptional customer service,1.68047339137
work fast paced,1.57818072924
verbal written communication,1.41847117758
problem solving skills,1.30274086264
ability work independently,1.2700204074
fast paced environment,1.09431912481
