17 offres,tfidf
architectural design,47.8339721121
forest products,13.1401661084
design drawings,8.93210369077
slide shows,8.92617864681
action oriented,8.05047849644
sales coordination,7.86322081273
interior designer,7.01769362793
industrial buildings,6.99860299212
formal presentations,6.76781615472
working drawings,6.5179386815
technical knowledge,6.04686357737
interior design,5.37860575685
building materials,5.34984190453
project coordinator,5.20191588818
project coordination,5.0693869423
sales strategies,4.97992293961
staff management,4.95982850273
residential architecture,4.68493807302
model homes,4.68493807302
timber frame,4.55999933641
written communication,4.54816142183
sales support,4.45411235258
intelligent systems,4.25896934075
permit drawings,4.2078168183
construction detailing,4.2078168183
design development,4.19595178356
oral written,4.14803794875
kitchen design,3.81963664692
custom design,3.81963664692
good listener,3.13675346248
