17 offres,tfidf
design,23.6127297224
sales,16.4081856542
project,7.68126216107
knowledge,7.41673160955
develop,6.32349920452
product,6.01264793979
customer,5.96382183473
team,5.80311475229
clients,5.45601013541
education,5.40729493646
including,5.34959480152
projects,5.07012178406
solutions,4.58507876905
information,4.10881386767
qualifications,4.10068566731
development,3.85157797885
people,3.79881773543
working,3.74660917515
industry,3.66735515036
software,3.6462645436
quality,3.57660141204
requirements,3.37676687759
work,3.12231217189
responsible,2.70739654692
management,2.69620527212
business,2.68842199889
process,2.62590108777
maintain,2.51671043334
technical,2.48825675206
systems,2.3916248272
time,2.39024681838
support,2.29344776321
training,1.74549070923
performance,1.71178347234
reports,1.56710482515
environment,1.53681978678
marketing,1.06699463819
maintenance,0.895263367895
data,0.868829402282
standards,0.837900386067
manager,0.743874084802
services,0.614616929371
strong,0.47536051028
