architecture,491
architectural design,471
autocad,463
project management,376
sketchup,359
software development,324
design research,318
revit,316
photoshop,300
architectural drawings,294
sustainable design,293
integration,285
construction drawings,283
interior design,280
construction,275
microsoft office,245
autocad architecture,238
agile methodologies,232
architectures,229
residential design,228
sql,224
java,209
submittals,208
xml,206
management,206
solution architecture,199
space planning,197
urban design,197
sdlc,192
project planning,189
databases,186
enterprise architecture,182
requirements analysis,180
sketching,178
rendering,176
microsoft sql server,173
web services,173
construction management,171
illustrator,169
soa,169
oracle,167
indesign,165
cad,165
strategy,159
javascript,156
bim,147
mixed use,147
c#,146
linux,142
3d studio max,141
business analysis,141
drawing,140
interior architecture,139
team leadership,137
renovation,136
software design,134
graphic design,134
unix,134
adobe creative suite,132
comprehensive planning,132
leadership,130
green building,129
html,127
web applications,126
c++,126
net,125
business intelligence,125
cloud computing,124
uml,123
security,120
software project,120
scrum,120
concept design,119
enterprise software,118
software engineering,118
strategic planning,111
java enterprise edition,108
testing,104
urban planning,104
mysql,100
telecommunications,100
virtualization,99
leed,98
itil,97
photography,96
residential homes,94
business process,93
project coordination,93
disaster recovery,93
visual studio,92
rhino,89
sustainability,87
design patterns,87
eclipse,86
ms project,86
database design,85
css,85
windows,85
customer service,83
microsoft excel,83
sharepoint,83
3d visualization,82
powerpoint,82
data center,82
crm,81
leed ap,81
web development,80
asp net,80
model making,80
jquery,78
requirements gathering,77
networking,75
tcp ip,75
program management,75
data modeling,73
vmware,72
php,72
object oriented design,71
network security,70
change management,70
vray,70
3d rendering,69
service management,69
research,68
soap,68
microsoft word,67
ajax,66
feasibility studies,64
pmp,64
firewalls,64
pl sql,63
web design,63
spring,62
programming,62
building codes,62
mobile applications,62
voip,61
3d modeling,61
data warehousing,61
contract negotiation,61
design management,60
sustainable architecture,60
oop,60
contract management,60
furniture,59
windows server,59
servers,58
troubleshooting,58
engineering,57
business development,56
hibernate,55
software documentation,55
embedded systems,55
archicad,54
vendor management,54
site planning,54
product management,54
network architecture,54
consulting,53
subversion,53
budgets,53
marketing,52
social media,52
analysis,52
rest,51
team building,51
application architecture,51
db2,50
pre sales,50
cisco technologies,50
product development,50
mobile devices,50
etl,50
infrastructure,50
