18 offres,tfidf
communications,86.4767245535
media,45.6467336974
web,29.8427912242
strategic,25.9630308169
public,21.1945709528
journalism,19.4437645004
cna,18.7354298989
sharepoint,16.8810832936
strategy,16.4722820898
advisor,16.3802847569
digital,16.2110451882
brochures,14.9121943087
arts,14.1376890314
communication,14.1287188633
materials,13.8768300412
stakeholder,13.7844924879
strategies,13.396601531
corporate,13.3257884312
fcl,13.2678451509
social,12.9075232276
speeches,12.7557258966
advertising,12.7388386887
government,11.3122114689
planning,11.1829461842
websites,10.5797727025
ii,10.0351354948
organizational,10.0323703129
presentations,9.70004992685
intranet,9.5648292644
events,9.5188519149
