strategic communications,769
public relations,681
media relations,653
corporate communications,629
internal communications,597
social media,593
marketing communications,511
editing,501
communications planning,478
press releases,423
crisis communications,408
speech writing,399
event planning,369
event management,350
public speaking,336
marketing,325
newsletters,317
research,290
strategic planning,282
project management,282
leadership,273
social media marketing,254
writing,245
copywriting,235
strategy,234
advertising,219
government,212
management,209
stakeholder engagement,195
marketing strategy,194
blogging,191
community development,191
web content,190
copy editing,168
nonprofits,155
public policy,151
public affairs,149
social networking,145
journalism,143
policy,142
fundraising,137
microsoft office,131
reputation management,129
community outreach,127
program management,121
publications,120
project planning,115
policy analysis,112
creative writing,109
proposal writing,102
politics,102
customer service,99
online marketing,95
french,93
change management,92
team leadership,90
corporate social,89
community engagement,87
training,86
international relations,85
publicity,85
crisis management,83
web content management,83
integrated marketing,80
digital marketing,78
time management,78
facebook,77
