18 offres,tfidf
organizational time management,3.68590653686
time management skills,2.83069461045
problem solving skills,2.60548172529
ability problem solve,2.42327876926
customer service orientation,2.37036867872
positive work environment,2.14922210304
strong computer skills,1.89653399252
excellent interpersonal skills,1.85094148508
strong organizational skills,1.83777687244
strong work ethic,1.81355975746
oral written communication,1.64407212472
ability multi task,1.57166338056
excellent customer service,1.50596112573
verbal written communication,1.41847117758
ability work independently,1.2700204074
fast paced environment,1.09431912481
