18 offres,tfidf
internal external communications,22.0742140919
social media relations,9.11999867283
social media platforms,7.9266940019
web content management,6.47556008336
search engine optimization,5.96043147959
adobe creative suite,5.13533355473
critical thinking skills,5.00428625534
strategic communications counsel,4.55999933641
marketing communications planning,4.25896934075
strategic communications planning,4.12066664258
corporate social media,3.95793934509
canadian press style,3.95793934509
building effective relationships,3.48996146981
social media management,3.27556860257
social media strategy,3.19357637919
research analytical skills,3.1051544764
strong communications skills,2.96615967533
superior interpersonal skills,2.91163932543
social media marketing,2.87202471638
motivated team player,2.6370145207
