18 offres,tfidf
project,19.6298921894
projects,13.5203247575
management,12.5822912699
information,11.8128398696
team,10.9953753201
support,10.3205149345
develop,10.2756862073
business,9.67831919599
knowledge,9.59812325941
qualifications,9.11263481625
application,8.74279984701
clients,8.57373021279
marketing,8.53595710554
development,8.34508562084
solutions,8.2531417843
process,7.8777032633
design,7.18648295899
including,6.80857520193
education,6.39043947036
working,6.24434862525
work,6.08850873518
standards,5.86530270247
environment,5.76307420043
manager,5.20711859361
technical,4.97651350412
services,4.91693543497
responsible,4.73794395711
industry,4.40082618044
time,4.09756597436
maintain,3.77506565
staff,3.72410103137
software,3.6462645436
reports,3.13420965029
people,3.03905418834
training,2.90915118205
quality,2.86128112963
safety,2.84170552114
performance,2.56767520851
financial,1.9320980823
requirements,1.92958107291
systems,1.59441655147
customer,1.49095545868
security,1.04313357492
data,0.868829402282
strong,0.47536051028
