18 offres,tfidf
internal external,22.8054317545
best practices,19.2353650588
social media,15.1566331634
project management,7.50796937819
management team,4.8917412321
management experience,4.28514201619
ability work,3.78433348552
change management,3.72597613543
highly motivated,3.51069773826
verbal written,3.47282692426
organizational skills,3.40584299725
presentation skills,3.31463338294
able work,3.24603108049
job posting,3.17582452718
self starter,3.11458688607
communication skills,3.05115658275
work team,2.65337175054
health safety,2.56615640869
human resources,2.50704139114
written verbal,2.45391061318
customer service,2.07472600028
interpersonal skills,2.04606156051
human rights,1.83347587803
problem solving,1.80650897703
client service,1.78712777376
high degree,1.77788518893
project manager,1.7777059136
computer applications,1.77342535839
fast paced,1.77055188608
business administration,1.7209929211
