18 offres,tfidf
corporate communications,49.4565070449
public relations,44.0260718733
marketing communications,35.8876997658
fine arts,33.2787263664
communications marketing,32.6349547041
internal communications,25.6910696085
community relations,21.1115190444
public affairs,19.1335888448
media relations,17.0020783458
communications strategy,13.1949458705
digital communications,13.0142972355
visual identity,11.0120929017
digital communication,10.9707280483
change communication,10.781572811
web content,10.7630704667
public engagement,10.5857726165
writing editing,10.1676930911
emergency response,10.039251947
strategic counsel,8.92617864681
lead development,7.686528767
marketing plans,7.4424542711
security clearance,7.42855266336
community investment,7.36987614604
web presence,7.14198944143
web standards,6.99860299212
media coverage,6.85933113584
business plan,6.74314851187
news releases,6.59747293524
communication marketing,6.56249147092
open houses,6.55113720514
