61 offres,tfidf
project management skills,17.5035480489
verbal written communication,8.51082706549
ability work independently,5.0800816296
fast paced environment,4.37727649926
time management skills,4.24604191567
occupational health safety,3.90831159471
problem solving skills,3.90822258793
able work independently,3.54260159801
interpersonal communication skills,3.33330752919
customer service skills,2.7702806498
strong leadership skills,2.34185786826
problem solving abilities,2.28699806435
strong team player,2.27556860257
work life balance,1.99711195512
excellent time management,1.99503753195
decision making skills,1.96285284858
exceptional/outstanding/strong customer service,1.95648964684
excellent/strong interpersonal skills,1.85436288117
strong organizational skills,1.83777687244
work team environment,1.82022927082
job task planning,1.79882352326
analytical problem solving,1.76464078539
communication interpersonal skills,1.72162256164
ability work team,1.71258092855
oral written communication,1.64407212472
excellent/good communication skills,1.64319822993
