61 offres,tfidf
community economic development,24.0955877524
health technology assessment,17.035877363
research analytical skills,12.4206179056
research data analysis,11.0989839895
participatory action research,9.72205866415
international trade agreements,9.36987614604
corporate social responsibility,5.13976514069
creative problem solving,5.02350360922
small business development,4.55999933641
health services research,3.93161040636
strong research skills,3.65690934942
physical demands analysis,3.58227573112
public private sectors,3.46308932341
business intelligence tools,3.37672949273
business process analysis,3.25896934075
high stress environment,3.18893147414
excellent/strong writing skills,3.1692113979
organizational project management,3.01904452749
excellent/strong presentation skills,2.71158097113
great communication skills,2.66237224512
customer relationship management,2.52257283847
cross functional team,2.52157789077
exceptional communication skills,2.51272446903
effective time management,2.50788278586
