61 offres,tfidf
economic development,203.709816179
health economics,155.707641643
market access,94.3506938708
outcomes research,37.8184808603
maintenance engineering,25.3666660164
regional development,20.0796564603
policy development,19.4226865098
economic growth,18.8205965953
economic analysis,17.8549736036
business management,17.3666660164
agricultural economics,16.8312672732
rural development,16.8312672732
tax policy,16.648237311
management skills,14.1705022841
graduate students,14.0493840481
pharmaceutical industry,13.9274118534
information systems,13.6342180122
management consulting,13.5437049385
stress testing,13.2432039161
international trade,12.7930860016
international health,12.6234504549
research assistant,12.5801039538
capacity development,12.1443479263
economic capital,11.7203604679
land use,11.7061235233
environmental design,11.6499171804
recruitment selection,11.6004142178
literature review,11.3455442581
community consultation,11.3455442581
credit risk,11.2550178588
