61 offres,tfidf
project management,17.5185952158
communication skills,15.8660142303
human rights,14.6678070242
health care,12.2424900268
human resources,11.2816862601
risk management,11.005751027
business administration,10.3259575266
organizational skills,9.08224799265
internal external,8.86877901565
written verbal,8.58868714613
verbal written,8.10326282326
decision making,7.63755463065
computer applications,7.09370143356
high level,6.65895763404
interpersonal skills,6.13818468153
best practices,5.91857386426
team player,5.5917173484
secondary education,5.5446309954
cross functional,5.34826142997
experience working,5.30001567583
ability work,5.29806687973
employment equity,5.13220055776
meet deadlines,5.02137213674
year experience,4.995389039
leadership skills,4.99331603388
business development,4.8998134079
analytical skills,4.67155667157
work pressure,4.20740105729
health safety,3.84923461304
problem solving,3.61301795406
