61 offres,tfidf
economics,144.510880621
research,80.6915154052
government,52.3189780436
policy,48.9627432846
health,46.357459655
teaching,44.4084666128
hta,44.1822073443
analysis,43.2677338703
epidemiology,43.0597929589
planning,41.2908782187
ontario,40.2011001032
provincial,37.3994267979
assessment,35.9534160977
impact,34.722123119
oncology,34.2036656002
strategies,34.1004402608
public,33.9113135245
alberta,33.2669742628
evidence,33.1161810216
statistics,31.9504326527
environmental,31.8783115335
entrepreneurship,30.9086449059
international,28.2580023555
pharmaceutical,27.9398873395
pricing,27.4700783102
macroeconomics,25.2469009098
act,22.1812512055
collaboration,22.0952548307
diversity,21.9636036219
lead,21.4995961559
