61 offres,tfidf
develop,44.2644944317
development,38.5157797885
projects,35.4908524884
business,34.9494859855
support,30.9615448034
data,29.5401996776
project,26.457680777
knowledge,25.3041431384
services,24.5846771748
management,22.9177448131
including,22.8573596065
information,22.5984762722
reports,19.5888103143
financial,19.320980823
process,19.0377828863
qualifications,16.8583744101
marketing,16.0049195729
industry,15.4028916315
education,15.2387402755
time,15.0244085727
team,14.6605004268
work,13.8942891649
working,13.7375669755
requirements,13.5070675104
staff,13.4067637129
design,13.3463254953
manager,12.6458594416
application,12.2399197858
responsible,11.5064353244
people,11.3964532063
clients,10.1325902515
technical,9.12360809089
maintenance,8.95263367895
environment,8.4525088273
solutions,8.2531417843
training,8.14562330975
maintain,7.55013130001
quality,7.15320282407
customer,5.96382183473
systems,5.58045793013
software,5.4693968154
security,5.21566787458
performance,5.13535041701
sales,3.56699688135
safety,3.55213190142
product,2.57684911705
standards,1.67580077213
equipment,1.47458398834
operations,0.895427868931
strong,0.47536051028
