economics,357
research,311
policy analysis,289
analysis,249
data analysis,240
policy,225
public policy,222
strategic planning,213
government,175
project management,169
econometrics,168
statistics,165
leadership,163
strategy,159
management,147
public speaking,136
financial analysis,134
economic development,124
qualitative research,122
economic research,120
microsoft excel,118
business strategy,117
microsoft office,114
stata,113
project planning,106
macroeconomics,104
report writing,104
international relations,101
program management,93
risk management,90
financial modeling,89
finance,88
program evaluation,87
management consulting,85
strategic communications,83
team leadership,76
international,75
business analysis,75
customer service,74
forecasting,74
change management,73
market research,71
quantitative analytics,69
budgets,69
proposal writing,68
nonprofits,66
business planning,65
powerpoint,64
negotiation,64
governance,64
teamwork,64
economic policy,64
quantitative research,63
public relations,62
sustainability,62
french,61
business development,60
social media,60
marketing,59
investments,59
politics,58
entrepreneurship,58
teaching,56
economic modeling,52
english,52
time management,50
portfolio management,50
training,46
community development,46
spss,45
stakeholder engagement,44
corporate finance,44
marketing strategy,44
sustainable development,44
non profits,42
eviews,42
capital markets,40
public administration,40
energy,40
editing,40
valuation,40
team building,39
fundraising,39
sas,39
microsoft word,39
writing,38
organizational,38
banking,37
accounting,37
microeconomics,36
statistical modeling,36
international economics,36
