manufacturing,583
continuous improvement,559
lean manufacturing,510
operations management,415
process improvement,385
management,380
project management,328
engineering,309
strategic planning,304
leadership,304
sigma,300
supply chain management,299
5s,284
product development,273
kaizen,247
supply chain,242
change management,232
team building,230
process engineering,228
project planning,215
cross functional team,192
root cause analysis,191
budgets,187
quality management,182
negotiation,181
purchasing,177
value stream mapping,174
logistics,166
iso,164
team leadership,158
procurement,148
inventory management,145
production planning,143
operational excellence,130
customer service,130
business strategy,128
factory,126
contract negotiation,125
quality assurance,123
quality,122
automotive,117
strategy,116
new business development,115
program management,101
training,101
microsoft office,101
coaching,98
forecasting,97
tpm,96
spc,93
sales management,93
business process,93
kanban,91
manufacturing operations,88
fmea,88
plant management,86
haccp,86
maintenance management,84
project engineering,83
sales,82
business development,81
contract management,80
materials management,80
food industry,78
toyota production,78
materials,77
business planning,73
problem solving,72
food safety,72
mrp,71
construction,70
sap,69
commissioning,66
analysis,66
industrial engineering,64
microsoft excel,63
energy,62
food,61
gmp,61
dmaic,59
engineering management,59
