80 offres,tfidf
key performance indicators,18.0848080508
standard operating procedures,10.926254952
verbal written communication,9.92929824307
decision making skills,7.85141139432
fast paced environment,7.6602338737
safe work practices,6.82332608222
problem solving skills,5.21096345058
oral written communication,4.93221637415
problem solving ability,4.7957663907
word processing software,4.78388806591
conflict resolution skills,4.74073735744
valid driver license,4.28634538143
time management skills,4.24604191567
ability work pressure,3.74806758471
able work independently,3.54260159801
work fast paced,3.15636145849
ability multi task,3.14332676111
supply chain management,2.48903842061
strong business acumen,2.42486668504
strong leadership skills,2.34185786826
excellent/proficient/strong computer skills,2.18442511767
strong problem solving,2.01099607439
excellent/strong interpersonal skills,1.85436288117
excellent/good/strong communication skills,1.65231800712
excellent customer service,1.50596112573
