80 offres,tfidf
people management skills,10.9883439191
leadership team building,9.42261008601
hazardous waste management,8.4156336366
business operations management,7.97193613737
new product introduction,6.99860299212
proven leadership skills,5.63141270658
service level agreements,5.11566654931
cross functional team,5.04315578154
leading large teams,4.55999933641
capital project planning,4.2078168183
analytical problem solver,4.01593129206
sound analytical skills,3.86102933208
sigma green belt,3.81963664692
excellent problem solver,3.73069556358
continuous improvement culture,3.67069763391
team building leadership,3.64354538786
new employee orientation,3.45448915164
canadian electrical code,3.45448915164
high level organization,3.44605598411
great people skills,3.33598452504
excellent/exceptional leadership skills,3.3156358681
positive employee relations,3.30472683131
project management training,3.29873646762
customer service operations,3.29282760801
continuous process improvement,3.21757665559
high quality standards,3.17528759347
solid computer skills,3.11673634895
training new employees,3.06863764258
joint health safety,3.00369683565
