80 offres,tfidf
safety,103.722251521
quality,87.2690744537
performance,83.8773901445
management,73.2469098927
operations,68.0525180388
manager,63.9731712929
responsible,58.2090257588
develop,52.1688684373
staff,51.3925942329
maintenance,49.2394852342
equipment,48.6612716154
business,46.2408583808
standards,44.4087204615
environment,38.8046996162
process,36.7626152288
requirements,34.2500640442
reports,31.3420965029
product,30.9221894046
technical,30.6884999421
financial,29.9475202756
industry,29.3388412029
systems,28.6994979264
training,26.7641908749
knowledge,26.6129781284
maintain,26.42545955
people,25.8319606009
including,25.2889936072
development,25.0352568625
team,24.7395944703
customer,24.3522724918
working,22.8959449592
time,21.1707575342
work,18.2655262055
qualifications,17.7696378917
education,17.2050293433
information,15.9216537372
support,14.3340485201
project,11.0951564549
software,10.9387936308
sales,10.7009906441
application,10.4913598164
projects,10.1402435681
solutions,10.0871732919
design,9.23976380442
data,7.81946462054
security,7.30193502441
marketing,6.40196782916
services,4.91693543497
clients,3.89715009672
strong,0.47536051028
