80 offres,tfidf
plant operations,68.4073312005
lean manufacturing,44.6765647686
product quality,33.0013410863
production management,32.4193702766
lean sigma,31.7163629947
food safety,28.7489202561
equipment maintenance,28.54644764
production schedules,28.1375446469
operations management,26.6386630207
food manufacturing,24.5618103318
manufacturing processes,19.137471736
daily operations,19.1288738914
corrective action,18.8149097038
production operations,18.3495336407
key performance,17.0130367165
corrective actions,16.223075064
cost reduction,16.1009569929
capital projects,15.7605912462
time delivery,15.5985987797
operations manager,15.3912067145
financial performance,15.3665185923
lean tools,15.0564772763
facility operations,15.0488549168
raw materials,14.8152744508
regulatory compliance,14.7474528654
production planning,14.6708631156
customer focus,14.5675059658
process improvement,14.3019350244
business engineering,13.8644662169
strong leadership,1.90174938195
