80 offres,tfidf
continuous improvement,59.0449349829
health safety,35.9261897217
management experience,29.9959941133
policies procedures,29.869912491
quality control,21.2896303292
supply chain,19.2830196478
computer skills,17.9324286547
best practices,17.7557215928
human resources,15.0422483468
leadership skills,14.9799481016
problem solving,14.4520718162
verbal written,13.891307697
project management,13.7646105267
management team,13.0446432856
communication skills,12.8148576475
interpersonal skills,11.2533385828
customer service,11.0652053348
high degree,10.6673111336
quality assurance,10.3774264318
customer satisfaction,9.60717979808
sales marketing,9.00071354536
decision making,8.91048040242
fast paced,8.85275943041
skills abilities,8.20668277212
organizational skills,7.94696699357
secondary education,6.93078874425
business administration,6.88397168441
employment equity,6.84293407701
working knowledge,6.34815390398
food beverage,5.73858291105
