80 offres,tfidf
plant,342.095743862
production,212.123855541
manufacturing,198.597541187
engineering,73.6150548574
operational,67.364232272
leadership,60.8922392947
efficiency,52.5891828184
procedures,48.9744771042
cost,48.4309348988
control,44.5742555713
policies,44.4216560734
processes,44.302087001
implement,43.0784074067
lead,42.9991923118
plan,40.656006663
operation,40.4082125416
productivity,38.9809996327
managing,38.8050315052
budgets,38.7903026575
budget,38.4871824467
inventory,37.4167880391
direction,35.7793024616
operating,35.0564401453
environmental,34.9143412033
safe,34.7241985336
staffing,34.0733936712
effective,32.894148211
culture,32.8452914061
compliance,32.3321384718
review,31.3834845241
