22 offres,tfidf
daily operations,36.1323173504
safety regulations,35.5518087033
performance reviews,28.771048368
marketing plans,22.3273628133
point sale,17.2344923979
train staff,16.1288684412
cash register,12.5721646639
service oriented,12.546009274
client focus,11.8574038088
assistant manager,9.39925852376
technical training,7.95083492105
computer use,7.622328486
ms windows,7.60101119307
security clearance,7.42855266336
hindi punjabi,7.05718174432
written communication,6.82224213275
document use,5.8504147303
disability benefits,5.76205192099
internet browser,5.35267580252
whmis certificate,5.2434597059
spreadsheet software,5.15094404614
planning organizing,5.06309205513
hazardous materials,4.90388392526
finding information,3.86834524626
cash reconciliation,3.3912073161
administrative management,3.3425153922
staff supervision,3.13267555006
restaurant management,2.80412448074
fast food,2.66929893871
vision care,2.59503296158
