customer service,11
leadership,10
hospitality,8
management,7
training,7
restaurants,7
hiring,6
recruiting,6
hospitality management,5
human resources,5
sales,5
hospitality industry,5
restaurant management,5
food,5
team leadership,5
inventory management,5
event management,5
food service,5
time management,4
customer satisfaction,4
marketing,4
project management,4
employee relations,3
cuisine,3
new restaurant openings,3
coaching,3
food beverage,3
process scheduler,3
catering,3
event planning,3
succession planning,3
wine,3
microsoft office,3
food quality,2
food preparation,2
public speaking,2
project planning,2
strategic planning,2
hris,2
hr policies,2
performance management,2
account management,2
strategy,2
higher education,2
cooking,2
menu development,2
market research,2
sales management,2
policy,2
hotels,2
budgets,2
pre opening,2
data analysis,2
social media,2
payroll,2
employee engagement,2
sustainability,2
talent management,2
bartending,2
customer retention,2
entrepreneurship,2
social networking,2
servsafe,2
sanitation,2
program development,2
analysis,2
banquets,2
rooms division,2
fine dining,2
food safety,2
culinary skills,2
workforce planning,2
personnel management,2
employee training,2
