22 offres,tfidf
staff,42.4547517576
performance,13.6942677787
customer,13.4185991281
people,12.9159803005
work,11.2403238188
information,10.7856364026
services,10.4484877993
education,9.33987307207
reports,8.6190765383
security,8.34506859932
equipment,8.11021193589
clients,7.0148701741
environment,6.53148409382
safety,6.39383742256
business,5.91452839755
develop,4.74262440339
maintain,4.40424325834
working,3.74660917515
team,2.74884383003
management,2.24683772677
time,1.70731915598
requirements,1.44718580468
development,1.28385932628
training,1.16366047282
operations,0.895427868931
knowledge,0.872556659946
standards,0.837900386067
industry,0.733471030073
quality,0.715320282407
sales,0.71339937627
support,0.573361940803
including,0.486326800138
strong,0.47536051028
