22 offres,tfidf
health safety,21.8123294739
computer applications,19.5076789423
work pressure,18.2320712482
customer service,13.1399313351
essential skills,12.5759847755
fast paced,12.3938632026
reading text,10.4825158786
continuous learning,10.1139750061
experience year,9.40202542789
oral communication,8.72897945048
team player,6.71006081808
critical thinking,6.43173498491
interpersonal skills,6.13818468153
problem solving,5.41952693109
decision making,5.0917030871
food beverage,3.8257219407
year experience,3.33025935934
management team,1.6305804107
work effectively,1.60191348789
internal external,1.26696843081
verbal written,1.15760897475
able work,1.08201036016
ability work,0.756866697104
