22 offres,tfidf
cash,29.9238636536
organize,29.6369799462
control,25.915264867
implement,23.9324485593
ms,23.5679927954
languages,22.4504272738
schedules,20.4163208348
catering,18.6845005991
food,18.0421027635
responsibility,17.9563942937
inventory,17.6079002537
000,17.5854228011
forms,17.381206363
suppliers,17.2552873399
operational,16.5456009089
procedures,15.5827881695
pressure,15.1475682703
urban,15.0391243955
transportation,14.9889403825
plan,14.7053641122
physical,13.6281622475
location,13.6262080126
health,13.3572341379
fast,12.083904889
dependability,12.0059456536
implementation,10.4343751328
alberta,10.1247312974
attention,9.55663706834
certificate,9.55503283642
budgets,9.30967263779
