16 offres,tfidf
business development,13.0661690877
health safety,8.98154743043
project management,8.75929760788
presentation skills,4.97195007441
working knowledge,3.80889234239
communication skills,3.6613878993
driver license,3.43420131954
employment equity,3.4214670385
new business,3.27923018847
additional information,3.17628777464
computer skills,2.39099048729
verbal written,2.3152179495
able work,2.16402072032
client service,1.78712777376
project manager,1.7777059136
analytical skills,1.55718555719
work team,1.32668587527
decision making,1.27292577177
written verbal,1.22695530659
policies procedures,1.14884278812
organizational skills,1.13528099908
team player,1.11834346968
experience working,1.06000313517
interpersonal skills,1.02303078026
ability work,0.756866697104
