16 offres,tfidf
hydrogeology,127.029271398
groundwater,93.4075667011
water,34.14733757
environmental,30.3602966985
drilling,29.0501336844
geology,25.0614044004
mining,22.5476851526
ontario,17.8671556014
monitoring,16.8014207802
interpretation,16.1523562199
engineering,16.1032932501
modeling,15.5798429934
eng,14.3384257261
investigations,14.0855724172
numerical,13.3118612256
gis,12.8943027689
flow,12.7943262778
budgets,12.4128968504
modelling,11.9123141824
competences,11.7994868933
professional,11.0680281975
discipline,10.912797472
remediation,10.1844371043
assessments,10.1472480193
vancouver,9.61130100664
sampling,9.60654737727
regulatory,9.43131897687
evaluation,9.26092979773
proposals,8.20526037666
soil,8.15404359547
