16 offres,tfidf
project,18.7764186159
technical,18.2472161818
projects,17.7454262442
including,15.0761308043
data,12.1636116319
development,11.5547339365
design,11.2930446498
business,10.2160035958
staff,8.93784247529
clients,8.57373021279
support,7.45370523044
management,7.18988072567
develop,7.11393660509
performance,6.84713388935
work,5.30793069221
safety,4.97298466199
knowledge,4.79906162971
reports,4.70131447544
information,4.62241560113
team,4.58140638339
working,4.57918899185
industry,4.40082618044
qualifications,4.10068566731
requirements,3.85916214582
software,3.6462645436
quality,3.57660141204
marketing,3.20098391458
people,3.03905418834
process,2.62590108777
application,2.6228399541
training,2.32732094564
financial,1.9320980823
services,1.84385078811
systems,1.59441655147
manager,1.4877481696
responsible,1.35369827346
environment,1.15261484009
time,1.02439149359
solutions,0.917015753811
operations,0.895427868931
standards,0.837900386067
equipment,0.737291994172
maintain,0.629177608334
strong,0.47536051028
