16 offres,tfidf
field work,28.244334551
environmental engineering,21.4560452031
water resources,19.0249995123
numerical modeling,17.8523572936
environmental consulting,17.5930332563
groundwater modeling,17.2678451509
water supply,16.2948467037
contaminated sites,14.9883439191
technical reports,13.4759585369
mining industry,12.6309518158
technical writing,12.4730318743
consulting experience,11.2785465877
south america,9.74473642607
environmental impact,9.49927239943
aquifer testing,9.11999867283
groundwater sampling,8.76781615472
oil gas,8.23439082259
scientific reports,8.09623195087
environmental risk,8.09623195087
site investigation,7.91587869017
soil sampling,7.81357364528
client management,7.69968931775
corporate recruiting,7.39932265968
recrutement et,7.18771520735
contractor management,7.18771520735
resource management,6.81659281945
permit applications,6.6982919422
impact assessment,6.43515331118
environmental regulations,6.24133328517
environmental services,5.67144693362
