hydrogeology,114
groundwater,108
geology,70
water,69
environmental consulting,65
environmental impact,62
environmental awareness,59
remediation,59
water resources,57
environmental,56
water quality,56
soil,54
environmental science,50
sampling,47
groundwater modeling,46
groundwater remediation,43
environmental compliance,38
hydrology,35
field work,34
project management,34
mining,25
gis,24
geochemistry,24
phase,23
earth science,22
geotechnical engineering,21
drilling,21
arcgis,21
geological mapping,19
contaminated land,19
geophysics,19
water management,18
water supply,16
modflow,15
soil sampling,13
petroleum,13
logging,13
sustainability,13
engineering,12
environmental policy,12
research,12
microsoft office,12
