16 offres,tfidf
project management skills,3.88967734419
valid driver license,2.85756358762
verbal written communication,2.83694235516
good organizational skills,2.43208504204
conflict resolution skills,2.37036867872
new business opportunities,2.17843304062
strong computer skills,1.89653399252
able work independently,1.771300799
strong communication skills,1.6705575615
oral written communication,1.64407212472
written verbal communication,1.52247324107
verbal communication skills,1.51506779026
ability work independently,1.2700204074
