30 offres,tfidf
quality assurance,62.2645585909
working knowledge,13.9659385888
quality control,12.4189510254
communication skills,10.3739323813
technical support,9.09522415295
fast paced,8.85275943041
ability work,6.81180027394
high level,6.65895763404
secondary education,5.5446309954
organizational skills,4.54112399633
team player,4.47337387872
oral communication,4.36448972524
able work,4.32804144065
human resources,3.76056208671
written verbal,3.68086591977
problem solving,3.61301795406
team oriented,3.61091978403
computer skills,3.58648573093
customer experience,3.51616272814
highly motivated,3.51069773826
verbal written,3.47282692426
policies procedures,3.44652836435
job posting,3.17582452718
interpersonal skills,3.06909234077
positive attitude,3.00523709174
health safety,2.56615640869
decision making,2.54585154355
internal external,2.53393686161
experience working,2.12000627033
strong attention,1.7506079856
