30 offres,tfidf
assurance,63.0971914023
manufacturing,42.8347637855
haccp,42.2047343292
inspection,38.6081376318
technician,35.8127870571
testing,34.7859062094
production,32.0395406807
test,30.0546042352
cmm,27.6493879467
laboratory,26.0441395101
specifications,23.9722474825
microbiology,22.8536636664
sampling,19.2130947545
compliance,18.9533225524
chemistry,18.540657216
qa,17.2003646524
iso,17.087478488
food,16.9144713407
measurement,16.2460922491
control,15.5491589202
analysis,15.4527620965
audits,15.39245603
measuring,14.3910790133
plant,14.3872041811
packaging,14.2999541361
procedures,13.3566755739
understanding,12.9425310656
specification,12.8279060426
drawings,12.516668303
accuracy,12.434524126
