30 offres,tfidf
quality,75.8239499352
product,32.640088816
process,21.6636839741
standards,18.4338084935
technical,17.4177972644
requirements,12.5422769739
environment,11.5261484009
data,11.2947822297
working,10.8235376171
maintain,10.6960193417
knowledge,10.4706799194
training,9.89111401898
team,9.77366695123
reports,9.40262895087
design,9.23976380442
support,9.17379105285
equipment,8.84750393007
industry,8.0681813308
safety,7.81469018313
including,7.7812288022
development,7.7031559577
education,7.37358400426
work,7.02520238675
responsible,6.7684913673
management,6.74051318031
operations,6.26799508252
time,5.80488513034
software,5.4693968154
qualifications,5.01194914893
systems,4.7832496544
develop,4.74262440339
people,4.55858128252
customer,4.47286637605
manager,4.46324450881
performance,4.27945868084
information,4.10881386767
solutions,3.66806301524
project,3.41389429381
services,3.07308464686
staff,2.9792808251
maintenance,2.68579010368
application,1.7485599694
projects,1.69004059469
business,1.07536879955
sales,0.71339937627
strong,0.47536051028
