30 offres,tfidf
food safety,32.8559088641
corrective actions,20.858239368
raw materials,19.7536992677
manufacturing processes,13.6696226686
product quality,11.7861932451
chemical analysis,11.4009944752
food industry,10.1224622349
non conforming,9.49927239943
test procedures,8.71314225862
quality systems,8.55091640006
qa qc,8.53198797834
laser scanning,8.4156336366
tube bending,8.16575616339
automotive parts,8.15873867603
quality certification,7.97193613737
written oral,7.83943924313
minimal supervision,7.70857513993
research development,7.66059988249
laser cutting,7.60066298345
product specification,7.28709077573
app store,7.2611608214
analytical chemistry,7.23598256678
measurement analysis,7.18771520735
technical research,7.07762007469
quality management,6.9214389163
including word,6.63362360656
farm equipment,6.59747293524
quality engineering,6.43515331118
engineering management,6.33284826629
strong analytical,1.67990063233
