quality assurance,133
microsoft office,70
gmp,61
haccp,55
microsoft excel,53
quality control,51
continuous improvement,50
food safety,46
manufacturing,45
quality,43
customer service,43
research,40
teamwork,40
testing,36
food science,36
food industry,35
project management,34
time management,33
food processing,33
lean manufacturing,31
process improvement,30
microsoft word,30
quality management,29
leadership,29
powerpoint,29
sop,28
product development,28
laboratory,27
microbiology,27
team leadership,27
data analysis,25
sigma,25
quality auditing,24
food microbiology,24
spc,23
5s,21
root cause analysis,21
hplc,21
chemistry,21
analytical chemistry,20
engineering,20
iso,20
software documentation,20
food,20
sensory evaluation,20
food manufacturing,20
management,20
troubleshooting,19
validation,19
fmea,19
analysis,18
ingredients,18
food technology,18
autocad,17
sql,17
food quality,16
public speaking,15
agile methodologies,15
inventory management,14
software development,14
windows,14
