30 offres,tfidf
standard operating procedures,6.55575297121
ability multi task,6.28665352223
work minimal supervision,5.66786922357
written oral communication,5.64854644542
read interpret blueprints,4.92271122119
root cause analysis,4.89378393979
high level accuracy,4.85612008241
high school diploma,4.15215859895
written verbal communication,3.04494648214
verbal communication skills,3.03013558053
verbal written communication,2.83694235516
ability work independently,2.5400408148
good organizational skills,2.43208504204
fast paced environment,2.18863824963
strong analytical skills,2.13757366004
excellent/strong computer skills,2.0481119923
significant use memory,1.97088787201
decision making skills,1.96285284858
strong interpersonal skills,1.85778427726
work team environment,1.82022927082
job task planning,1.79882352326
analytical problem solving,1.76464078539
excellent/good/strong communication skills,1.65231800712
oral written communication,1.64407212472
time management skills,1.41534730522
problem solving skills,1.30274086264
