269 offres,tfidf
accounting,590.347239274
accounts,372.649504494
invoices,359.655124173
payroll,197.425221757
processing,151.444855041
payments,146.18162094
reconciliation,110.321187084
filing,107.722475109
payment,103.001548614
end,102.999756468
bookkeeping,96.6410436869
credit,93.5156876393
htaccess,87.4985279774
skills,80.2579651819
functions,73.4989897784
attention,71.2403854185
reconciliations,69.9823222426
ms,69.6327059865
invoicing,67.3040215212
coding,66.8856742539
quickbooks,66.3172816173
tax,65.1284283687
accuracy,64.659525455
finance,64.3645046891
cash,63.928254169
accurate,62.768995918
accpac,60.645931048
administrative,60.0474094222
reporting,58.0378435701
receivables,54.7966452391
