269 offres,tfidf
fast paced environment,28.4522972452
data entry skills,26.2229888509
ability work independently,22.8603673332
ability multi task,22.0032873278
time management skills,21.2302095784
problem solving skills,19.5411129397
high level accuracy,19.4244803296
organizational time management,18.4295326843
verbal written communication,17.021654131
ability meet deadlines,16.8916752654
written verbal communication,16.7472056517
verbal communication skills,15.1506779026
high school diploma,13.8405286632
customer service skills,12.4662629241
interpersonal communication skills,11.6665763522
ability work pressure,11.2442027541
work team environment,10.9213756249
oral written communication,9.8644327483
word processing software,9.56777613182
work fast paced,9.46908437546
work minimal supervision,9.44644870595
excellent problem solving,2.16994783995
excellent/strong computer skills,2.0481119923
excellent time management,1.99503753195
excellent/strong organizational skills,1.90885349307
excellent interpersonal skills,1.85094148508
excellent/strong communication skills,1.53429514078
