269 offres,tfidf
accounts payable,311.858389688
data entry,144.87050964
communication skills,53.0901245398
fast paced,43.378521209
ability work,43.1414017349
organizational skills,43.1406779651
meet deadlines,33.4758142449
computer skills,33.473866822
secondary education,29.1093127258
problem solving,28.9041436325
working knowledge,27.9318771775
verbal written,26.6250064193
experience working,26.5000783792
business administration,24.0939008954
work pressure,23.8419393246
customer service,23.5135613365
high level,22.6404559557
high degree,21.3346222672
computer applications,21.2811043007
written verbal,19.6312849054
office suite,19.5654323497
human resources,18.8028104335
interpersonal skills,18.4145540446
skills abilities,17.7811460063
able work,17.3121657626
team player,16.7751520452
compensation benefits,16.6432275138
training experience,16.4499545426
policies procedures,16.0837990336
strong attention,1.7506079856
