269 offres,tfidf
accounting clerk,662.244288459
accounts receivable,234.172934939
bank reconciliations,111.535876958
journal entries,94.2492176202
accounting software,93.9658388439
general ledger,84.1656057777
purchase orders,63.9981049649
bank deposits,61.4907197824
general accounting,57.9574473911
financial statements,50.0472758696
accounting finance,41.0791272271
simply accounting,40.746826867
accounting principles,38.8361519704
account reconciliations,37.0280880171
accounting systems,35.2937168532
cash receipts,35.0881586953
clerical duties,33.7875494775
petty cash,32.0148568047
multi task,31.6043737025
trial balance,31.3267555006
expense reports,31.1627724602
government remittances,31.1284130507
work independently,30.7500518029
bank reconciliation,29.9179761235
time management,29.2985640418
account reconciliation,27.343869181
cycle accounting,25.6910696085
payroll accounting,25.5486110335
attention accuracy,24.8070437232
excellent communication,1.17721709634
