269 offres,tfidf
accounts payable receivable,65.3165640465
general office duties,32.6527734599
accounts receivable payable,23.7384512127
general office equipment,9.99343360941
commercial property owners,9.11999867283
able meet deadlines,8.91518288871
exception based reporting,8.63392257545
ordering office supplies,8.53826694685
accurate data entry,8.49493666318
simply accounting software,7.72205866415
typing 50 wpm,7.72205866415
real estate management,7.11999867283
real estate transactions,6.92617864681
canadian red cross,6.62160195804
financial policies procedures,6.62160195804
real estate law,6.5739961287
general office administration,6.35057518695
comfortable working independently,6.29844420607
handle multiple priorities,5.70061093337
telecom expense management,4.68493807302
typing 40 wpm,4.38390807736
general ledger reconciliation,4.25896934075
cycle time reduction,4.25896934075
sage 50 accounting,4.16205932774
sage 300 erp,4.08287808169
sage simply accounting,3.93161040636
credit card processing,3.90678682264
excellent analytical skills,2.73069556358
exceptional organizational skills,2.66512967967
good time management,2.53984530477
