accounting,920
microsoft excel,786
accounts payable,701
microsoft office,675
customer service,665
accounts receivable,587
account reconciliation,546
financial reporting,494
microsoft word,470
financial analysis,421
payroll,398
financial accounting,365
quickbooks,363
time management,363
general ledger,352
teamwork,351
powerpoint,346
invoicing,341
budgets,330
bookkeeping,308
management,286
journal entries,281
outlook,272
financial statements,253
analysis,252
auditing,250
bank reconciliation,241
finance,238
leadership,236
data entry,214
research,171
team leadership,169
variance analysis,159
tax,158
access,156
strategic planning,154
internal controls,149
forecasting,140
sap,140
sales,140
public speaking,139
accruals,133
event planning,126
social media,126
project management,124
training,118
simply accounting,117
process improvement,115
cash flow,115
gaap,113
human resources,112
problem solving,108
marketing,108
spreadsheets,106
excel,105
administration,104
inventory management,104
cost accounting,101
accpac,101
team building,98
fixed assets,95
