269 offres,tfidf
data,119.029628113
financial,100.46910028
reports,90.1085274459
knowledge,67.6231411459
process,64.9910519223
working,56.1991376272
responsible,54.1479309384
education,54.0729493646
including,53.4959480152
customer,53.1774113597
maintain,51.5925638834
information,51.3601733459
team,51.0063244017
environment,47.6414133902
support,45.8689552642
time,45.073225718
software,42.8436083873
work,40.2778270173
business,39.2509611837
qualifications,38.2730662282
clients,38.1920709479
requirements,36.1796451171
industry,35.9400804736
systems,35.874372408
sales,30.6761731796
manager,30.4988374769
management,30.1076255387
staff,29.792808251
services,26.428527963
people,25.0721970538
projects,22.8155480283
project,20.4833657629
application,19.2341596634
maintenance,17.9052673579
solutions,16.5062835686
safety,16.3398067465
technical,14.9295405124
equipment,14.7458398834
training,14.5457559103
standards,13.4064061771
operations,11.6405622961
quality,10.0144839537
development,9.62894494712
performance,9.41480909785
security,9.38820217424
develop,7.11393660509
product,6.87159764547
marketing,4.26797855277
design,3.07992126814
strong,0.47536051028
