59 offres,tfidf
public private sectors,13.8523572936
quickbooks simply accounting,7.63927329384
general office equipment,7.49507520705
trusted business partner,6.64642047401
judgement decision making,6.39654300079
tax return preparation,3.88330572679
corporate income tax,3.51860665126
personal income tax,3.50884681397
cash flow management,3.42966556792
great team player,3.18893147414
enterprise resource planning,2.98308238045
strong verbal communication,2.9745386069
excellent communications skills,2.67633790126
motivated self starter,2.59268541813
great customer service,2.55460430453
general office duties,2.51175180461
