59 offres,tfidf
fast paced environment,7.6602338737
job task planning,7.19529409303
able work independently,7.08520319601
ability work independently,6.350102037
word processing software,4.78388806591
written verbal communication,4.5674197232
significant use memory,3.94177574403
occupational health safety,3.90831159471
oral written communication,3.28814424943
verbal communication skills,3.03013558053
time management skills,2.83069461045
able work pressure,2.43614769545
safe work practices,2.27444202741
outstanding customer service,2.26498232453
effective communication skills,2.26223882531
strong analytical skills,2.13757366004
good/strong interpersonal skills,2.12560275188
work life balance,1.99711195512
decision making skills,1.96285284858
organizational time management,1.84295326843
strong work ethic,1.81355975746
interpersonal communication skills,1.6666537646
ability multi task,1.57166338056
verbal written communication,1.41847117758
excellent communication skills,1.39803272005
problem solving skills,1.30274086264
