59 offres,tfidf
accounting,180.793842028
bookkeeping,57.1060712695
caseware,52.6592227547
accounts,49.7675234014
payroll,45.3107066328
quickbooks,36.8429342319
personal,35.5984536807
technician,34.2557093589
tax,33.4946203039
gst,32.5974614936
corporate,31.0935063395
public,26.493213691
invoices,24.4109812787
reconciliations,23.9939390546
reconciliation,21.2900536479
benefits,19.6541302757
review,18.8300907144
lifestyle,17.4029307213
professional,17.2937940586
end,16.7934385546
resume,15.3061779502
certificate,15.2880525383
expenses,15.2063588802
profile,14.7292813051
deposits,14.4755641233
finance,13.6945754658
individual,13.4699554661
returns,13.4401056186
hst,13.4319406971
skills,13.4107139764
