59 offres,tfidf
accounts payable,32.9291467373
professional development,11.6491380938
able work,10.8201036016
computer applications,8.86712679195
compensation benefits,7.39699000612
communication skills,7.3227757986
interpersonal skills,7.16121546179
client service,7.14851109505
work pressure,7.01233509548
ability work,6.81180027394
experience working,6.360018811
working knowledge,6.34815390398
essential skills,6.28799238775
fast paced,6.19693160129
real estate,5.97451280766
team player,5.5917173484
secondary education,5.5446309954
problem solving,5.41952693109
reading text,5.24125793931
decision making,5.0917030871
continuous learning,5.05698750305
meet deadlines,5.02137213674
training experience,4.93498636278
written verbal,4.90782122636
critical thinking,4.82380123868
job posting,4.76373679077
analytical skills,4.67155667157
oral communication,4.36448972524
computer skills,3.58648573093
data entry,3.18396724484
