59 offres,tfidf
clients,28.0594806964
reports,21.1559151395
business,20.4320071915
working,18.7330458757
knowledge,17.8874115289
financial,16.4228336995
information,15.9216537372
team,14.9659275191
software,13.6734920385
education,12.7808789407
process,12.4730301669
application,12.2399197858
work,12.1770174704
environment,11.9103533476
people,11.3964532063
time,11.2683064295
including,10.699189603
maintain,10.6960193417
staff,8.93784247529
responsible,8.79903877749
qualifications,8.65700307543
services,8.6046370112
data,7.81946462054
support,7.45370523044
requirements,6.75353375519
manager,6.69486676322
equipment,6.63562794755
training,6.40013260051
operations,6.26799508252
security,6.25880144949
performance,5.99124215318
development,5.77736696827
sales,5.70719501016
systems,5.58045793013
management,5.39241054425
solutions,3.66806301524
safety,3.55213190142
customer,3.47889607026
standards,3.35160154427
technical,3.31767566942
maintenance,2.68579010368
develop,2.3713122017
industry,2.20041309022
quality,2.14596084722
product,1.71789941137
projects,1.69004059469
marketing,1.06699463819
design,1.02664042271
project,0.853473573452
strong,0.47536051028
