59 offres,tfidf
tax returns,54.2277903536
financial statements,44.0416027652
corporate tax,42.6599398917
accounts receivable,30.2809829662
journal entries,29.1723768824
bank reconciliations,25.9385760367
simply accounting,21.7316409957
total rewards,21.0122104922
financial accounting,20.2857516829
accounting software,18.7931677688
general accounting,18.4410059881
personal tax,16.616051185
government remittances,15.5642065254
quick books,15.2573480872
sales tax,12.9305616081
business consulting,12.8506772844
government agencies,12.7569958233
entrepreneurial spirit,11.2975627421
monthly reporting,10.9356981348
cycle bookkeeping,10.781572811
team lead,10.5124795492
record keeping,10.3749406092
highly organized,9.82389384808
work independently,9.54311952505
trial balance,9.39802665017
general ledger,9.3517339753
fixed assets,8.898479026
deferred revenue,7.91587869017
social events,7.85397385017
intermediate accounting,7.52823863814
