accounting,277
microsoft excel,191
accounts payable,187
financial reporting,182
account reconciliation,181
financial accounting,169
microsoft office,157
accounts receivable,152
bookkeeping,133
customer service,127
financial analysis,123
quickbooks,121
financial statements,118
general ledger,115
microsoft word,109
payroll,108
budgets,105
auditing,95
tax,92
journal entries,85
bank reconciliation,78
analysis,77
powerpoint,76
invoicing,73
finance,71
income tax,70
tax preparation,69
gaap,66
accruals,63
management,63
internal controls,62
teamwork,62
corporate tax,62
time management,59
cash flow,56
outlook,47
leadership,46
sage,45
sap,45
fixed assets,45
forecasting,44
variance analysis,44
strategic planning,42
team leadership,38
cost accounting,38
data entry,36
tax returns,33
ifrs,32
project management,32
simply accounting,31
process improvement,30
research,29
access,29
managerial finance,28
training,28
english,28
small business,28
