management,3676
strategic planning,3345
leadership,3086
customer service,3073
sales,2782
team building,2640
sales management,2429
new business development,2219
marketing,2077
budgets,2074
marketing strategy,2032
negotiation,2022
operations management,1938
team leadership,1890
project management,1834
business strategy,1795
business development,1775
strategy,1660
coaching,1597
training,1467
business planning,1400
inventory management,1375
account management,1349
contract negotiation,1320
change management,1302
retail,1256
event management,1220
project planning,1199
customer satisfaction,1165
product development,1080
event planning,1050
public speaking,1039
microsoft office,1031
social media,1018
forecasting,997
process improvement,945
time management,941
hospitality,924
entrepreneurship,912
manufacturing,893
sales operations,892
program management,857
public relations,829
marketing communications,828
recruiting,818
purchasing,817
social media marketing,811
start ups,780
advertising,747
food beverage,725
merchandising,719
hospitality management,719
cross functional team,706
crm,687
continuous improvement,676
b2b,672
microsoft excel,671
restaurants,635
leadership development,625
management consulting,611
profit,609
human resources,608
hotels,603
hospitality industry,600
contract management,597
analysis,595
selling,587
sales process,583
logistics,581
supply chain management,579
engineering,577
performance management,575
business analysis,562
product management,560
business process,553
p&l management,536
strategic partnerships,535
food,525
procurement,514
direct sales,504
competitive analysis,501
social networking,497
online marketing,497
key account management,496
hiring,494
construction,486
store management,480
lean manufacturing,478
catering,474
research,464
restaurant management,463
organizational,460
financial analysis,459
pricing,458
hotel management,453
tourism,447
inventory control,443
fundraising,440
teamwork,439
visual merchandising,438
product marketing,432
supply chain,431
employee relations,426
customer retention,421
market research,411
team management,408
loss prevention,403
microsoft word,403
revenue analysis,402
employee training,401
resorts,396
menu development,393
online advertising,393
risk management,382
finance,377
