395 offres,tfidf
team building skills,25.0692089293
human resource management,19.1148689451
local store marketing,19.0981832346
people management skills,16.4825158786
customer service excellence,16.2432868064
long term business,15.4508866022
smart serve certification,14.9885323598
world class customer,14.011119227
learning new software,13.2189073252
profit loss accountability,12.9508838632
customer service training,12.5634801147
profit loss management,12.4861779832
employee labor relations,12.0477938762
proven leadership skills,11.2628254132
food beverage management,10.7129841621
great time management,10.3892679702
long range planning,10.2650899147
leadership management skills,9.05713358246
new product roll,8.63392257545
execution business plans,8.63392257545
time management organization,8.60940976915
team building management,8.5179386815
client relationship management,8.4648456387
multi unit management,8.32411865548
sales force effectiveness,8.16575616339
health safety training,8.07671193529
exceptional leadership skills,3.39863133418
strong leadership qualities,3.24824547536
strong communications skills,2.96615967533
exceptional communication skills,2.51272446903
