395 offres,tfidf
fitness,393.713291158
leadership,322.913390199
assistant,294.080774236
service,266.971780126
strategic,218.831259743
managing,210.805711691
operational,205.638182725
leader,198.312764342
policies,192.789987359
effective,190.439805432
budget,186.021381826
drive,183.982449968
coaching,179.417285128
hospitality,178.236858462
lead,167.110497393
corporate,157.688496436
strategies,157.105599773
compliance,152.741481746
budgets,150.506374311
food,145.46445353
level,144.506030011
organization,144.241240894
inventory,140.86320203
developing,139.591588727
responsibility,138.862782538
culture,137.463626996
skills,137.408238589
planning,135.91580747
procedures,135.792868334
plan,134.078319846
