395 offres,tfidf
general manager,1650.21318767
management experience,219.970623498
customer service,152.838148687
management team,140.22991532
customer satisfaction,113.684960944
policies procedures,106.842379295
health safety,103.929334552
continuous improvement,83.6469912257
sales marketing,79.2062791992
customer experience,77.3555800192
business development,75.1304722545
communication skills,67.1254448205
problem solving,65.9375776615
best practices,62.1450255747
leadership skills,61.5842310845
human resources,61.4225140829
food beverage,57.3858291105
decision making,56.0087339581
interpersonal skills,55.2436621338
business administration,48.1878017909
written verbal,46.6243016504
new business,44.2696075443
high level,43.9491203847
highly motivated,42.1283728592
communicate effectively,41.3925581283
verbal written,40.5163141163
health care,39.788092587
organizational skills,39.7348349679
working knowledge,39.3585542047
project management,38.7911751206
