395 offres,tfidf
manager,720.070114088
sales,505.800157776
management,426.899168086
business,405.951721832
operations,365.334570524
customer,326.022260299
performance,296.138540714
financial,291.746810427
staff,251.004409514
team,245.868809242
standards,237.963709643
develop,237.13122017
development,236.872045699
responsible,213.20747807
marketing,193.126029513
industry,187.035112669
including,174.104994449
safety,166.950199367
training,159.421484776
people,153.472236511
quality,150.217259306
reports,139.472329438
maintain,137.160718617
services,124.767236662
environment,120.640353262
maintenance,111.012657619
support,104.925235167
requirements,102.267796864
product,93.6255179196
systems,93.2733682608
process,93.2194886158
time,92.5366982543
knowledge,92.0547276244
working,91.1674899286
work,90.0787061589
equipment,80.3648273648
project,80.2265159045
qualifications,74.7236054932
security,73.0193502441
education,71.2779787079
clients,69.3692717216
information,68.30903055
projects,65.9115831927
solutions,65.1081185206
technical,48.9357161239
design,40.0389764858
data,39.966152505
application,36.7197593575
software,30.9932486206
strong,0.47536051028
