395 offres,tfidf
training development,97.9541816907
daily operations,93.5189390247
general management,90.2016987083
restaurant management,89.7319833837
guest satisfaction,89.3747315206
business acumen,79.7660607096
business plans,73.3892764591
store operations,70.9437536073
financial management,68.8156442926
operational excellence,62.0204522591
management skills,61.4055098978
sales management,61.1870277313
board directors,59.1005390672
profit loss,58.0830595936
visual presentation,58.0143194555
lead team,55.9237111411
active lifestyle,55.2823863814
base pay,54.842071585
cpr certification,53.7400168967
performance management,53.3092317632
product placement,53.0498786345
hotel management,51.5393345072
provides feedback,51.3793711891
written communication,51.1668159956
recruitment training,50.8969003786
group health,50.7166798356
business strategy,50.3131120304
people development,50.0083913117
care plans,47.6313387125
strong leadership,1.90174938195
