395 offres,tfidf
sales customer service,53.9783010293
customer service skills,45.7096307217
key performance indicators,38.4302171079
verbal written communication,38.2987217947
time management skills,35.3836826306
problem solving skills,33.8712624287
written verbal communication,30.4494648214
high school diploma,30.449163059
positive work environment,27.9398873395
verbal communication skills,27.2712202248
new business opportunities,26.1411964874
customer service sales,23.7826526052
oral written communication,23.017009746
valid driver license,21.4317269071
communication interpersonal skills,18.937848178
safe work practices,18.1955362192
analytical problem solving,17.6464078539
build strong relationships,17.2844868592
customer service orientation,16.592580751
customer service experience,15.244737675
conflict resolution skills,14.2222120723
strong business acumen,2.42486668504
strong leadership skills,2.34185786826
strong problem solving,2.01099607439
excellent interpersonal skills,1.85094148508
strong work ethic,1.81355975746
excellent/exceptional/strong customer service,1.70348258057
excellent communication skills,1.39803272005
