12 offres,tfidf
project manager,8.88852956802
health safety,5.13231281739
communicate effectively,4.59917312536
able work,4.32804144065
ability work,3.78433348552
additional information,3.17628777464
computer skills,2.39099048729
policies procedures,2.29768557623
driver license,2.28946754636
career opportunities,1.80852776866
quality assurance,1.72957107197
team member,1.65420345605
continuous improvement,1.64013708286
management team,1.6305804107
office suite,1.63045269581
work effectively,1.60191348789
positive attitude,1.50261854587
work pressure,1.4024670191
secondary education,1.38615774885
customer service,1.38315066685
high level,1.33179152681
work team,1.32668587527
written verbal,1.22695530659
communication skills,1.2204626331
experience working,1.06000313517
