12 offres,tfidf
safe work practices,4.54888405481
time management skills,4.24604191567
occupational health safety,3.90831159471
oral written communication,3.28814424943
clean drivers abstract,2.38390807736
organization time management,2.37459885322
class drivers license,2.33018955346
basic computer skills,2.04313357492
excellent time management,1.99503753195
work minimal supervision,1.88928974119
organizational time management,1.84295326843
strong work ethic,1.81355975746
able work independently,1.771300799
written verbal communication,1.52247324107
