12 offres,tfidf
project,35.845890085
safety,14.918953986
equipment,14.0085478893
projects,10.9852638655
staff,8.19302226901
maintain,8.17930890834
work,7.64966482112
performance,6.84713388935
management,6.74051318031
standards,6.70320308853
quality,5.72256225926
reports,5.48486688801
maintenance,5.37158020737
training,5.23647212769
manager,5.20711859361
technical,4.97651350412
team,4.58140638339
operations,4.47713934466
requirements,4.34155741405
develop,3.95218700283
time,3.41463831197
including,3.40428760096
information,3.08161040075
services,3.07308464686
responsible,2.70739654692
environment,2.68943462687
process,2.62590108777
development,2.56771865257
working,2.4977394501
systems,2.3916248272
industry,2.20041309022
knowledge,2.18139164987
solutions,1.83403150762
qualifications,1.82252696325
application,1.7485599694
product,1.71789941137
business,1.61305319933
customer,0.993970305789
software,0.911566135901
clients,0.779430019344
support,0.573361940803
education,0.491572266951
strong,0.47536051028
