12 offres,tfidf
construction,29.5968670598
foreman,29.0414430001
transmission,17.7052605342
distribution,13.9968089843
production,11.0481174761
fmcsr,9.36987614604
electrical,8.60418223992
materials,8.53958771767
supervision,8.47618176694
communicate,8.32992532271
drawings,7.82291768935
read,7.71089409838
supervisory,7.59599637578
nickel,7.28709077573
power,6.99765402647
plan,6.9201713469
report,6.88649308067
schedule,6.39894595882
productivity,6.23695994123
coordinate,6.08640323309
transformers,6.00138265101
directing,5.92108020503
trade,5.84162004166
blueprints,5.77732215088
class,5.70724737182
tools,5.37666022674
travel,5.31579201589
material,5.25474177559
manufacturing,5.19209258006
h2s,5.15545620675
