construction,152
inspection,131
construction safety,123
supervisory skills,123
commissioning,98
project planning,90
safety management,89
piping,84
construction management,79
factory,77
contract management,77
petroleum,75
industrial safety,74
gas,70
petrochemical,69
mining,67
refinery,66
pipelines,64
contractors,64
oil gas,63
project control,61
occupational health,57
project estimation,54
epc,54
subcontracting,52
metal fabrication,51
engineering,50
maintenance management,48
project management,47
process scheduler,44
welding,43
blueprint reading,41
project engineering,40
electricians,40
procurement,40
preventive maintenance,37
onshore,37
materials,36
plant maintenance,35
accident investigation,33
pumps,33
gold,32
change orders,31
continuous improvement,31
energy,30
mineral processing,30
power plants,30
primavera p6,30
leadership,28
microsoft office,28
asme,28
refineries,27
minerals,27
constructability,27
microsoft excel,27
behavior based safety,26
pressure vessels,26
management,26
risk assessment,25
oil,25
concrete,25
heavy equipment,25
cost control,24
workplace safety,24
metallurgy,23
incident investigation,23
budgets,23
fall protection,23
planned preventative,22
instrumentation,22
underground mining,21
hazard analysis,21
base metals,21
drilling,20
strategic planning,20
manufacturing,20
contract negotiation,20
electricity,19
ms project,19
customer service,18
coal,18
oil gas industry,18
tanks,17
predictive maintenance,17
maintenance repair,17
p&id,16
operations management,16
quality control,16
completion,16
lng,16
pre construction,16
