12 offres,tfidf
transmission lines,18.4983066492
construction drawings,14.5581966272
scopes work,12.8506772844
site plans,6.82774260147
energy services,6.49649095072
electrical distribution,6.2492656596
management skills,5.90437595171
safety compliance,5.54578648675
electrical equipment,5.38742399466
team performance,5.26885885374
follow directions,5.20910425167
change orders,5.14198944143
teamwork skills,4.9670818974
confined spaces,4.90897830329
work ethic,4.75026035332
work home,4.65782443166
guide ti,4.46308932341
safety regulations,4.1825657298
project managers,4.04751325915
electrical testing,3.98596806869
occupational health,3.86834524626
manufacturing management,3.83984003301
steel structures,3.83984003301
transmission systems,3.65690934942
time management,3.51582768502
statistical reporting,3.45448915164
power transmission,3.35587935376
low voltage,3.23264040203
power distribution,3.2078168183
project reporting,3.10898088426
