33 offres,tfidf
web development,84.1961724335
web developer,49.4002722103
html css,26.9435058873
end development,20.0550923532
css javascript,20.0272053245
capital iq,19.3051466604
web applications,15.7378993737
javascript jquery,15.7251299422
web developers,14.5223216428
open source,14.0206224037
node js,13.9598458792
source control,12.9305616081
software engineering,12.9171005889
html5 css3,12.5307022002
spring mvc,12.2486342451
application development,11.7423916959
asp net,11.3927684295
web solutions,10.8539738502
apache velocity,9.36987614604
multimedia development,8.76781615472
unit testing,8.74225818414
design patterns,8.7349179763
pair programming,8.63392257545
wcf services,8.63392257545
development design,8.55728748095
web application,8.14005902351
javascript libraries,8.03186258413
end developers,7.97193613737
javascript frameworks,7.91587869017
web design,7.85770170235
