33 offres,tfidf
web application development,16.7793967688
mobile app development,12.1443479263
content management systems,11.4615765499
test driven development,9.66762022537
web design development,7.46139112716
user experience design,6.5739961287
software development methodologies,6.50714861773
object oriented programming,6.06345111849
search engine optimization,5.96043147959
adobe creative suite,5.13533355473
scalable web applications,4.46308932341
web page design,4.38390807736
mobile web development,3.98596806869
visual studio 2010,3.90678682264
relational database design,3.81963664692
asp net mvc,3.7149012964
open source software,3.69966132984
responsive web design,3.64354538786
business process management,3.49930149606
sql server reporting,3.46308932341
analytic problem solving,3.32955041503
adobe photoshop illustrator,3.323210237
team foundation server,3.25896934075
product life cycle,3.25357430886
web content management,3.23778004168
able follow instructions,3.1246328298
agile software development,3.093873466
ms sql server,2.95523345171
excellent organization skills,2.92401322461
superior interpersonal skills,2.91163932543
