33 offres,tfidf
project,40.9667315257
design,33.8791339495
develop,25.2939968181
development,23.7513975362
technical,19.0766350991
team,18.0201984413
knowledge,17.8874115289
projects,16.0553856495
management,13.4810263606
people,12.9159803005
software,12.7619259026
maintain,12.5835521667
time,11.9512340919
application,11.3656398011
business,11.2913723953
systems,11.1609158603
working,10.8235376171
work,10.1475145586
including,9.72653600276
requirements,9.16551009633
quality,8.58384338889
clients,8.57373021279
education,7.37358400426
support,6.88034328964
product,6.87159764547
performance,6.84713388935
information,6.67682253496
industry,6.60123927065
environment,6.53148409382
manager,5.95099267841
services,5.53155236434
solutions,5.50209452286
operations,5.37256721359
marketing,5.33497319096
security,5.21566787458
staff,5.21374144392
qualifications,5.01194914893
customer,4.47286637605
standards,4.18950193033
data,3.47531760913
financial,2.89814712345
process,2.62590108777
sales,2.14019812881
responsible,2.03054741019
maintenance,1.79052673579
training,1.74549070923
reports,1.56710482515
equipment,0.737291994172
strong,0.47536051028
