33 offres,tfidf
computer science,16.3404298655
working knowledge,6.34815390398
best practices,5.91857386426
business requirements,5.64991718037
project manager,5.33311774081
ability work,5.29806687973
project management,5.00531291879
additional information,4.76443166196
problem solving,4.51627244257
positive attitude,4.50785563761
able work,4.32804144065
work team,3.98005762581
software development,3.94851337805
communication skills,3.6613878993
cross functional,3.56550761998
flexible schedule,3.55756535467
organizational skills,3.40584299725
meet deadlines,3.34758142449
job posting,3.17582452718
interpersonal skills,3.06909234077
self motivated,2.72323441281
high level,2.66358305362
fast paced,2.65582782912
written verbal,2.45391061318
experience working,2.12000627033
compensation benefits,1.84924750153
technical support,1.81904483059
client service,1.78712777376
high degree,1.77788518893
strong attention,1.7506079856
