html,4563
javascript,4519
web development,4335
css,4169
php,3543
jquery,3274
mysql,3017
web design,2595
sql,2381
java,2287
xml,2263
wordpress,2169
web applications,2006
photoshop,2002
software development,1878
ajax,1817
c#,1812
seo,1639
microsoft sql server,1605
graphic design,1521
linux,1518
social media,1494
databases,1445
project management,1382
agile methodologies,1365
user experience,1354
user interface design,1311
asp net,1267
cms,1245
c++,1179
web services,1179
xhtml,1179
programming,1146
net,1138
git,1128
microsoft office,1068
illustrator,1033
adobe creative suite,1023
dreamweaver,1017
social media marketing,1010
visual studio,984
css3,941
html5,941
apache,904
commerce,898
flash,892
python,884
management,847
windows,838
online marketing,828
json,806
marketing,802
subversion,772
mobile applications,770
business analysis,766
eclipse,762
web analytics,726
advertising,724
website development,709
google analytics,700
drupal,696
team leadership,686
scrum,673
leadership,666
integration,664
information architecture,662
customer service,661
end,658
oop,654
email marketing,626
online advertising,623
photography,611
requirements analysis,608
oracle,591
actionscript,590
sharepoint,589
indesign,584
sdlc,564
digital marketing,562
database design,558
ruby rails,556
marketing strategy,555
strategy,543
mvc,536
social networking,535
visual basic,522
software engineering,505
testing,503
iis,492
marketing communications,485
unix,483
logo design,478
user interface,475
vb net,475
uml,473
entrepreneurship,469
strategic planning,468
