33 offres,tfidf
web,51.5466393873
learning,29.8299171855
js,29.6066220342
javascript,27.879911777
jquery,27.2430876492
ruby,26.4075536081
technologies,24.2105738742
mvc,21.4560452031
php,21.3459674734
mysql,20.9538712063
teaching,19.907243654
mobile,19.280675997
trading,19.0195362809
net,17.5808136407
website,17.4668181042
angular,16.3778430128
technology,16.1450898832
html5,16.1009569929
rails,15.8541662602
websites,14.8116817835
git,13.9365549087
science,13.433716643
agile,13.419283199
bootstrap,13.171310432
mentorship,13.1614582751
angularjs,13.0577289458
ajax,12.9810575453
creative,12.9529954425
wordpress,12.8383338868
architecture,12.6596943806
