33 offres,tfidf
problem solving skills,5.21096345058
work life balance,3.99422391024
able work independently,3.54260159801
analytical problem solving,3.52928157078
work fast paced,3.15636145849
ability work independently,2.5400408148
subject matter experts,2.46222160187
subject matter expert,2.27726396379
fast paced environment,2.18863824963
project management experience,2.11284130507
excellent organizational skills,1.97993011369
strong interpersonal skills,1.85778427726
communication interpersonal skills,1.72162256164
ability work team,1.71258092855
interpersonal communication skills,1.6666537646
excellent/good/strong communication skills,1.65231800712
verbal written communication,1.41847117758
time management skills,1.41534730522
