18 offres,tfidf
written verbal communication,3.04494648214
verbal communication skills,3.03013558053
customer service orientation,2.37036867872
quality customer service,2.35655846958
effective communication skills,2.26223882531
excellent problem solving,2.16994783995
project management experience,2.11284130507
project management skills,1.9448386721
strong customer service,1.92401322461
strong computer skills,1.89653399252
written oral communication,1.88284881514
excellent interpersonal skills,1.85094148508
excellent/good communication skills,1.64319822993
problem solving skills,1.30274086264
