18 offres,tfidf
object oriented design,6.5739961287
software development methodologies,6.50714861773
project program management,6.21796176852
software development lifecycle,5.82327865086
collaborative team member,3.90678682264
customer service skill,3.90678682264
launching new products,3.81963664692
vendor relationship management,3.67069763391
new product introduction,3.49930149606
service oriented architecture,3.31080097902
leadership management skills,3.01904452749
project management office,2.9802157398
project management tools,2.87875809904
strong customer focus,2.68784306366
motivated team player,2.6370145207
critical thinking skills,2.50214312767
