18 offres,tfidf
project management,15.0159387564
computer science,13.0723438924
project manager,12.4439413952
experience working,8.48002508133
year experience,8.32564839834
software development,5.92277006707
cross functional,5.34826142997
internal external,5.06787372323
health care,4.59093376003
management experience,4.28514201619
communication skills,4.27161921585
high level,3.99537458042
business requirements,3.76661145358
change management,3.72597613543
computer applications,3.54685071678
customer experience,3.51616272814
professional development,3.32832516966
continuous improvement,3.28027416572
experience year,3.13400847596
best practices,2.95928693213
problem solving,2.70976346554
working knowledge,2.53926156159
written verbal,2.45391061318
ability work,2.27060009131
interpersonal skills,2.04606156051
risk management,1.83429183784
high degree,1.77788518893
quality control,1.77413586077
fast paced,1.77055188608
financial services,1.73783125705
