18 offres,tfidf
scale,33.0467106785
engineering,31.056351268
technology,21.1904304718
drive,17.7332481897
end,16.7934385546
agile,13.419283199
benefits,12.850777488
java,12.3454332986
delivery,12.2881126024
pe,12.0761781099
risk,11.999435216
executive,11.9808431933
computer,11.3943866072
works,11.143744673
stock,11.1343727166
processes,11.0755217502
learning,11.0481174761
mechanical,10.9607050138
web,10.8519240815
tools,10.7533204535
science,10.7469733144
functional,10.6946240363
managing,10.4878463528
plan,10.3802570203
collaboration,10.311118921
editorial,10.2574565673
schedules,10.2081604174
governance,10.0843146081
tuning,9.92327236146
integration,9.8205319067
