java,2
html,2
asp net,2
javascript,2
sql,2
windows,2
microsoft sql server,2
microsoft office,2
negotiation,1
databases,1
fashion,1
active directory,1
eclipse,1
microsoft excel,1
mysql,1
visual studio,1
c++,1
linux,1
telecommunications,1
textiles,1
pcb design,1
anglais,1
suite office,1
vbscript,1
centers,1
json,1
microcontrollers,1
sales management,1
network administration,1
hardware architecture,1
uml,1
electronics,1
matlab,1
jquery,1
asp,1
embedded software,1
product development,1
c#,1
customer service,1
windows server,1
ajax,1
bmc remedy,1
networking,1
manufacturing,1
software development,1
itil,1
software engineering,1
jquery ui,1
microsoft word,1
cisco technologies,1
embedded systems,1
analysts,1
francais native bilingual proficiency,1
apparel,1
electrical engineering,1
powerpoint,1
