18 offres,tfidf
program manager,21.6970220138
architecture design,13.7105178963
object oriented,13.1149161447
application performance,13.1022744103
product development,12.6195230464
electrical engineering,12.0732375993
income protection,11.4009944752
performance tuning,11.2318035544
project program,10.816709724
technical project,8.79483121909
risk mitigation,8.1216434032
business technology,7.75026035332
technical specifications,7.71968280644
marine engineering,7.67968006601
contingency planning,7.18771520735
continuing education,6.78180301904
product vision,6.58565521602
complex systems,6.13029862947
project managers,6.07126988872
technical lead,6.03808905497
mitigation strategies,5.91046690342
successful business,5.89443095939
web analytics,5.83804255811
product manager,5.58198293094
systems development,5.32474449025
strategic initiatives,5.30302863507
software engineering,5.16684023555
influencing skills,5.16226870413
lead development,5.12435251134
planning scheduling,5.03131120304
