18 offres,tfidf
project,58.8896765682
projects,32.9557915964
technical,29.8590810247
design,24.6393701451
business,22.0450603909
software,20.0544549898
management,19.7721719956
product,19.7558432307
development,15.4063119154
services,12.2923385874
qualifications,11.3907935203
including,11.1855164032
develop,11.0661236079
quality,10.0144839537
financial,9.66049041149
requirements,9.64790536455
support,9.17379105285
process,8.53417853525
manager,8.18261493282
working,7.90950825865
knowledge,7.41673160955
team,7.33025021342
customer,6.95779214052
data,6.95063521825
performance,6.84713388935
people,6.83787192377
responsible,6.7684913673
solutions,6.41911027667
systems,6.37766620587
application,6.11995989291
operations,5.37256721359
industry,5.13429721051
time,5.12195746795
reports,4.70131447544
information,4.62241560113
maintenance,4.47631683947
maintain,4.40424325834
education,3.93257813561
training,2.90915118205
standards,2.5137011582
work,2.34173412892
environment,2.30522968017
staff,2.23446061882
clients,1.55886003869
equipment,1.47458398834
security,1.04313357492
safety,0.710426380284
strong,0.47536051028
