19 offres,tfidf
geotechnical engineering,39.3161040636
civil engineering,21.534138015
environmental engineering,21.4560452031
concrete testing,15.7264416255
reservoir engineering,14.5830879962
verbal communication,11.3603326448
professional engineer,10.9618216035
mining engineering,10.7468271934
reservoir evaluation,9.72205866415
laboratory testing,9.47321386188
report writing,9.28781293314
sustainable development,9.12445618961
reservoir characterization,8.92617864681
sieve analysis,8.92617864681
construction site,8.47080850241
soil testing,8.24133328517
environmental sampling,8.24133328517
strategic advisory,7.91587869017
flexible working,7.73998789449
material testing,7.63927329384
contaminated sites,7.49417195954
letter writing,7.21151365395
environmental consulting,7.03721330251
construction inspection,6.89211196821
field technicians,6.85933113584
environmental assessments,6.84339327649
cost estimating,6.1730247327
oil sands,6.06345111849
test procedures,5.80876150574
good communication,1.71288959558
