19 offres,tfidf
driver license,9.15787018544
written verbal,8.58868714613
communication skills,8.5432384317
additional information,6.35257554928
project management,6.25664114849
health safety,5.13231281739
employment equity,5.13220055776
business development,4.8998134079
ability work,4.54120018262
problem solving,4.51627244257
high level,3.99537458042
technical support,3.63808966118
quality control,3.54827172154
organizational skills,3.40584299725
management experience,2.85676134413
working knowledge,2.53926156159
verbal written,2.3152179495
team player,2.23668693936
experience working,2.12000627033
interpersonal skills,2.04606156051
human rights,1.83347587803
career development,1.79601011794
highly motivated,1.75534886913
education training,1.73717769111
quality assurance,1.72957107197
meet deadlines,1.67379071225
leadership skills,1.66443867796
new business,1.63961509423
management team,1.6305804107
office suite,1.63045269581
