19 offres,tfidf
technical,24.8825675206
projects,22.8155480283
design,18.4795276088
project,17.069471469
staff,10.4274828878
reports,10.1861813634
development,9.62894494712
work,9.52305212426
develop,9.48524880678
clients,9.35316023213
quality,8.58384338889
management,8.53798336173
support,8.02706717124
application,7.86851986231
knowledge,7.85300993952
including,7.7812288022
environment,7.29989398721
operations,7.16342295145
services,6.76078622308
industry,6.60123927065
safety,6.39383742256
information,6.1632208015
performance,5.99124215318
working,5.8280587169
team,5.80311475229
requirements,5.3063479505
marketing,4.26797855277
business,3.76379079844
solutions,3.66806301524
software,3.6462645436
qualifications,3.6450539265
standards,3.35160154427
maintain,3.14588804167
time,2.73171064957
responsible,2.70739654692
product,2.57684911705
education,2.45786133475
equipment,2.21187598252
sales,2.14019812881
financial,1.9320980823
maintenance,1.79052673579
training,1.74549070923
systems,1.59441655147
people,1.51952709417
manager,1.4877481696
process,1.31295054388
data,0.868829402282
strong,0.47536051028
