19 offres,tfidf
construction,32.0632726481
testing,31.0588448298
soil,29.8981598501
nuclear,29.7961508646
engineering,26.4554103394
concrete,23.6600316366
drilling,21.1273699523
energy,20.9682479303
laboratory,18.0305581223
civil,17.3890947765
test,15.6806630793
sampling,14.4098210659
investigations,14.0855724172
teaching,13.7819379143
lead,13.6815611901
materials,12.8093815765
infrastructure,12.6848223627
consulting,12.357116648
water,11.9515681495
inspection,11.7503027575
monitoring,11.6317528478
csa,11.0536090447
technician,10.8995438869
alberta,10.1247312974
dynamic,9.52070441073
driver,9.33581973296
research,9.22188747488
license,9.17361796919
sustainability,8.84483147541
driving,8.74031461017
