19 offres,tfidf
verbal communication skills,10.6054745318
written verbal communication,9.13483944641
valid driver license,8.57269076285
ability multi task,3.14332676111
verbal written communication,2.83694235516
able work pressure,2.43614769545
ability meet deadlines,2.41309646649
good interpersonal skills,2.39342122649
subject matter expert,2.27726396379
clean driving record,2.20301793542
new business opportunities,2.17843304062
project management experience,2.11284130507
strong problem solving,2.01099607439
work life balance,1.99711195512
decision making skills,1.96285284858
class driver license,1.96230415049
project management skills,1.9448386721
strong organizational skills,1.83777687244
good/strong communication skills,1.77946065066
communication interpersonal skills,1.72162256164
problem solving skills,1.30274086264
