26 offres,tfidf
systems analysis design,14.3754304147
master data management,13.478670553
business requirements analysis,7.91587869017
data base management,7.05718174432
real estate development,6.43515331118
quality assurance testing,6.30691831196
agile software development,6.18774693199
object oriented programming,6.06345111849
object oriented systems,5.16205932774
customer relationship management,5.04514567695
creative problem solving,5.02350360922
real estate valuation,4.16205932774
sql server 2000,4.08287808169
visual studio net,4.01593129206
large scale systems,3.93161040636
sql server management,3.86102933208
real time systems,3.78184808603
responsive web design,3.64354538786
unix shell scripting,3.48996146981
sql server reporting,3.46308932341
web application development,3.35587935376
object oriented design,3.28699806435
user interface design,3.26443223645
flexible team player,3.26443223645
software development methodologies,3.25357430886
creative problem solver,3.00672329028
ms sql server,2.95523345171
software development lifecycle,2.91163932543
good problem solving,2.62298322895
corporate social responsibility,2.56988257035
