26 offres,tfidf
analytical problem solving,12.3524854977
problem solving skills,7.81644517586
oral written communication,4.93221637415
safe work practices,4.54888405481
communication presentation skills,4.40412897883
fast paced environment,4.37727649926
project management skills,3.88967734419
ability work independently,3.8100612222
communication interpersonal skills,3.44324512327
ability work team,3.42516185711
written verbal communication,3.04494648214
verbal communication skills,3.03013558053
root cause analysis,2.44689196989
subject matter expert,2.27726396379
strong team player,2.27556860257
able multi task,2.22454143572
strong analytical skills,2.13757366004
strong problem solving,2.01099607439
work life balance,1.99711195512
excellent organizational skills,1.97993011369
written oral communication,1.88284881514
able work independently,1.771300799
excellent/strong communication skills,1.53429514078
excellent customer service,1.50596112573
verbal written communication,1.41847117758
