26 offres,tfidf
sap,70.1188783317
analytics,61.4572687232
siebel,57.7407027294
sharepoint,42.2027082339
oracle,40.8804096741
obiee,36.7069763391
technology,32.2901797665
sql,31.0404113188
alm,27.463226557
analysis,26.784787634
technologies,25.6347252786
investment,25.5106634114
analytical,23.8944442681
xml,21.7810822501
server,21.3558342206
developer,20.0435055866
testing,19.8776606911
peoplesoft,19.4180759852
reporting,19.3459478567
net,19.3388950048
servers,19.2957146139
database,18.811820297
functional,18.7155920636
enterprise,18.6501070006
implementation,18.550000236
java,18.5181499479
test,18.2941069258
applications,17.6489361088
epm,17.1483278396
skills,16.9181314779
