26 offres,tfidf
technical,47.2768782892
development,42.3673577673
solutions,40.3486931677
knowledge,36.2111013878
project,34.9924165115
software,34.6395131642
business,33.3364327862
design,31.8258531041
application,29.7255194799
data,29.5401996776
management,20.2215395409
financial,19.320980823
support,18.3475821057
information,16.9488572041
including,14.103477204
team,12.8279378735
systems,11.958124136
develop,11.8565610085
projects,11.8302841628
reports,11.7532861886
working,11.6561174338
requirements,10.1303006328
maintenance,9.84789704684
work,9.52305212426
performance,9.41480909785
responsible,8.12218964076
industry,8.0681813308
process,7.8777032633
environment,7.68409893391
services,7.37540315245
qualifications,6.83447611218
product,6.01264793979
people,5.3183448296
quality,5.00724197685
clients,4.67658011607
customer,4.47286637605
standards,4.18950193033
training,4.07281165487
maintain,3.77506565
time,3.75610214316
operations,3.58171147573
staff,2.9792808251
education,2.94943360171
safety,2.13127914085
sales,1.42679875254
security,1.04313357492
manager,0.743874084802
strong,0.47536051028
