26 offres,tfidf
business intelligence,33.2543106783
siebel crm,31.8877445495
design development,18.881783026
systems development,18.6366057159
programming languages,18.4773056596
rate risk,15.1273923441
hyperion essbase,15.0564772763
sql server,13.3775133784
web development,12.7569958233
development projects,12.2597098131
database management,12.120360007
data modeling,11.1419294827
unix linux,10.929228191
data warehouse,10.9163601475
data quality,10.4869194118
business applications,10.389573054
balance sheet,10.3063943929
application support,10.1760449241
systems architecture,10.0881563349
web services,9.98591334689
technical architecture,9.46037746794
data integration,9.36199992775
progress 4gl,9.11999867283
stability testing,9.11999867283
data analyst,9.05713358246
database administration,8.94924714134
data management,8.87425924734
quantitative models,8.76781615472
pl sql,8.72036046791
excellent analytical,2.16554765559
