javascript,9
sql,9
agile methodologies,8
java,8
jquery,7
mysql,5
microsoft sql server,5
project management,5
uml,5
business analysis,5
c#,5
html,5
scrum,5
windows,5
asp net,4
net,4
architecture,4
hibernate,4
linux,4
xml,3
pl sql,3
ejb,3
web services,3
vb net,3
mvc,3
soa,3
eclipse,3
ant,3
tomcat,3
web applications,2
rest,2
visual studio,2
java enterprise edition,2
web development,2
css3,2
data modeling,2
c++,2
requirements gathering,2
testing,2
integration,2
tdd,2
maven,2
ubuntu,2
software development,2
postgresql,2
microsoft office,2
architectures,2
test driven development,2
git,2
struts,2
strategy,2
risk management,2
heroku,2
visio,2
asp net mvc,2
ruby rails,2
linq,2
business process,2
ruby,2
tfs,2
continuous integration,2
requirements analysis,2
business intelligence,2
analysis,2
software project,2
sharepoint,2
coffeescript,2
capybara,2
actionscript,2
css,2
jsp,2
rspec,2
unit testing,2
databases,2
photoshop,1
bapi,1
solaris,1
hedge funds,1
cdn,1
information management,1
abap,1
alv,1
sap hr,1
research,1
gestion projets web,1
capital markets,1
flash,1
subversion,1
opencv,1
user interface,1
glassfish,1
master data management,1
junit,1
lotus notes,1
nunit,1
sdlc,1
data warehouse,1
python,1
oracle hr,1
r&d,1
private equity,1
amazon,1
user interface design,1
tortoise svn,1
sap erp,1
data marts,1
equities,1
silverlight,1
needs analysis,1
aluminum,1
power systems,1
star schema,1
user acceptance testing,1
online marketing,1
wss,1
pair programming,1
affiliate networks,1
3d,1
lotusscript,1
information architecture,1
cognos,1
rightscale,1
financial markets,1
adobe,1
netbeans,1
spring,1
result oriented,1
android development,1
software design,1
data analysis,1
sockets,1
seo,1
factorygirl,1
project manager,1
sapscript,1
perfmon,1
phonegap,1
delphi,1
redis,1
equity research,1
jboss,1
amazon cloudfront,1
soapui,1
business requirements,1
jboss application server,1
telerik,1
transportation,1
database design,1
customer service,1
jasmine,1
mule,1
unbuntu,1
jdbc,1
html5,1
apache,1
alternative investments,1
data quality,1
websphere,1
bash,1
java ee6,1
investment strategies,1
quality specialist,1
programming,1
teamcity,1
social media marketing,1
node js,1
unit test,1
sap bw,1
powerpoint,1
etl,1
outlook,1
redhat,1
public speaking,1
microsoft excel,1
payment gateways,1
tibco business studio,1
billing solutions,1
api,1
data warehousing,1
pmp,1
js,1
continuous improvement,1
telecommunications,1
derivatives,1
smartforms,1
olap,1
idoc,1
sap implementation,1
functional requirements,1
fixed income,1
inmon,1
ioc,1
redmine,1
asset managment,1
dimensional modeling,1
matlab,1
log4net,1
developpeur net,1
mining,1
flexmock,1
resource management,1
web design,1
open source,1
xaml,1
oop,1
administration base,1
teamplay,1
chef,1
business case,1
erp,1
sass,1
sap netweaver,1
solution architecture,1
customer management,1
fxcop,1
abap oo,1
mobile applications,1
dashboard,1
product management,1
visual basic,1
sap workflow,1
firebug,1
kimball,1
alm,1
development manager,1
flex,1
jpa,1
ruby specialist,1
portfolio management,1
rvm,1
nagios,1
ssrs,1
j2ee application,1
haml,1
sap,1
amazon web services,1
architectural patterns,1
ncover,1
fiddler,1
iis,1
air,1
resharper,1
data governance,1
capistrano,1
entity framework,1
architecture designer,1
soap web services,1
ms project,1
nhibernate,1
business analytics,1
soap,1
jsf,1
restfull web services,1
ado net,1
sql tuning,1
automation,1
moss,1
rman,1
php,1
collaboration solutions,1
debian,1
mstest,1
scss,1
disaster recovery,1
microsoft word,1
pgadmin,1
spring framework,1
django,1
facebook api,1
user experience,1
data integration,1
oracle,1
database designer,1
project portfolio,1
investments,1
sd,1
