26 offres,tfidf
information technology,17.5398904185
project management,15.0159387564
computer science,11.4383009059
risk management,11.005751027
best practices,10.3575042624
software development,9.87128344511
problem solving,9.03254488514
working knowledge,8.88741546557
fast paced,7.96748348737
real estate,7.96601707688
communication skills,7.93300711515
quality assurance,6.91828428788
self starter,6.22917377215
ability work,6.05493357683
cross functional,5.34826142997
interpersonal skills,5.11515390128
work effectively,4.80574046368
additional information,4.76443166196
verbal written,4.63043589901
high level,3.99537458042
work team,3.98005762581
supply chain,3.85660392955
business requirements,3.76661145358
written verbal,3.68086591977
client service,3.57425554753
financial services,3.47566251409
business administration,3.4419858422
leadership skills,3.32887735592
presentation skills,3.31463338294
team member,3.30840691209
