14 offres,tfidf
quality,7.15320282407
operations,6.26799508252
education,4.91572266951
reports,4.70131447544
maintain,4.40424325834
responsible,4.06109482038
industry,3.66735515036
maintenance,3.58105347158
knowledge,3.49022663979
technical,3.31767566942
time,3.07317448077
work,2.8100809547
environment,2.68943462687
working,2.4977394501
including,2.43163400069
equipment,2.21187598252
requirements,1.92958107291
software,1.8231322718
data,1.73765880456
clients,1.55886003869
safety,1.42085276057
qualifications,1.36689522244
team,0.916281276678
performance,0.855891736168
projects,0.845020297343
standards,0.837900386067
systems,0.797208275734
staff,0.744820206274
manager,0.743874084802
process,0.656475271942
management,0.449367545354
