14 offres,tfidf
cnc,34.8198913969
programmer,16.5536328394
measuring,16.4469474438
operator,13.1023444718
laser,13.0227606292
parts,12.4878812581
cmm,12.2886168652
machining,11.9015197654
inspection,11.7503027575
manufacturing,11.6822083051
blueprints,9.62887025147
programming,9.51707407236
cad,8.72822382463
wood,8.52745816954
cutting,7.39192534385
specifications,6.65895763404
control,6.21966356809
axis,6.13727528516
machinery,5.34120853547
arm,5.08176609193
accuracy,4.97380965039
aerospace,4.80026297864
certificate,4.77751641821
drawings,4.69375061361
resume,4.28572982606
recording,3.99898984244
furniture,3.8460204692
as9100,3.80033149172
print,3.71255635297
pc,3.69008245339
