autocad,4
cnc,4
cnc programming,4
manufacturing,4
solidworks,3
machining,3
cad,3
engineering,3
cnc manufacturing,3
mastercam,2
product design,2
cad cam,2
metal fabrication,2
software development,2
graphic design,2
mechanical engineering,2
machine tools,2
materials,2
lathe machine,1
waste time,1
intellectual property,1
tool design,1
operations management,1
software word excel,1
mysql,1
web server experience,1
product marketing,1
quality assurance,1
relational database,1
cnc machine,1
hand tool design,1
industrial design,1
automotive,1
gd&t,1
cnc operation,1
finite element analysis,1
adaptive,1
team based projects,1
pneumatics,1
3d graphics programming,1
search engine strategies,1
manage client,1
courses autocad autodesk inventor cnc training intermac master 43 forklift experience,1
prototyping,1
extensive cad drafting design skills autocad autodesk inventor solidworks pro engineer catia strong understanding goes good design space pplanning floor plans details sections elevations scale model building proficient 2d 3d cad drafting manual drafting architectural mechanical drafting ability convert sketches cad drawings blueprint reading ability crete aesthetically pleasing presentable drawings clients,1
able design manufacture gigs fixtures oil industry production qa,1
automotive repair,1
catia,1
current cmss wordpress,1
r&d,1
uml,1
electronics,1
axe cms maxima5 fanuc,1
hard worker,1
product development,1
easystone,1
forklift operator,1
operating,1
solid works 2010 simulation package easystone 2011 cad cam cnc router bridgesaw microsoft office autocad 2d 3d photoshop industrial mechanical tools measuring instruments welding spray painting,1
cnc machine design,1
programming,1
product launch,1
welding,1
microsoft office,1
powerpoint,1
millwork design,1
microsoft excel,1
robotics,1
tool die maker cnc programming cad cam machining,1
blueprint reading,1
troubleshooting,1
problem solving,1
c++ stl,1
perl,1
manage risk assessment,1
java,1
opengl,1
interactive development,1
browser compatibility,1
mig welding,1
continuous improvement,1
business marketing,1
maintenance,1
design manufacturing,1
blueprint,1
customer satisfaction,1
forklift overhead crame experience,1
construction,1
oop,1
work sufficiently,1
object oriented,1
verbal written,1
project management,1
inventor,1
software design,1
development languages,1
manufacturing automation,1
databases mysql sql,1
technology,1
computer graphics,1
semi auto cms,1
python,1
inventory,1
tool die maker cnc programmer operator high speed progressive die design build repair laser tool build,1
machinery,1
templates,1
motion control,1
automation,1
machine design,1
technical writing,1
design patterns,1
software engineering,1
mechatronics,1
