14 offres,tfidf
cnc machine,18.4541969824
cnc programming,13.686786553
permanent search,6.27350692495
precision measuring,5.89974344667
machine operator,5.15545620675
mechanical engineering,4.84497396658
tube bending,4.08287808169
precision machining,3.73069556358
basic welding,3.7149012964
cnc operator,3.55999933641
cad cam,3.54927547102
wood working,3.52859087216
measurement tools,3.18433572245
machine tools,2.97736789692
tool die,2.88330572679
machine operation,2.84399599278
read blueprints,2.66929893871
engineering drawings,2.59857824235
mechanically inclined,2.57659859823
work instructions,2.48445237502
staff management,2.47991425137
willing learn,2.30292103045
high attention,2.17798229384
work independently,2.12069322779
resolve issues,2.09685319969
organization skills,1.97004973509
work orders,1.94536572857
basic computer,1.9015109551
life insurance,1.90008313634
team work,1.87470555503
