1178 offres,tfidf
development,2090.12298319
software,1132.16514079
project,1126.58511696
business,948.475281207
design,855.19147212
support,764.291467091
technical,753.941795875
management,705.057678661
team,671.939602897
develop,657.64391727
sales,633.498646128
knowledge,604.681765343
solutions,565.798720101
systems,558.843001289
including,549.549284156
projects,545.883112084
marketing,507.88944778
data,506.52754153
services,503.985882084
application,501.836711219
performance,466.460996212
process,462.815066719
training,447.4274518
working,440.018433126
product,410.577959317
requirements,406.659211116
manager,402.435879878
environment,387.662791216
information,385.714901827
quality,384.126991653
work,362.500443156
customer,361.308206154
people,358.608394225
staff,357.513699011
clients,342.949208512
financial,337.151115361
industry,333.729318683
qualifications,327.599221644
reports,325.174251218
education,319.521973518
responsible,312.027452033
maintain,282.500746142
time,273.85399262
operations,264.151221335
standards,246.342713504
security,183.591509185
maintenance,147.718455703
safety,105.853530662
equipment,94.373375254
strong,0.47536051028
