1178 offres,tfidf
fundraising,667.106297215
sap,632.822876944
engineering,606.173967341
technologies,595.295287025
technology,584.25044015
applications,558.627195095
planning,549.684816287
web,543.952694587
research,542.938625084
java,506.162765241
learning,487.221980696
tools,479.418870218
skills,478.453010943
understanding,460.754105936
lead,460.28680861
developer,458.773572315
science,452.716250869
leadership,444.697868789
developing,442.397958119
processes,439.329029426
build,437.920639761
organization,424.288562395
database,419.234852332
strategic,417.881162672
programming,410.820364124
cloud,394.447971483
analysis,385.288868273
architecture,383.407886957
net,383.261737368
test,380.256079672
