1178 offres,tfidf
software development,568.585926439
computer science,393.804359759
project management,302.821431587
communication skills,289.249644045
best practices,281.132258552
ability work,244.467943165
experience working,237.440702277
problem solving,223.103858663
verbal written,185.21743596
business development,174.760011548
internal external,172.30770659
human resources,170.478814597
written verbal,168.092877003
working knowledge,163.782370723
high level,150.492442529
fast paced,148.726358431
management experience,148.551589895
professional development,144.78214488
interpersonal skills,143.224309236
real estate,139.405298845
information technology,135.057156223
business requirements,124.298177968
self motivated,123.907165783
team player,123.017781665
career development,118.536667784
organizational skills,114.663380907
customer service,108.577327348
cross functional,106.965228599
secondary education,106.734146661
project manager,104.884648903
