1178 offres,tfidf
software development manager,115.651562471
object oriented programming,90.9517667774
object oriented design,88.7489477374
test driven development,83.7860419532
real estate development,80.4394163898
agile software development,77.3468366499
service oriented architecture,52.9728156644
land use planning,49.3924141202
amazon web services,49.1238553955
software development methodologies,45.5500403241
software development lifecycle,43.6745898815
web application development,43.6264315988
ms sql server,38.4180348722
sales business development,36.8460348135
law enforcement operations,36.4799946913
air service development,36.1344152942
sql server reporting,34.6308932341
asp net mvc,33.4341116676
learning management systems,29.3798901281
project management office,26.8219416582
software development management,26.3034484641
corporate social responsibility,25.6988257035
customer relationship management,25.2257283847
cross functional team,25.2157789077
solid communication skills,24.6630246535
report writing skills,24.228163355
human resources management,23.5507699015
excellent analytical skills,2.73069556358
exceptional interpersonal skills,2.66651499019
strong presentation skills,2.65555429534
