javascript,140
html,110
jquery,95
css,93
sql,90
java,84
php,84
mysql,82
c#,80
xml,76
web development,74
agile methodologies,68
net,64
software development,61
microsoft sql server,59
ajax,58
linux,57
visual studio,56
asp net,56
scrum,55
web services,50
uml,44
c++,43
eclipse,41
photoshop,36
web applications,35
wordpress,33
web design,32
vb net,31
microsoft office,31
programming,30
subversion,29
asp net mvc,29
software engineering,29
windows,29
project management,28
git,27
architecture,27
mvc,27
design patterns,26
linq,25
oop,25
xhtml,25
databases,25
flash,24
css3,24
illustrator,24
html5,24
oracle,23
tfs,22
actionscript,22
json,21
apache,21
tomcat,21
sql server,20
hibernate,19
seo,19
soa,18
java enterprise edition,18
wcf,17
iis,17
entity framework,17
spring,17
unit testing,16
user experience,16
jsp,16
pl sql,16
software design,15
unix,15
agile,15
node js,15
drupal,15
software project,15
