1178 offres,tfidf
problem solving skills,160.237126105
verbal written communication,121.988521272
written verbal communication,120.275386044
verbal communication skills,113.63008427
project management skills,95.2970949327
ability work independently,91.4414693328
fast paced environment,78.7909769867
analytical problem solving,72.350272201
time management skills,72.1827125665
oral written communication,67.4069571134
interpersonal communication skills,63.3328430546
project management experience,59.159556542
ability work team,58.2277515708
written oral communication,56.4854644542
valid driver license,55.7224899585
work team environment,50.966419583
work fast paced,48.9236026065
ability multi task,47.1499014167
ability work pressure,44.9768110165
communication interpersonal skills,44.7621866025
work life balance,41.9393510575
subject matter expert,40.9907513483
decision making skills,39.2570569716
excellent/strong problem solving,2.09047195717
strong computer skills,1.89653399252
excellent/strong interpersonal skills,1.85436288117
excellent/strong communication skills,1.53429514078
