1178 offres,tfidf
fund development,322.125810306
design development,274.834841823
community development,256.610341074
learning development,234.653541522
land development,230.411142503
sales development,175.743793041
development teams,175.540420823
application development,171.43891876
written communication,170.556053319
software engineering,170.505727773
continuous integration,164.951767581
management skills,160.599025887
development projects,149.56845972
training development,142.310792268
sql server,140.463890473
market development,140.367602402
open source,140.206224037
web services,139.802786857
annual giving,137.018759425
work independently,132.543326737
leadership development,130.284819531
agile development,128.059427219
organizational development,126.357789987
verbal communication,123.543617512
adult learning,117.933937321
product development,117.7822151
raiser edge,115.044932252
software design,112.448923345
unit testing,110.735270332
excellent communication,1.17721709634
