44 offres,tfidf
written verbal communication,10.6573126875
verbal communication skills,10.6054745318
ability work independently,6.350102037
project management experience,6.33852391521
verbal written communication,5.67388471033
communication interpersonal skills,5.16486768491
build strong relationships,4.93842481693
new business opportunities,4.35686608123
sales customer service,3.99839266884
ability work pressure,3.74806758471
able work independently,3.54260159801
work fast paced,3.15636145849
valid driver license,2.85756358762
problem solving skills,2.60548172529
strong leadership skills,2.34185786826
strong team player,2.27556860257
strong interpersonal communication,2.1581681615
strong analytical skills,2.13757366004
strong problem solving,2.01099607439
work life balance,1.99711195512
decision making skills,1.96285284858
occupational health safety,1.95415579736
strong computer skills,1.89653399252
strong interpersonal skills,1.85778427726
organizational time management,1.84295326843
strong organizational skills,1.83777687244
ability work team,1.71258092855
strong communication skills,1.6705575615
interpersonal communication skills,1.6666537646
oral written communication,1.64407212472
