44 offres,tfidf
portfolio,162.427587337
investment,124.151895269
bdc,84.0679694572
risk,51.9975526027
proposals,44.308406034
infrastructure,38.0544670881
credit,36.5295654841
cpp,33.5292757298
developing,33.2872250041
tpm,32.126693211
understanding,31.9249099619
macro,30.5146961744
strategies,26.7932030621
housing,26.6429062407
cfa,25.2456959823
strategic,24.7266960161
strategy,24.7084231347
managing,24.1220466114
presentations,23.5572641081
construction,23.430853089
brokerage,22.8296344824
analysis,22.6640510749
end,22.3912514061
implementing,21.012732587
executive,20.9664755882
consultant,20.9649462803
review,20.922323016
banking,20.5343356243
pbx,20.3472438966
canadian,20.1485444997
