44 offres,tfidf
portfolio management,83.0105441402
investment management,55.3872474896
private investment,39.9363845177
infrastructure projects,35.9335511479
investment strategies,34.1387130074
wireless networks,32.6996472505
property management,24.7834232088
portfolio performance,22.2894077784
financial markets,21.631241243
wealth management,21.163452688
status reporting,19.435171379
financial management,19.3543999573
asset allocation,18.2845467471
ip telephony,17.7999966821
industrial sector,16.616051185
project delivery,16.4160884186
project reporting,15.5449044213
fixed income,14.973709965
service providers,14.5902970366
non profit,13.7852894801
keen attention,12.7676664708
economic development,12.3460494654
value proposition,12.3197939106
project managers,12.1425397774
business solutions,12.0157371767
financial planning,11.7998503493
service delivery,11.7903275983
financial analysis,11.0222602034
public sector,10.3749406092
verbal communication,9.94029106421
