44 offres,tfidf
project management,35.0371904315
business administration,15.4889362899
management experience,12.8554260486
communication skills,12.204626331
internal external,10.1357474465
written verbal,9.81564245272
business development,9.7996268158
change management,9.31494033857
risk management,9.17145918919
financial services,8.68915628523
ability work,8.32553366814
interpersonal skills,8.18424624204
self motivated,8.16970323843
high level,7.99074916085
analytical skills,7.78592778594
career development,7.18404047176
high degree,7.11154075574
policies procedures,6.8930567287
team player,6.71006081808
computer science,6.53617194621
management team,6.5223216428
working knowledge,6.34815390398
real estate,5.97451280766
best practices,5.91857386426
information technology,5.26196712556
decision making,5.0917030871
new business,4.9188452827
job posting,4.76373679077
verbal written,4.63043589901
driver license,4.57893509272
