portfolio management,1300
management,989
investments,963
strategy,885
project management,867
risk management,743
leadership,742
business analysis,716
equities,658
strategic planning,642
wealth management,616
program management,611
financial analysis,610
change management,572
investment strategies,569
business process,560
mutual funds,555
finance,531
asset management,519
fixed income,490
analysis,477
financial modeling,467
team leadership,457
project planning,452
project portfolio,451
asset allocation,450
capital markets,442
business strategy,440
pmo,423
integration,420
process improvement,419
investment management,398
pmp,393
vendor management,386
sdlc,374
investment advisory,372
alternative investments,372
securities,362
business development,356
banking,356
strategic financial,356
financial services,336
valuation,336
bloomberg,333
derivatives,325
cross functional team,318
requirements analysis,309
business intelligence,309
crm,305
retirement planning,299
governance,298
hedge funds,295
management consulting,293
corporate finance,274
trading,271
software project,267
project delivery,264
customer service,249
itil,249
asset managment,246
budgets,246
ms project,241
negotiation,238
software development,233
estate planning,232
equity research,230
team building,228
marketing,228
sales,227
bonds,226
microsoft excel,220
credit,217
microsoft office,215
financial markets,213
financial advisory,213
service management,210
financial risk,209
enterprise architecture,207
outsourcing,202
product management,201
business planning,200
telecommunications,199
marketing strategy,197
diligence,197
enterprise software,191
product development,191
wealth,190
requirements gathering,189
etfs,185
new business development,182
relationship management,180
training,179
mergers acquisitions,179
business transformation,175
investment banking,173
insurance,168
private equity,162
erp,160
team management,159
solution architecture,158
options,157
consulting,151
high net worth,151
forecasting,149
coaching,148
financial planning,146
agile methodologies,146
entrepreneurship,146
resource management,145
credit risk,140
contract negotiation,139
retirement,138
public speaking,136
information technology,135
research,134
market research,133
