44 offres,tfidf
asset based lending,19.4441173283
client relationship management,16.9296912774
high net worth,15.2074269827
chartered financial analyst,14.8596051856
computer skills word,11.2395072385
project portfolio management,10.5558199538
real estate management,7.11999867283
certified financial planner,6.87556691628
organizational change management,6.5739961287
partner relationship management,4.01593129206
planning budgeting forecasting,3.68493807302
project management plan,3.64354538786
human computer interaction,3.45448915164
business process engineering,3.40618447207
willing extra mile,3.31696128773
user interface design,3.26443223645
program project management,3.14502598844
long term business,3.09017732044
power point outlook,3.08651236635
high pressure situations,3.04148539654
new product development,3.00672329028
project management office,2.9802157398
anti money laundering,2.94721547969
management information systems,2.91163932543
people management skills,2.74708597977
project management professional,2.7149012964
strong customer focus,2.68784306366
excellent communications skills,2.67633790126
strong presentation skills,2.65555429534
ability learn quickly,2.64223133397
