44 offres,tfidf
project,106.684196682
financial,54.0987463044
clients,53.0012413154
business,47.3162271804
management,44.4873869901
projects,35.4908524884
manager,34.9620819857
development,34.6642018096
services,26.428527963
team,25.3504486548
support,22.9344776321
product,22.3326923478
including,21.8847060062
process,21.6636839741
requirements,19.2958107291
knowledge,19.1962465188
develop,17.3896228124
responsible,16.9212284182
performance,14.5501595149
data,13.9012704365
information,13.3536450699
industry,13.2024785413
working,12.9049871588
environment,11.5261484009
work,10.771976993
sales,10.7009906441
marketing,10.6699463819
qualifications,10.4795300387
systems,10.3637075845
reports,10.1861813634
design,9.23976380442
software,9.11566135901
education,8.84830080512
standards,8.37900386067
maintain,8.17930890834
quality,7.15320282407
training,6.40013260051
time,6.14634896154
staff,5.95856165019
solutions,5.50209452286
operations,5.37256721359
people,5.3183448296
application,5.24567990821
technical,4.97651350412
customer,3.97588122315
maintenance,2.68579010368
security,2.08626714983
safety,0.710426380284
strong,0.47536051028
