37 offres,tfidf
qa qc,28.4399599278
food science,26.8737126182
raw materials,17.2844868592
food safety,16.4279544321
road construction,15.7461105152
food chemistry,12.6234504549
hard work,11.0150896771
work instructions,9.93780950008
non conforming,9.49927239943
laboratory equipment,9.43507796533
corrective actions,9.27032860798
contract requirements,8.87381803526
industrial coatings,8.76781615472
color matching,8.24133328517
performance improvement,8.23127410926
food quality,7.99954497058
life insurance,7.60033254537
lab work,7.36987614604
materials testing,7.09855094204
product quality,7.07171594706
meat processing,6.89211196821
control testing,6.75345898546
supplier quality,6.6982919422
analytical techniques,6.39654300079
product development,6.3097615232
mathematical aptitude,6.28174005734
record keeping,6.2249643655
iso 9001,5.68799198556
written communication,5.68520177729
strong organizational,1.54916955845
