37 offres,tfidf
control,45.610866166
qa,42.0453358169
testing,40.9976751753
qc,34.5826900192
production,33.1443524283
specifications,27.967622063
gmp,26.5868298978
concrete,25.8109436036
laboratory,24.0407441631
inspection,23.500605515
technician,23.356165472
sops,22.6942010169
inspections,21.728182767
sampling,21.6147315989
test,20.9075507723
audits,20.5232747066
nde,20.4832278044
trade,20.4456701458
assurance,19.9254288639
materials,19.2140723648
analysis,17.5131303761
haccp,17.3784200179
documentation,17.293697415
regulatory,17.2907514576
manufacturing,16.8743008852
mixing,15.5421029756
calibration,14.874073737
compliance,14.493717246
plant,14.3872041811
health,14.1429537931
