37 offres,tfidf
quality,85.1231136065
product,18.8968935251
safety,15.6293803663
reports,14.8874958389
maintain,14.4710849917
process,14.4424559827
equipment,14.0085478893
environment,13.0629681876
work,12.8014799047
standards,12.568505791
systems,11.958124136
knowledge,11.3432365793
data,11.2947822297
technical,10.7824459256
manager,10.4142371872
develop,10.2756862073
information,10.2720346692
education,9.83144533902
including,9.72653600276
industry,8.80165236087
training,8.72745354616
requirements,8.6831148281
working,8.325798167
responsible,8.12218964076
time,7.85366811753
projects,7.60518267609
qualifications,7.290107853
operations,6.26799508252
management,5.39241054425
team,5.19226056784
customer,4.96985152894
maintenance,4.47631683947
application,4.37139992351
project,4.26736786726
staff,3.72410103137
solutions,2.75104726143
marketing,2.13398927639
security,2.08626714983
design,2.05328084543
support,1.72008582241
performance,1.71178347234
people,1.51952709417
sales,1.42679875254
development,1.28385932628
clients,0.779430019344
services,0.614616929371
strong,0.47536051028
