37 offres,tfidf
quality assurance control,10.4979044882
ready mix concrete,3.86102933208
quality assurance processes,3.47186324771
outstanding interpersonal skills,3.39863133418
efficient time management,3.17528759347
construction safety training,3.00069132551
sustainable forest management,2.96893472939
superior organizational skills,2.93675004602
learn new software,2.8902177212
good team player,2.85030546669
motivated team player,2.6370145207
advanced computer skills,2.55891495512
organizational communication skills,2.50981298674
