quality control,67
microsoft office,58
quality assurance,53
microsoft excel,39
project management,39
manufacturing,33
gmp,32
customer service,32
engineering,32
continuous improvement,31
autocad,30
haccp,30
research,28
teamwork,28
process improvement,27
microsoft word,25
time management,24
leadership,24
food safety,24
lean manufacturing,24
powerpoint,23
quality,23
inspection,22
laboratory,22
microbiology,22
project planning,22
food processing,21
analysis,21
product development,20
food science,20
testing,19
data analysis,19
team leadership,19
management,19
strategic planning,18
construction,18
hplc,16
analytical chemistry,16
food microbiology,16
root cause analysis,16
training,15
quality management,15
food,14
sop,14
troubleshooting,14
food industry,14
process engineering,13
food technology,13
iso,13
chemistry,13
operations management,12
food manufacturing,12
biochemistry,12
ms project,12
inventory management,12
5s,11
concrete,11
glp,11
photoshop,10
pharmaceutical industry,10
cross functional team,10
public speaking,10
problem solving,10
lifesciences,10
sales,10
report writing,10
calibration,10
windows,10
biotechnology,10
validation,10
civil engineering,9
social media,9
supervisory skills,9
matlab,9
environmental awareness,9
technical writing,9
procurement,9
sigma,9
critical thinking,8
supply chain management,8
quality auditing,8
logistics,8
food quality,8
team building,8
marketing,8
contract management,8
molecular biology,8
visio,8
cad,8
surveying,8
sap,8
contract negotiation,8
construction management,8
materials,8
html,7
r&d,7
project engineering,7
production planning,7
kaizen,7
marketing strategy,7
merchandising,7
water,7
pcr,7
negotiation,7
lims,7
gis,7
autocad civil 3d,7
fda,7
science,7
budgets,7
inventory control,7
human resources,7
spc,7
purchasing,7
project coordination,7
sensory evaluation,7
