37 offres,tfidf
quality control,67.4171627092
quality assurance,20.7548528636
health safety,16.6800166565
ability work,12.8667338508
organizational skills,11.3528099908
work team,9.2868011269
communication skills,8.5432384317
secondary education,6.93078874425
high level,6.65895763404
able work,6.49206216097
written verbal,6.13477653295
verbal written,5.78804487376
problem solving,5.41952693109
fast paced,5.31165565825
experience working,5.30001567583
year experience,4.995389039
decision making,3.81877731532
internal external,3.80090529242
continuous improvement,3.28027416572
data entry,3.18396724484
essential skills,3.14399619387
work pressure,2.80493403819
self motivated,2.72323441281
working knowledge,2.53926156159
policies procedures,2.29768557623
compensation benefits,1.84924750153
career opportunities,1.80852776866
high degree,1.77788518893
computer applications,1.77342535839
highly motivated,1.75534886913
