37 offres,tfidf
work team environment,9.1011463541
standard operating procedures,6.55575297121
work minimal supervision,5.66786922357
class drivers license,4.66037910692
written verbal communication,4.5674197232
verbal communication skills,4.54520337079
verbal written communication,4.25541353274
problem solving skills,3.90822258793
able work independently,3.54260159801
ability work team,3.42516185711
oral written communication,3.28814424943
fast paced environment,3.28295737444
work fast paced,3.15636145849
ability multi task,3.14332676111
high school diploma,2.76810573264
ability work independently,2.5400408148
root cause analysis,2.44689196989
high level accuracy,2.4280600412
data entry skills,2.38390807736
effective communication skills,2.26223882531
excellent computer skills,2.19968999207
decision making skills,1.96285284858
written oral communication,1.88284881514
strong organizational skills,1.83777687244
job task planning,1.79882352326
analytical problem solving,1.76464078539
interpersonal communication skills,1.6666537646
valid driver license,1.42878179381
time management skills,1.41534730522
excellent communication skills,1.39803272005
