132 offres,tfidf
accounts,126.239571555
selling,85.2207654358
travel,64.6754695267
competitive,56.4761105621
sell,56.0377045254
construction,55.4941257372
medical,53.9359441234
distribution,50.3885123435
industrial,49.4524372472
plan,49.3062208466
developing,48.3201653285
diabetes,48.0110612081
drive,47.6581045097
skills,47.2469769323
current,45.7849908213
self,42.8094728363
retail,42.3677309828
presentation,41.4969390552
service,38.4405569485
healthcare,37.8135194862
driver,36.4096969586
implement,35.8986728389
nutrition,35.0009914681
commercial,34.9582903554
level,34.6519561761
strategies,34.1004402608
crm,33.948470201
build,32.5894429589
license,32.5246455271
end,32.4673145389
