sales,1525
sales operations,1277
sales management,1194
account management,1044
new business development,1011
management,875
customer service,796
strategic planning,753
marketing strategy,729
marketing,716
leadership,692
negotiation,687
business development,685
key account management,648
direct sales,545
selling,539
team building,532
sales process,532
team leadership,454
forecasting,439
b2b,433
retail,431
strategy,422
sales presentations,401
crm,397
training,390
product development,374
budgets,366
product launch,362
business planning,356
business strategy,354
medical devices,348
contract negotiation,342
solution selling,340
coaching,327
pharmaceutical sales,327
project management,321
cold calling,307
salesforce,278
pharmaceutical industry,275
inventory management,274
merchandising,268
key account development,268
cross functional team,262
competitive analysis,262
pricing,253
sales effectiveness,247
product marketing,243
cardiology,238
customer satisfaction,236
healthcare,234
microsoft office,233
marketing communications,231
market planning,230
operations management,211
purchasing,206
capital equipment,203
product management,203
public speaking,200
strategic partnerships,193
event management,192
social media,190
market development,189
social media marketing,188
time management,183
advertising,179
project planning,176
brand management,172
event planning,168
customer retention,166
hospitals,163
hospital sales,162
recruiting,159
market research,157
