132 offres,tfidf
valid driver license,34.2907630514
new business opportunities,10.8921652031
problem solving skills,10.4219269012
ability work independently,10.1601632592
clean driving record,8.81207174168
communication presentation skills,8.80825795765
verbal written communication,8.51082706549
time management skills,7.07673652612
communication interpersonal skills,6.88649024654
key performance indicators,6.78180301904
basic computer skills,6.12940072475
written verbal communication,6.08989296427
customer service skills,5.5405612996
work team environment,5.46068781246
able work independently,5.31390239701
interpersonal communication skills,4.99996129379
clean drivers abstract,4.76781615472
verbal communication skills,4.54520337079
customer service sales,4.32411865548
sales customer service,3.99839266884
strong business acumen,2.42486668504
strong analytical skills,2.13757366004
excellent/strong time management,2.10434194696
strong computer skills,1.89653399252
excellent/strong interpersonal skills,1.85436288117
strong work ethic,1.81355975746
excellent/strong communication skills,1.53429514078
