132 offres,tfidf
business plans,43.5748828976
territory management,39.8159438989
trade shows,36.6015709561
sales growth,34.1866003407
customer relationships,34.1349766378
sales targets,32.8504172522
field sales,27.4304075216
sales strategies,27.3895761679
negotiation skills,27.3808259666
sales management,26.2230118848
professional sales,26.1923390078
business acumen,25.9239697306
selling skills,24.5194196263
pharmaceutical sales,23.8432913045
sales plan,23.5175045914
heavy equipment,23.4238462358
sales professional,22.7391802283
sales representatives,22.5143492285
sales presentations,22.3436828802
relationship building,20.6242267772
machine shop,20.5936586779
business business,20.5209392076
sales representative,20.4247355278
sales meetings,20.3520898482
account management,18.6525670037
capital equipment,18.2292461206
mechanical aptitude,17.5151498838
sales force,17.4362053952
excellent/strong communication,1.3015595244
