132 offres,tfidf
sales,410.918040732
business,119.90362115
customer,109.83371879
product,109.086612622
manager,102.654623703
marketing,84.2925764172
develop,80.6246148577
industry,66.7458637366
training,48.8737398585
knowledge,47.1180596371
maintain,46.5591430167
solutions,45.8507876905
support,41.8554216786
responsible,39.9340990671
information,33.8977144083
management,33.7025659016
team,31.7644175915
technical,31.5179188594
services,30.1162295392
reports,29.7749916778
equipment,29.4916797669
development,28.8868348414
requirements,27.9789255572
qualifications,27.7935361895
time,27.6585703269
education,27.5280469492
performance,23.9649686127
including,23.3436864066
environment,21.1312720683
work,21.0756071602
people,19.7538522242
clients,19.4857504836
projects,19.4354668389
working,19.1493357841
data,18.2454174479
quality,17.1676867778
process,17.0683570705
application,15.7370397246
operations,14.3268459029
standards,11.7306054049
financial,11.5925884938
staff,11.1723030941
project,10.2416828814
software,10.0272274949
systems,8.76929103307
safety,7.10426380284
design,6.15984253628
maintenance,5.37158020737
security,4.17253429966
strong,0.47536051028
