132 offres,tfidf
regional sales manager,21.1333116924
high energy level,11.7162528694
key account management,10.2889967038
key opinion leaders,10.2185534162
consumer packaged goods,8.57012387488
certified diabetes educator,8.4156336366
retail sales experience,8.1872701106
strategic selling skills,8.16575616339
maintaining professional relationships,7.81357364528
vendor managed inventory,7.63927329384
organizational communication skills,7.52943896021
launch new products,7.05718174432
long term business,6.18035464087
new product launches,6.00739367129
time management organization,5.73960651277
valid drivers licence,5.57829464954
business business sales,5.53872474896
new business development,5.47109613275
sales business development,5.26371925908
health care professionals,5.18771520735
team building skills,5.01384178586
sales skills training,4.55999933641
expense budget management,4.55999933641
work process improvement,4.38390807736
commercial business development,4.08287808169
sales force effectiveness,4.08287808169
quality assurance review,4.04811597543
excellent presentation skills,2.76760764692
strong customer focus,2.68784306366
good computer skills,2.49367341105
