132 offres,tfidf
sales experience,103.884869025
experience sales,47.3165363253
new business,44.2696075443
sales marketing,41.4032823087
product knowledge,35.7242578286
driver license,34.3420131954
self starter,26.4739885316
high level,25.3040390093
communication skills,23.1887900289
presentation skills,21.5451169891
customer service,21.4388353362
secondary education,20.7923662327
computer skills,20.3234191419
interpersonal skills,17.3915232643
written verbal,17.1773742923
self motivated,16.3394064769
organizational skills,14.7586529881
business development,14.6994402237
customer satisfaction,14.4107696971
ability work,12.8667338508
technical support,12.7333138141
analytical skills,12.4574844575
highly motivated,12.2874420839
health care,12.2424900268
problem solving,11.7423083507
internal external,11.4027158773
verbal written,10.4184807728
office suite,9.78271617485
able work,9.73809324146
fast paced,8.85275943041
