308 offres,tfidf
written verbal communication,50.2416169552
verbal communication skills,45.4520337079
project management skills,35.0070960977
communication presentation skills,30.8289028518
problem solving skills,29.9630398408
subject matter expert,29.6044315293
new business opportunities,26.1411964874
time management skills,25.476251494
written oral communication,22.5941857817
work life balance,21.9682315063
analytical problem solving,21.1756894247
project management experience,21.1284130507
verbal written communication,19.8585964861
ability multi task,18.8599605667
fast paced environment,18.6034251219
work fast paced,17.3599880217
build strong relationships,17.2844868592
ability work independently,11.4301836666
key performance indicators,11.3030050317
oral written communication,8.22036062358
strong business acumen,2.42486668504
strong time management,2.21364636196
strong analytical skills,2.13757366004
excellent/strong problem solving,2.09047195717
excellent/strong interpersonal skills,1.85436288117
strong work ethic,1.81355975746
excellent/strong communication skills,1.53429514078
