308 offres,tfidf
product life cycle,94.353654957
software product management,50.4829744482
cross functional team,50.4315578154
technical product management,30.2187290141
new product ideas,27.5212728445
new product launch,22.0241858034
launch new products,21.171545233
agile software development,18.563240796
new product development,18.0403397417
new product launches,18.0221810139
new product introduction,17.4965074803
software development lifecycle,17.4698359526
web application development,16.7793967688
people management skills,16.4825158786
make things happen,15.3257465737
business case development,15.2405798772
user experience design,13.1479922574
google webmaster tools,11.9579042061
executive level presentations,11.3455442581
market research analysis,11.0120929017
motivated self starter,10.3707416725
key opinion leaders,10.2185534162
user centered design,10.0474379133
creative problem solving,10.0470072184
user interface design,9.79329670935
software development methodologies,9.76072292659
market share analysis,9.36987614604
excellent teamwork skills,3.55999933641
strong negotiation skills,2.71957955868
strong presentation skills,2.65555429534
