308 offres,tfidf
product manager,605.645148007
product management,499.071869059
product development,265.009983974
product requirements,149.336353865
product strategy,147.045871896
product managers,146.013446207
product marketing,141.664055776
product vision,135.005931928
market research,127.495094032
user stories,109.740256182
product owner,109.612369155
new product,103.243774414
development teams,93.781868659
product positioning,90.657841167
market requirements,87.2812908547
user experience,86.5952359018
business cases,83.5639826704
agile development,77.369237278
marketing sales,75.635424148
market strategy,75.3808806881
product lifecycle,73.8913943852
technical product,66.421734005
product launch,66.4189796047
product design,59.6937661724
marketing plans,54.577997988
business case,51.9838842281
management skills,51.9585083751
software product,49.8054608811
product planning,48.606085468
strong analytical,1.67990063233
