308 offres,tfidf
strategy,233.357329605
technology,219.976849659
strategic,200.28623773
functional,197.850544672
engineering,190.939048536
drive,189.524090027
mobile,181.559698971
digital,176.700392551
analysis,173.070935481
web,165.491842244
pricing,163.204582902
competitive,160.015646593
understanding,157.898879001
build,151.744593778
portfolio,148.765453823
agile,145.695074732
vision,139.796830135
strategies,133.96601531
technologies,133.87023201
lead,128.997576935
leadership,123.629697962
delivery,121.857116641
analytics,121.106970719
innovative,117.167013727
world,116.011173641
plan,115.91287006
communicate,115.69340726
end,115.314944742
planning,112.689688472
skills,110.38049196
