308 offres,tfidf
cross functional,178.275380999
management experience,112.842073093
project management,106.362899524
internal external,96.2896007413
computer science,91.5064072469
sales marketing,84.6067073264
customer experience,77.3555800192
written verbal,67.4825418624
software development,67.1247274268
communication skills,66.5152135039
experience working,65.7201943803
management team,63.5926360173
analytical skills,51.3871233872
presentation skills,46.4048673611
fast paced,46.0343490381
ability work,44.6551351291
high level,39.9537458042
problem solving,39.7431974946
team player,38.0236779691
business requirements,37.6661145358
self starter,37.3750426329
interpersonal skills,36.8291080892
business development,35.9319649913
new business,34.4319169789
business administration,32.6988655009
verbal written,31.2554423183
decision making,30.5502185226
self motivated,29.9555785409
best practices,28.1132258552
social media,26.9451256238
