308 offres,tfidf
product,1027.303848
marketing,482.281576463
business,372.077604646
sales,341.004901857
development,259.981513572
customer,224.140303955
develop,218.160722556
technical,209.842986091
solutions,206.328544607
software,200.544549898
team,198.527609947
support,193.796335991
management,189.633104139
project,184.350291866
industry,181.900815458
data,166.815245238
requirements,157.260857442
design,156.049344252
including,147.357020442
projects,122.527943115
services,119.235684298
working,113.64714498
performance,111.265925702
work,99.7578738918
financial,98.5370021972
process,98.4712907913
environment,96.4354416206
knowledge,89.4370576445
information,83.7170825538
people,80.5349359911
responsible,79.8681981341
quality,76.5392702176
qualifications,73.8123420116
training,71.5651190785
maintain,69.8387145251
operations,64.4708065631
clients,63.9132615862
time,63.8537364338
application,55.0796390362
systems,53.4129544741
security,50.0704115959
manager,44.6324450881
education,40.30892589
reports,38.3940682161
standards,36.8676169869
equipment,20.6441758368
maintenance,17.9052673579
staff,16.386044538
safety,6.39383742256
strong,0.47536051028
