24 offres,tfidf
verbal written communication,5.67388471033
customer service representative,4.6401490463
operate cash register,2.4835409487
proficient computer skills,2.45705136841
problem solving ability,2.39788319535
data entry skills,2.38390807736
multi tasking skills,2.38030395309
organization time management,2.37459885322
conflict resolution skills,2.37036867872
effective communication skills,2.26223882531
communication presentation skills,2.20206448941
strong analytical skills,2.13757366004
strong problem solving,2.01099607439
experience customer service,1.88998554024
work team environment,1.82022927082
strong work ethic,1.81355975746
good/strong communication skills,1.77946065066
oral written communication,1.64407212472
excellent/exceptional customer service,1.59321725855
time management skills,1.41534730522
high school diploma,1.38405286632
ability work independently,1.2700204074
fast paced environment,1.09431912481
