24 offres,tfidf
treasury,76.4148633512
cash,47.6061467216
banking,29.0903088011
accounting,24.5978016364
payments,21.1151230247
payment,19.6193425932
reporting,19.3459478567
forecast,17.9447092281
thorough,15.7088337743
procedures,15.5827881695
review,14.6456261112
funding,14.0577112438
investment,13.6056871527
accounts,13.352262376
corporate,13.3257884312
understanding,12.9425310656
processes,12.921442042
investments,11.2227690909
analyst,11.1834100052
service,10.983016271
finance,10.9556603726
controls,10.8568151603
tds,10.8172704809
policies,10.6611974576
consolidation,10.4230273079
effective,10.3876257508
analysis,10.3018413977
io,10.1517242321
rms,10.0275461766
applications,9.9754856267
