24 offres,tfidf
global cash management,12.7769080222
efficient time management,12.7011503739
real estate development,6.43515331118
electronic funds transfer,4.04811597543
real estate finance,4.04811597543
accounts receivable payable,3.3912073161
customer service management,3.30472683131
customer service operations,3.29282760801
creative problem solver,3.00672329028
superior interpersonal skills,2.91163932543
accurate data entry,2.83164555439
customer service representatives,2.79657134285
canadian securities course,2.60939111163
corporate social responsibility,2.56988257035
