financial analysis,310
cash management,306
finance,267
management,236
banking,230
accounting,226
financial reporting,212
risk management,212
budgets,198
leadership,189
analysis,182
customer service,175
forecasting,174
strategic planning,155
investments,143
process improvement,134
microsoft excel,134
internal controls,132
financial modeling,131
corporate finance,126
project management,123
business analysis,121
credit,120
microsoft office,120
auditing,120
portfolio management,117
cash flow,109
strategy,108
strategic financial,102
financial accounting,98
variance analysis,96
team leadership,95
account reconciliation,95
financial services,93
treasury management,91
business process,91
commercial banking,90
business strategy,89
accounts payable,88
managerial finance,87
change management,86
relationship management,85
accounts receivable,82
sales,80
mergers acquisitions,77
wealth management,75
teamwork,69
retail banking,68
general ledger,67
capital markets,65
team building,63
treasury,62
time management,62
negotiation,62
business planning,62
financial risk,62
mutual funds,62
ifrs,61
microsoft word,61
business development,60
payroll,59
credit risk,58
financial statements,58
loans,58
cost accounting,57
diligence,57
credit analysis,54
powerpoint,54
sarbanes oxley act,53
erp,53
sap,52
project planning,51
financial planning,50
budgeting,50
public speaking,49
internal audit,49
payments,48
equities,48
retirement planning,47
insurance,46
tax,46
gaap,45
training,44
derivatives,44
marketing,42
fixed income,41
mortgage lending,41
research,40
crm,40
integration,39
estate planning,37
coaching,36
cash flow forecasting,36
securities,36
retail,36
program management,36
asset management,35
consolidation,35
executive management,35
problem solving,35
management consulting,35
commercial lending,34
mergers,34
sdlc,33
cross functional team,33
product management,33
inventory management,33
foreign exchange,32
start ups,32
vendor management,32
event planning,32
valuation,32
trading,32
business intelligence,32
quickbooks,32
