24 offres,tfidf
financial,37.6759126048
customer,22.3643318802
systems,14.3497489632
including,14.103477204
process,11.816554895
management,11.6835561792
team,11.6062295046
knowledge,11.3432365793
business,11.2913723953
manager,10.4142371872
information,10.2720346692
reports,10.1861813634
data,9.5571234251
performance,9.41480909785
services,9.21925394057
develop,8.69481140622
support,8.60042911205
standards,8.37900386067
qualifications,8.20137133462
staff,8.19302226901
maintain,7.55013130001
education,6.39043947036
working,6.24434862525
clients,6.23544015475
training,5.23647212769
quality,5.00724197685
environment,4.99466430704
requirements,4.82395268228
responsible,4.73794395711
software,4.5578306795
development,4.49350764199
operations,4.47713934466
application,4.37139992351
work,4.37123704064
sales,4.28039625762
projects,4.22510148671
solutions,3.66806301524
security,3.12940072475
people,3.03905418834
project,2.56042072036
time,2.39024681838
industry,2.20041309022
safety,2.13127914085
product,1.71789941137
technical,1.65883783471
design,1.02664042271
maintenance,0.895263367895
equipment,0.737291994172
strong,0.47536051028
