24 offres,tfidf
customer service,13.1399313351
job posting,11.1153858451
store manager,10.0019595765
management team,9.78348246419
financial services,8.68915628523
secondary education,6.93078874425
communication skills,5.49208184895
analytical skills,4.67155667157
verbal written,4.63043589901
policies procedures,4.59537115247
management experience,4.28514201619
real estate,3.98300853844
working knowledge,3.80889234239
internal external,3.80090529242
risk management,3.66858367568
career opportunities,3.61705553733
team player,3.35503040904
team member,3.30840691209
business development,3.26654227193
self starter,3.11458688607
ability work,3.02746678842
best practices,2.95928693213
health safety,2.56615640869
general manager,2.08360250969
accounts payable,1.9370086316
human rights,1.83347587803
problem solving,1.80650897703
fast paced,1.77055188608
customer experience,1.75808136407
strong attention,1.7506079856
