24 offres,tfidf
cash management,104.424373191
cash flow,38.01628988
strategic alliances,13.171310432
cash registers,12.2058784698
treasury management,11.6499171804
performance management,11.4234068064
organization planning,10.638528831
financial institutions,10.5428802014
staff management,9.91965700547
general ledger,9.3517339753
training coaching,9.19256780313
planning skills,8.9041941281
finance accounting,8.87228181067
accounting procedures,8.84164643908
liquidity management,8.4156336366
corrective action,8.36218209058
human resource,8.28579447965
computer literacy,8.08369295048
loss prevention,8.04153238758
management reporting,7.37115410522
commercial banking,6.95274645599
letters credit,6.87556691628
executive leadership,6.31547590792
oil gas,6.17579311694
foreign exchange,5.91587869017
investment products,5.80397587951
written communication,5.68520177729
special projects,5.67344306499
business banking,5.47435538222
monthly reporting,5.46784906742
