239 offres,tfidf
office manager,487.051247531
office management,144.142142691
accounts receivable,74.6930913167
office administration,74.2456327188
office equipment,70.0156122372
office operations,59.8359522469
external relations,46.2799913734
executive director,45.9443685333
petty cash,42.6864757396
executive assistant,42.6832823336
written communication,38.6593720856
guest services,37.6707466336
simply accounting,35.3139166181
time management,35.1582768502
expense reports,33.5599088033
travel arrangements,32.173987311
multi task,31.6043737025
general ledger,30.3931354197
financial statements,30.0283655217
administrative activities,28.0412448074
general office,27.5767900124
administrative duties,27.0425456891
office support,26.1305606572
management skills,25.9792541875
accounting software,25.8406056821
administrative assistant,25.8262043283
work independently,24.3879721196
private sector,24.1232301217
guest service,24.1139545239
financial management,23.6553777256
