239 offres,tfidf
verbal written communication,29.7878947292
fast paced environment,28.4522972452
time management skills,24.0609041888
problem solving skills,22.146594665
ability multi task,17.2882971861
organizational time management,16.5865794159
able multi task,15.5717900501
ability work independently,15.2402448888
customer service skills,15.2365435739
verbal communication skills,13.6356101124
interpersonal communication skills,13.3332301168
written verbal communication,12.1797859285
significant use memory,11.8253272321
oral written communication,11.508504873
work fast paced,11.0472651047
job task planning,10.7929411395
word processing software,9.56777613182
written oral communication,9.4142440757
communication interpersonal skills,8.60811280818
valid driver license,8.57269076285
strong leadership skills,2.34185786826
excellent/strong computer skills,2.0481119923
excellent time management,1.99503753195
excellent interpersonal skills,1.85094148508
excellent/exceptional/outstanding customer service,1.81713894721
excellent/strong communication skills,1.53429514078
