239 offres,tfidf
administrative support,79.7642487853
accounts payable,63.9212848429
policies procedures,55.1444538296
management experience,52.8500848664
communication skills,52.4798932233
human resources,50.1408278228
management team,45.6562514996
data entry,44.5755414277
customer service,42.8776706724
real estate,39.8300853844
ability work,39.3570682494
verbal written,38.2010961668
internal external,36.7420844934
problem solving,35.2269250521
interpersonal skills,32.7369849682
fast paced,30.9846580064
office suite,29.3481485246
computer skills,28.6918858475
business administration,27.5358867376
general manager,27.0868326259
health safety,26.9446422913
work pressure,26.6468733628
computer applications,26.6013803758
experience working,26.5000783792
decision making,24.1855896637
self starter,21.8021082025
high level,21.3086644289
professional manner,20.85201328
able work,20.5581968431
project management,20.0212516752
