239 offres,tfidf
accounts payable receivable,14.8446736469
ordering office supplies,14.2304449114
general office equipment,12.4917920118
commercial real estate,11.3184834713
website content management,10.8172704809
chief operating officer,10.5265404419
general office duties,10.0470072184
planning organizational skills,10.0353872559
general administrative support,9.01109050694
human resource management,8.19208669075
judgment decision making,8.04185009772
motivated team player,7.91104356211
advanced computer skills,7.67674486536
interact levels management,7.56369617206
type 60 wpm,7.4298025928
new hire orientation,6.4156336366
high stress environment,6.37786294828
quality patient care,6.3416665041
able meet deadlines,5.94345525914
general administrative duties,5.72641250266
word power point,5.68382608326
people management skills,5.49417195954
strategic planning facilitation,5.16205932774
revenue profit growth,4.68493807302
basic web design,4.55999933641
international real estate,4.46308932341
good people skills,3.30472683131
strong communications skills,2.96615967533
superior organizational skills,2.93675004602
good computer skills,2.49367341105
