239 offres,tfidf
administrative,206.829965788
accounting,206.621533746
payroll,160.205712737
procedures,120.952117697
bookkeeping,120.801304609
administration,108.58923884
managing,95.4394018102
meetings,94.5421189501
skills,89.5423056271
ms,87.8443367829
events,84.4798107447
accounts,80.113574256
coordinate,77.9059613835
policies,76.4052484463
organization,75.9164425757
processing,73.961440834
functions,73.4989897784
computer,72.6392146208
correspondence,71.6951477283
invoices,71.6055450842
reception,68.6147380267
budget,66.711116241
quickbooks,63.8610860019
mail,62.610756235
filing,62.4478116573
bookkeeper,62.4310911938
service,61.6738605988
executive,61.4018213656
president,61.3336990815
excellent,0.509406932341
