customer service,3349
microsoft office,2444
management,2325
microsoft excel,1852
leadership,1787
event planning,1631
time management,1491
project management,1441
budgets,1424
strategic planning,1410
microsoft word,1372
sales,1369
training,1342
social media,1341
event management,1265
marketing,1245
team building,1234
team leadership,1194
public speaking,1160
powerpoint,1104
office management,1068
outlook,1049
research,1046
human resources,968
teamwork,938
coaching,869
project planning,835
accounting,825
accounts payable,806
office administration,800
public relations,799
payroll,797
administration,787
accounts receivable,743
recruiting,737
negotiation,701
social media marketing,693
administrative,687
marketing communications,666
social networking,658
fundraising,639
marketing strategy,634
data entry,618
analysis,603
account management,600
editing,585
strategy,578
nonprofits,571
program management,570
change management,559
customer satisfaction,554
process improvement,551
invoicing,548
employee relations,534
new business development,508
inventory management,494
advertising,491
sales management,490
business development,466
policy,465
quickbooks,455
organizational,434
operations management,412
financial analysis,402
hospitality,400
retail,397
business strategy,397
bookkeeping,397
problem solving,390
performance management,386
contract negotiation,371
business analysis,370
financial reporting,365
teaching,360
entrepreneurship,360
finance,360
business planning,354
leadership development,350
purchasing,348
process scheduler,339
forecasting,339
crm,338
volunteer management,337
