239 offres,tfidf
staff,155.667423111
management,130.765955698
support,103.205149345
business,97.8585607594
including,97.7516868277
maintain,95.0058188584
financial,85.0123156211
team,80.6327523476
reports,79.1387936699
software,75.6599892798
services,74.9832653833
maintenance,69.8305426958
data,69.5063521825
systems,68.5599117131
manager,62.4854231233
performance,61.6242050041
operations,60.8890950873
environment,60.3201766312
information,58.5505976143
knowledge,58.0250178864
clients,56.8983914121
responsible,55.5016292119
work,54.4843473994
working,54.1176880855
process,53.8309722992
customer,52.6804262068
security,52.1566787458
standards,51.1119235501
project,49.5014672602
training,48.8737398585
education,44.7330762925
time,44.0488342244
equipment,43.5002276562
people,43.3065221839
qualifications,42.3737518955
development,42.3673577673
projects,42.2510148671
sales,40.6637644474
develop,37.1505578266
requirements,37.1444356535
safety,36.9421717748
quality,35.050693838
marketing,34.1438284222
industry,29.3388412029
technical,23.2237296859
solutions,22.0083780915
design,20.5328084543
application,14.8627597399
product,5.1536982341
strong,0.47536051028
