45 offres,tfidf
new product development,18.0403397417
cost benefit analysis,8.76453023838
new product ideas,7.86322081273
retail category management,4.86102933208
power electronics design,4.68493807302
small business owner,4.2078168183
web site design,4.08287808169
skin care products,3.86102933208
value stream mapping,3.65690934942
high level design,3.55999933641
disaster recovery planning,3.53881003734
ui ux design,3.51860665126
new product introduction,3.49930149606
quality assurance processes,3.47186324771
strategic business planning,3.3912073161
flexible team player,3.26443223645
product life cycle,3.25357430886
test driven development,3.22254007512
energetic team player,3.06863764258
able meet deadlines,2.97172762957
handle multiple projects,2.88330572679
project management tools,2.87875809904
content management systems,2.86539413748
exceptional/superior organizational skills,2.80093986284
strong organization skills,2.75722561112
people management skills,2.74708597977
excellent analytical skills,2.73069556358
social media platforms,2.64223133397
sales business development,2.63185962954
