45 offres,tfidf
product development,124.091976623
product management,41.2077690048
food science,35.8316168242
formulation development,26.7374565284
product analysis,19.0981832346
research development,17.8747330591
product requirements,16.9060023243
food technology,16.1924639017
capacity building,16.1127003756
new product,15.0563837688
design development,14.6858312424
health promotion,14.2728164491
sales representatives,13.5086095371
business analysis,12.9207549359
return investment,11.8317573803
sensory evaluation,11.7203604679
market research,11.3834905385
product design,10.8534120313
technical design,10.816709724
regulatory submissions,10.5558199538
product positioning,9.71334012504
business cases,9.55016944805
program management,9.5269680624
application development,9.39391335669
regulatory affairs,9.18506634787
sales support,8.90822470515
market analysis,8.67763915057
technical product,8.66370443543
strategic planning,8.66044031698
excellent communication,1.17721709634
