45 offres,tfidf
cross functional,23.1757995299
internal external,20.2714948929
project management,15.0159387564
experience working,14.8400438923
working knowledge,13.9659385888
communication skills,13.4250889641
ability work,11.3530004566
written verbal,11.0425977593
sales marketing,9.00071354536
best practices,8.87786079638
customer experience,8.79040682036
quality assurance,8.64785535985
management experience,8.57028403238
presentation skills,8.28658345735
computer science,8.17021493276
problem solving,8.12929039663
self starter,7.78646721519
computer skills,7.17297146186
management team,6.5223216428
critical thinking,6.43173498491
software development,5.92277006707
supply chain,5.78490589433
business requirements,5.64991718037
team player,5.5917173484
self motivated,5.44646882562
career opportunities,5.42558330599
product knowledge,5.3586386743
project manager,5.33311774081
high level,5.32716610723
fast paced,5.31165565825
