45 offres,tfidf
food,40.5947312178
manufacturing,33.7486017704
engineering,33.3568217323
testing,29.8164910366
production,27.6202936902
loyalty,25.810062136
tools,25.0910810581
research,24.2074546216
functional,24.0629040817
technology,23.2085667072
strategies,23.1395844627
regulatory,22.006410946
innovation,20.9062110039
plant,20.7815171505
applications,20.7183163016
trials,20.658205849
analytical,20.6361109588
skills,20.631867656
industrial,20.6051821863
strategy,20.5903526122
documentation,20.5362656803
lead,20.5223417852
sourcing,20.4049051479
cpl,19.6580520318
analysis,19.5734986556
delivery,19.4561782872
presentations,19.4000998537
culinary,19.3505959177
drive,18.8415762015
understanding,18.1195434919
