product development,3633
management,2522
project management,2243
leadership,1942
strategy,1888
strategic planning,1786
product management,1644
marketing,1610
marketing strategy,1501
business development,1379
business strategy,1254
team leadership,1214
sales,1188
cross functional team,1158
program management,1103
manufacturing,1066
new business development,1031
product marketing,938
software development,930
business analysis,911
integration,897
engineering,880
process improvement,857
project planning,841
start ups,839
customer service,827
team building,808
negotiation,779
marketing communications,764
change management,760
entrepreneurship,759
crm,754
competitive analysis,743
social media,732
analysis,724
market research,719
agile methodologies,710
sales management,701
retail,697
business planning,696
testing,669
telecommunications,645
budgets,625
social media marketing,618
advertising,615
strategic partnerships,608
business process,607
continuous improvement,598
quality assurance,595
training,577
microsoft office,567
account management,560
merchandising,553
mobile devices,540
requirements analysis,518
r&d,508
brand development,495
lean manufacturing,494
online marketing,492
enterprise software,488
digital marketing,486
commerce,485
operations management,482
software project,481
sigma,467
research,450
vendor management,447
brand management,445
forecasting,443
sdlc,431
business intelligence,427
product design,420
saas,417
fashion,411
wireless,408
coaching,407
public speaking,406
online advertising,404
cloud computing,402
team management,401
public relations,401
marketing management,398
risk management,395
management consulting,394
contract negotiation,388
engineering management,385
b2b,379
apparel,366
