45 offres,tfidf
subject matter expert,11.386319819
communication presentation skills,11.0103224471
safe work practices,9.09776810962
project management skills,7.77935468839
written verbal communication,7.61236620534
subject matter experts,7.38666480562
verbal communication skills,6.06027116106
analytical problem solving,5.29392235617
ability work independently,5.0800816296
root cause analysis,4.89378393979
ability problem solve,4.84655753851
multi tasking skills,4.76060790618
project management experience,4.22568261014
decision making skills,3.92570569716
interpersonal communication skills,3.33330752919
fast paced environment,3.28295737444
problem solving skills,2.60548172529
able work pressure,2.43614769545
good organizational skills,2.43208504204
high level accuracy,2.4280600412
strong business acumen,2.42486668504
problem solving ability,2.39788319535
data entry skills,2.38390807736
strong team player,2.27556860257
standard operating procedures,2.1852509904
excellent/strong computer skills,2.0481119923
strong interpersonal skills,1.85778427726
excellent/strong communication skills,1.53429514078
