45 offres,tfidf
product,110.804512033
marketing,62.9526836534
development,59.057529009
project,52.0618879806
technical,45.6180404545
business,44.0901207817
projects,38.0259133804
knowledge,35.7748230578
develop,33.9888082243
solutions,33.929582891
industry,33.0061963533
support,30.9615448034
design,29.7725722587
quality,27.8974910139
process,27.5719614216
sales,25.6823775457
including,24.3163400069
management,23.3671123584
working,23.3122348676
customer,21.8673467274
requirements,21.225391802
team,20.7690422714
performance,17.9737264595
information,16.9488572041
training,16.8730768559
work,16.8604857282
data,16.5077586434
software,16.4081904462
services,15.3654232343
operations,15.2222737718
maintain,15.1002626
systems,14.3497489632
education,13.7640234746
people,12.9159803005
responsible,12.1832844611
reports,11.7532861886
environment,11.5261484009
time,11.2683064295
manager,11.158111272
application,9.61707983172
qualifications,9.56826655706
clients,9.35316023213
safety,9.2355429437
maintenance,8.95263367895
financial,8.69444137034
standards,8.37900386067
staff,8.19302226901
equipment,6.63562794755
security,5.21566787458
strong,0.47536051028
