investments,1189
retirement planning,1055
wealth management,1054
strategic financial,991
mutual funds,955
estate planning,776
finance,736
retirement,690
financial advisory,674
portfolio management,672
investment strategies,671
financial planning,640
investment advisory,636
insurance,598
financial services,588
financial planners,564
wealth,564
risk management,475
banking,431
mortgage lending,404
critical illness,387
disability insurance,385
life insurance,384
financial analysis,367
asset allocation,351
securities,334
asset management,317
management,300
strategic planning,293
customer service,293
credit,284
leadership,283
pensions,282
small business,265
investment management,226
relationship management,220
fixed annuities,220
wealth accumulation,214
sales,206
loans,203
employee benefits,201
high net worth,195
equities,191
coaching,190
retail banking,175
personal finance,175
residential mortgages,171
personal financial,170
public speaking,169
business planning,158
business development,156
tax,155
term life insurance,155
long term care,154
certified financial,154
strategy,152
team leadership,146
segregated funds,144
retirement savings,139
team building,132
fixed income,131
sales management,131
training,129
credit analysis,125
alternative investments,124
budgets,122
bonds,122
microsoft office,122
marketing,120
