111 offres,tfidf
job posting,71.4560518616
career opportunities,65.1069996719
financial services,60.8240939966
career development,34.1241922409
presentation skills,16.5731669147
sales marketing,16.2012843817
continuous improvement,14.7612337457
business development,14.6994402237
analytical skills,14.0146700147
working knowledge,13.9659385888
ability work,13.6236005479
sales experience,13.5502003076
work team,13.2668587527
communication skills,12.8148576475
verbal written,12.7336987223
team player,12.3017781665
ability prioritize,12.0359596137
problem solving,11.7423083507
meet deadlines,11.7165349857
policies procedures,11.4884278812
decision making,11.456331946
internal external,11.4027158773
additional information,11.1170072112
risk management,11.005751027
management team,9.78348246419
interpersonal skills,9.2072770223
cross functional,8.91376904995
fast paced,8.85275943041
business administration,8.60496460551
written verbal,8.58868714613
