111 offres,tfidf
financial planning,604.152337884
diversity inclusion,125.995310251
planning advice,121.552717609
client acquisition,105.776308447
retirement planning,102.329135293
people manager,95.2985134593
mutual funds,94.8859218127
investment sales,84.5977019339
wealth management,82.5374654832
partner relationships,72.3823510095
retirement solutions,64.6056353593
total rewards,60.7019414219
mobile technology,54.2118350604
defined contribution,54.0563976099
self motivation,53.9538146382
hard work,52.8724304501
financial analysis,50.7023969357
passion helping,48.9005343185
working clients,46.9311993783
financial planners,44.2192568763
institutional clients,43.9096572937
training programs,40.6500620521
gender identity,38.8494960305
office work,37.4488933317
capital markets,37.1412174901
commercial banking,37.0813144319
progressive thinking,36.8910993418
referral network,35.0884681397
public sector,33.1998099494
making difference,28.4501061561
