111 offres,tfidf
financial planning analysis,87.8290969493
new client acquisitions,65.6374986453
high net worth,39.539310155
certified financial planner,24.064484207
private wealth management,23.9158084121
canadian securities course,18.2657377814
holistic financial planning,17.8523572936
financial reporting analysis,13.7186622717
personal financial planning,12.0477938762
wealth management services,11.2412579393
business decision making,10.5857726165
capital project analysis,9.36987614604
cash flow statements,8.63392257545
corporate performance management,8.24133328517
business case preparation,7.91587869017
financial analysis reporting,7.23598256678
cash flow analysis,7.14198944143
learning management systems,6.5288644729
works team environment,6.21030895281
active listening skills,6.03808905497
computer skills word,5.61975361926
customer service excellence,5.41442893547
user acceptance testing,5.3274975479
ability learn quickly,5.28446266793
individual pension plans,4.86102933208
sales marketing leadership,4.38390807736
employee stock options,4.08287808169
public sector accounting,3.7149012964
business case analysis,3.7149012964
excellent analytical skills,2.73069556358
