111 offres,tfidf
work life balance,57.9162466985
verbal written communication,9.92929824307
problem solving skills,9.11918603851
ability work team,8.56290464277
analytical problem solving,7.05856314156
effective communication skills,6.78671647594
key performance indicators,6.78180301904
ability multi task,6.28665352223
written verbal communication,6.08989296427
sales customer service,5.99758900326
fast paced environment,5.47159562407
subject matter experts,4.92444320375
subject matter expert,4.55452792758
verbal communication skills,4.54520337079
communication presentation skills,4.40412897883
ability work pressure,3.74806758471
ability work independently,2.5400408148
able work pressure,2.43614769545
ability meet deadlines,2.41309646649
multi tasking skills,2.38030395309
organization time management,2.37459885322
quality customer service,2.35655846958
able multi task,2.22454143572
strong analytical skills,2.13757366004
good/strong interpersonal skills,2.12560275188
excellent/strong computer skills,2.0481119923
excellent organizational skills,1.97993011369
excellent communication skills,1.39803272005
