111 offres,tfidf
investment,212.588861762
cfp,181.105018493
planner,163.47357653
pfp,156.947878836
fp,94.7321800844
networking,86.2291484508
csc,85.817968692
analysis,82.4147311815
finance,82.1674527946
planning,80.0010765488
accounting,73.7934049092
strength,73.4109060571
world,71.0272491678
origin,68.0518768025
color,67.7244791825
drive,67.6080087231
easy,66.4365327807
culture,65.6905828121
forecasting,65.1284283687
personal,65.1191225866
reporting,64.4864928556
diversity,61.0100100608
flexible,60.0204271465
portfolio,57.6845637272
committed,57.6807665536
supportive,57.0441146213
know,56.7766443397
budget,56.4478675885
leading,55.7810281884
plan,55.3613707752
