111 offres,tfidf
financial,411.53689153
clients,201.092944991
business,148.400894338
sales,78.4739313897
solutions,75.1952918125
support,71.0968806596
people,68.3787192377
services,65.1493945133
develop,59.2828050424
development,58.4155993459
management,57.06967826
performance,49.6417206978
process,48.5791701237
team,44.2869283728
working,44.1267302851
including,40.8514512116
work,40.7461738431
knowledge,39.7013280276
environment,39.1889045629
information,34.9249178752
training,33.7461537118
reports,33.6927537406
software,31.9048147565
industry,31.5392542931
time,29.3658894829
marketing,28.8088552312
application,27.1026795257
manager,26.0355929681
projects,25.3506089203
data,23.4583938616
requirements,23.1549728749
customer,22.8613170331
quality,21.4596084722
staff,17.8756849506
product,17.1789941137
maintain,16.987795425
systems,15.9441655147
technical,15.7589594297
qualifications,15.4914791876
education,14.7471680085
operations,11.6405622961
project,11.0951564549
standards,10.8927050189
design,9.23976380442
responsible,8.79903877749
safety,6.39383742256
maintenance,6.26684357526
security,5.21566787458
equipment,2.21187598252
strong,0.47536051028
