1053 offres,tfidf
user acceptance testing,237.073640882
business systems analyst,145.216260508
business process modeling,129.147990699
business process analysis,97.7690802225
business process engineering,91.9669807459
business process reengineering,84.6861809319
cost benefit analysis,81.8022822248
business process mapping,78.8100660847
business case development,73.1547834104
experienced business analyst,66.4153759848
end user training,54.0563976099
business systems analysis,52.9728156644
software development lifecycle,49.4978685323
corporate social responsibility,43.6880036959
web content management,42.0911405418
business process design,41.2534014977
organizational change management,39.4439767722
management information systems,37.8513112306
customer relationship management,37.8385925771
business process improvement,37.4008361875
project management office,35.7625888776
fit gap analysis,33.4341116676
helping clients succeed,31.9357637919
cross functional team,30.2589346892
user interface design,29.3798901281
systems analysis design,28.7508608294
high level design,28.4799946913
quality assurance testing,28.3811324038
critical thinking skills,27.5235744044
excellent analytical skills,2.73069556358
