1053 offres,tfidf
business,2121.16495712
project,1950.18711534
requirements,1181.38601189
data,1053.89006497
solutions,886.754233935
management,787.29193946
technical,743.988768866
projects,726.717455715
development,699.703332824
systems,675.235409546
financial,647.25285757
support,636.431754291
process,623.651508345
design,573.891996297
knowledge,555.382314056
information,511.033724791
software,510.477036104
clients,492.599772226
working,471.656466161
application,448.505632152
team,441.036721174
develop,433.95013291
including,409.000838916
services,401.344854879
product,392.540015498
industry,314.659071901
work,285.37933251
reports,275.810449226
environment,269.71187258
training,263.569097094
quality,257.515301667
customer,232.092066402
operations,227.438678709
manager,214.979610508
qualifications,212.780022959
standards,206.123494972
time,201.805124237
performance,201.134558
security,191.936577784
responsible,185.456663464
staff,180.246489918
education,173.033437967
sales,167.648853424
people,158.790581341
marketing,131.240340498
maintain,123.318811233
maintenance,96.6884437326
safety,28.4170552114
equipment,11.7966719068
strong,0.47536051028
