1053 offres,tfidf
subject matter experts,201.902171354
problem solving skills,164.145348693
analytical problem solving,157.0530299
written oral communication,109.205231278
verbal written communication,104.966867141
written verbal communication,91.3483944641
project management skills,87.5177402444
time management skills,84.9208383135
ability work independently,83.8213468884
oral written communication,75.6273177369
verbal communication skills,74.2383217229
communication presentation skills,61.6578057036
fast paced environment,52.5273179911
ability multi task,47.1499014167
organizational time management,42.3879251739
interpersonal communication skills,39.9996903503
decision making skills,39.2570569716
subject matter expert,38.7134873845
root cause analysis,36.7033795484
project management experience,31.6926195761
ability work team,29.1138757854
able work independently,28.340812784
strong business acumen,2.42486668504
strong analytical skills,2.13757366004
strong problem solving,2.01099607439
excellent time management,1.99503753195
excellent/strong interpersonal skills,1.85436288117
excellent/strong communication skills,1.53429514078
