1053 offres,tfidf
business analyst,3039.00377373
business analysis,1330.8377584
business processes,766.954487516
business process,532.000500246
use cases,506.800723597
functional requirements,456.785963586
requirements gathering,444.97498267
test cases,330.761570846
capital markets,276.237805082
functional specifications,227.321516666
business cases,226.816524391
user requirements,215.261409335
user stories,213.704709407
use case,202.48607617
process mapping,193.028739353
data analysis,189.390988919
management skills,178.312153742
business rules,175.562024372
credit risk,171.639022346
business intelligence,166.271553392
information systems,165.558361577
written communication,150.089326921
gap analysis,150.025173935
technical requirements,148.995672785
application development,147.954135368
requirements management,147.463402382
design development,146.858312424
business systems,144.465558294
test scripts,144.369465007
strong analytical,1.67990063233
