business analysis,5330
project management,3674
business process,3090
requirements analysis,2828
analysis,2791
management,2736
requirements gathering,2340
sdlc,2171
process improvement,2116
change management,1949
team leadership,1933
leadership,1893
integration,1724
visio,1703
business intelligence,1670
strategy,1664
microsoft office,1541
sql,1487
project planning,1461
software documentation,1448
business requirements,1444
data analysis,1335
customer service,1315
microsoft excel,1296
strategic planning,1285
software project,1237
testing,1148
sharepoint,1138
program management,1126
agile methodologies,1122
financial analysis,1081
vendor management,1079
software development,1015
crm,992
quality assurance,980
user acceptance testing,961
training,958
databases,957
risk management,917
ms project,903
business strategy,903
systems analysis,857
erp,802
microsoft sql server,778
budgets,736
pmp,731
teamwork,722
telecommunications,713
sap,712
cross functional team,685
itil,676
forecasting,656
team building,650
research,632
marketing,628
pmo,627
time management,618
business development,601
access,591
powerpoint,589
sales,586
management consulting,580
banking,560
project delivery,548
financial modeling,547
oracle,541
problem solving,539
accounting,537
