1053 offres,tfidf
analysis,977.64474864
documentation,726.335291428
technology,719.465567922
implementation,709.537509028
processes,669.146105744
testing,646.02397246
functional,582.85700998
understanding,570.334202292
documenting,529.66215901
test,522.688769309
sql,494.922113805
analyze,489.065717565
skills,469.581307851
end,469.096716959
reporting,459.6965705
change,452.280330548
risk,451.97872647
applications,416.668361177
modeling,403.128437453
experience,376.86149317
enterprise,373.002140012
finance,371.122995122
toronto,362.00236947
stakeholder,360.366017897
agile,358.48656546
tools,353.963464927
developing,339.314938752
specifications,336.943256282
operational,335.639332723
organization,334.875863362
