1053 offres,tfidf
business requirements,1303.24756294
experience working,438.841297959
project management,431.708239246
information technology,343.781852203
change management,337.200840256
computer science,287.591565633
communication skills,255.686921634
problem solving,238.459184968
best practices,238.222598036
software development,199.399925591
project manager,195.547650496
ability work,193.001007761
analytical skills,180.633524634
high level,167.805732378
risk management,159.583389892
presentation skills,149.158502232
internal external,146.968337974
financial services,144.239994335
verbal written,140.070685945
written verbal,136.192039031
working knowledge,135.850493545
cross functional,130.141028129
interpersonal skills,120.71763207
business administration,120.469504477
quality assurance,112.422119678
continuous improvement,109.889184551
work effectively,100.920549737
health care,96.4096089607
decision making,91.6506555678
supply chain,88.7018903797
