54 offres,tfidf
root cause analysis,14.6813518194
standard operating procedures,10.926254952
problem solving skills,5.21096345058
key performance indicators,4.52120201269
able work independently,3.54260159801
written verbal communication,3.04494648214
verbal communication skills,3.03013558053
verbal written communication,2.83694235516
ability work independently,2.5400408148
quality customer service,2.35655846958
strong leadership skills,2.34185786826
fast paced environment,2.18863824963
positive work environment,2.14922210304
strong analytical skills,2.13757366004
work life balance,1.99711195512
excellent time management,1.99503753195
excellent organizational skills,1.97993011369
project management skills,1.9448386721
strong computer skills,1.89653399252
written oral communication,1.88284881514
excellent/strong interpersonal skills,1.85436288117
communication interpersonal skills,1.72162256164
ability work team,1.71258092855
interpersonal communication skills,1.6666537646
time management skills,1.41534730522
excellent communication skills,1.39803272005
