54 offres,tfidf
quality,238.201654042
manager,49.8395636817
product,48.960133224
standards,39.3813181451
management,36.3987711737
requirements,31.838087703
operations,28.6536918058
customer,25.8432279505
technical,24.8825675206
performance,24.8208603489
systems,24.7134565477
develop,24.5035594175
maintain,22.6503939
industry,22.0041309022
process,21.6636839741
staff,21.5997859819
maintenance,21.4863208295
knowledge,21.3776381687
team,20.7690422714
training,20.3640582744
software,19.1428888539
including,17.9940916051
development,16.6901712417
design,16.4262467634
business,16.1305319933
data,15.6389292411
working,15.4027266089
reports,14.8874958389
environment,14.5997879744
education,13.7640234746
responsible,13.5369827346
projects,13.5203247575
equipment,13.2712558951
clients,13.2503103289
support,13.1873246385
project,12.8021036018
qualifications,10.9351617795
security,10.4313357492
time,9.90245110471
work,9.83528334144
information,8.7312294688
solutions,7.33612603049
application,6.99423987761
marketing,5.33497319096
sales,4.99379563389
safety,4.97298466199
services,4.91693543497
financial,3.8641961646
people,3.79881773543
strong,0.47536051028
