54 offres,tfidf
quality assurance,178.145820413
quality control,30.1603096331
management team,29.3504473926
internal external,24.0724001853
continuous improvement,21.3217820772
leadership skills,13.3155094237
working knowledge,12.696307808
experience working,11.6600344868
secondary education,11.0892619908
problem solving,10.8390538622
customer satisfaction,9.60717979808
written verbal,8.58868714613
ability work,8.32553366814
interpersonal skills,8.18424624204
communication skills,7.93300711515
best practices,7.39821733032
technical support,7.27617932236
management experience,7.14190336032
policies procedures,5.74421394058
team oriented,5.41637967605
human resources,5.01408278228
project management,5.00531291879
year experience,4.995389039
computer science,4.90212895966
analytical skills,4.67155667157
verbal written,4.63043589901
fast paced,4.4263797152
software development,3.94851337805
decision making,3.81877731532
sales marketing,3.60028541815
