54 offres,tfidf
quality management systems,19.6874744128
quality assurance management,11.7948312191
statistical process control,7.14198944143
quality assurance control,6.99860299212
software quality assurance,6.455121753
new product development,6.01344658055
consumer product testing,5.16205932774
meter data management,4.46308932341
agile waterfall methodologies,4.31696128773
quality improvement tools,4.31696128773
engineering change control,4.16205932774
black box testing,4.16205932774
iso ts 16949,3.88330572679
sigma green belt,3.81963664692
certified internal auditor,3.80033149172
sigma black belt,3.69966132984
natural health products,3.65690934942
quality improvement processes,3.59385760367
non destructive testing,3.57099472071
chief operating officer,3.50884681397
time project management,3.36271877829
test automation tools,3.29282760801
judgement decision making,3.1982715004
high stress environment,3.18893147414
high quality standards,3.17528759347
leadership team building,3.14087002867
new product launches,3.00369683565
new business development,2.73554806638
good problem solving,2.62298322895
good computer skills,2.49367341105
