quality assurance,554
management,258
continuous improvement,249
quality management,248
project management,243
process improvement,240
quality,228
manufacturing,209
testing,185
lean manufacturing,167
iso,167
sigma,162
leadership,161
quality control,156
gmp,144
team leadership,135
root cause analysis,132
product development,131
business analysis,129
change management,126
sdlc,126
project planning,123
quality auditing,121
program management,117
agile methodologies,117
engineering,115
integration,112
cross functional team,110
requirements analysis,108
business process,107
operations management,106
team building,105
5s,104
training,103
iso 9000,101
strategy,99
analysis,99
strategic planning,98
haccp,96
software documentation,96
software development,94
customer service,93
food safety,92
software quality,88
spc,85
test planning,85
process engineering,82
software project,81
microsoft office,80
kaizen,80
fmea,77
food industry,76
test automation,74
inspection,71
sop,69
food science,69
auditing,68
food processing,66
user acceptance testing,63
supply chain,62
scrum,62
supplier quality,62
negotiation,61
ms project,60
requirements gathering,60
sql,60
supply chain management,59
problem solving,58
fda,58
regression testing,56
