54 offres,tfidf
food safety,53.3908519042
quality management,46.1429261087
quality systems,42.7545820003
food science,26.8737126182
corrective actions,23.17582152
iso 9001,22.7519679422
product quality,21.2151478412
quality improvement,18.2728990089
regulatory compliance,17.2053616763
corrective action,14.6338186585
manufacturing processes,13.6696226686
supervisory management,13.3050003276
quality engineering,12.8703066224
customer requirements,12.8009284503
department management,12.7011503739
action plans,12.4097252775
quality compliance,12.1924639017
heat treatment,11.6499171804
process control,10.8909065356
work instructions,9.93780950008
raw materials,9.87684963386
train employees,9.43507796533
internal audits,8.80251786938
lead team,8.60364786786
management review,8.57012387488
employee training,8.53826694685
qa qc,8.53198797834
product development,8.41301536426
document control,8.33473188528
strong leadership,1.90174938195
