54 offres,tfidf
assurance,171.026597748
qa,133.780613963
gmp,67.6755670125
audits,64.9903699042
plant,49.5559255128
regulatory,47.1565948843
compliance,46.8258557177
production,43.0876581568
test,41.8151015447
manufacturing,41.5367406405
control,41.4644237872
procedures,40.0700267216
processes,37.84136598
testing,36.0282600026
haccp,34.7568400358
audit,33.8458817642
engineer,31.6971799513
review,30.3373683733
inspection,30.2150642336
implement,29.9155606991
automotive,29.8439360111
specifications,27.967622063
sqf,26.585681896
auditing,26.5696284949
engineering,26.4554103394
capa,26.389891741
lead,26.3858680095
cqe,26.3488352335
regulations,26.1147009502
iso,25.6312177319
