project management,450
management,351
graphic design,305
leadership,251
project planning,222
photoshop,221
adobe creative suite,209
strategic planning,206
illustrator,201
marketing,196
advertising,195
strategy,195
web design,191
autocad,189
creative direction,184
social media,183
indesign,175
microsoft office,173
engineering,171
product development,167
program management,167
team leadership,162
customer service,161
art direction,159
construction,156
brand development,150
graphics,144
interior design,142
logo design,142
marketing communications,141
marketing strategy,137
concept development,132
budgets,127
team building,124
typography,123
telecommunications,121
social media marketing,121
photography,120
user experience,118
integration,116
design management,113
construction management,112
corporate identity,111
change management,111
training,109
sales,108
layout,107
cad,106
manufacturing,105
space planning,104
html,103
retail,102
illustration,101
sketching,99
user interface design,98
corporate branding,97
product design,95
process improvement,94
contract management,92
concept design,91
packaging,91
analysis,91
business analysis,88
interaction design,87
branding identity,86
software development,86
architecture,85
public speaking,85
web development,85
research,84
cross functional team,84
coaching,81
brochures,81
testing,80
rendering,80
business development,77
microsoft excel,77
product management,76
business strategy,76
architectural design,75
design research,74
merchandising,73
digital marketing,72
creative strategy,72
negotiation,72
wordpress,71
wireless,71
event planning,70
online marketing,70
seo,70
business process,70
project engineering,69
sketchup,69
integrated marketing,69
powerpoint,69
event management,69
furniture,68
ms project,68
entrepreneurship,68
information architecture,67
interior architecture,67
css,65
new business development,65
project coordination,64
procurement,64
email marketing,63
digital media,63
agile methodologies,62
engineering management,62
public relations,62
operations management,61
crm,61
online advertising,61
posters,61
dreamweaver,60
contract negotiation,60
team management,59
visual communication,59
industrial design,58
art,58
sustainable design,58
sales management,57
fashion,57
construction drawings,56
social networking,56
time management,55
start ups,55
editing,55
civil engineering,54
copywriting,54
design strategy,54
commerce,54
embedded systems,54
drawing,54
organizational,53
vendor management,52
solidworks,52
digital strategy,51
adobe acrobat,51
electronics,51
account management,51
submittals,51
feasibility studies,50
continuous improvement,50
networking,50
business planning,49
software design,49
proposal writing,49
risk management,49
requirements analysis,49
retail design,49
troubleshooting,48
mobile devices,48
instructional design,48
revit,48
sustainability,48
flash,47
residential design,47
sdlc,47
project estimation,47
performance management,47
visual merchandising,46
leadership development,46
renovation,46
nonprofits,46
microsoft word,46
