34 offres,tfidf
experience working,16.9600501627
analytical skills,9.34311334313
best practices,8.87786079638
project management,7.50796937819
management experience,7.14190336032
project manager,7.11082365441
presentation skills,6.62926676588
continuous improvement,6.56054833143
management team,6.5223216428
real estate,5.97451280766
supply chain,5.78490589433
business requirements,5.64991718037
communication skills,5.49208184895
education training,5.21153307333
internal external,5.06787372323
verbal written,4.63043589901
interpersonal skills,4.09212312102
working knowledge,3.80889234239
ability work,3.78433348552
problem solving,3.61301795406
product knowledge,3.57242578286
quality control,3.54827172154
customer experience,3.51616272814
information technology,3.50797808371
business administration,3.4419858422
training experience,3.28999090852
business development,3.26654227193
written verbal,2.45391061318
team player,2.23668693936
career opportunities,1.80852776866
