34 offres,tfidf
project management experience,6.33852391521
verbal written communication,5.67388471033
key performance indicators,4.52120201269
problem solving skills,3.90822258793
ability work independently,3.8100612222
communication interpersonal skills,3.44324512327
ability multi task,3.14332676111
verbal communication skills,3.03013558053
time management skills,2.83069461045
root cause analysis,2.44689196989
multi tasking skills,2.38030395309
subject matter expert,2.27726396379
strong team player,2.27556860257
strong analytical skills,2.13757366004
good/strong interpersonal skills,2.12560275188
excellent time management,1.99503753195
occupational health safety,1.95415579736
strong work ethic,1.81355975746
exceptional/strong customer service,1.80224330799
strong communication skills,1.6705575615
work fast paced,1.57818072924
written verbal communication,1.52247324107
fast paced environment,1.09431912481
