34 offres,tfidf
design,225.860892997
project,70.8383065965
projects,50.7012178406
team,34.5132614215
development,26.9610458519
management,26.5126851759
solutions,23.8424095991
standards,23.4612108099
knowledge,22.2501948286
product,21.4737426421
systems,20.7274151691
including,19.9393988056
requirements,19.7782059973
working,19.1493357841
support,18.9209440465
technical,18.2472161818
quality,17.8830070602
staff,17.8756849506
develop,17.3896228124
business,16.6682163931
process,16.4118817986
manager,16.3652298656
performance,13.6942677787
software,12.7619259026
application,12.2399197858
work,12.0209018618
customer,11.9276436695
clients,11.6914502902
time,11.6097702607
people,11.3964532063
reports,10.1861813634
financial,9.66049041149
environment,9.22091872069
operations,8.95427868931
services,7.99002008183
training,7.56379307334
responsible,7.44534050403
industry,7.33471030073
maintain,6.92095369167
information,6.67682253496
qualifications,6.37884437137
sales,5.70719501016
safety,5.68341104227
data,5.21297641369
equipment,5.16104395921
education,4.42415040256
maintenance,3.58105347158
marketing,2.13398927639
security,1.04313357492
strong,0.47536051028
