34 offres,tfidf
design management,25.0940276998
mechanical design,22.164968932
design strategy,22.0241858034
roadway design,21.0390840915
experience design,19.4631563044
graphic design,18.4089816563
interior design,16.1358172705
structural analysis,15.7264416255
sustainable design,15.4441173283
systems design,14.5827332996
production manager,13.6777403319
electrical design,13.478670553
solution development,11.8646387013
solution design,11.359360132
retail design,11.3455442581
ms project,11.2227690909
product design,10.8534120313
engineering design,10.6605187187
engineering drawings,10.3943129694
projects management,10.1517242321
creative direction,9.9886512451
building design,9.86099419305
networking protocol,9.72205866415
creative director,9.65272996677
civil engineering,9.57072800666
management skills,9.44700152274
goal orientated,9.35020904686
building services,9.24863424508
design production,9.05713358246
strong leadership,1.90174938195
