34 offres,tfidf
adobe creative suite,7.7030003321
certified business analyst,4.25896934075
new product ideas,3.93161040636
trusted business advisor,3.74708597977
chief operating officer,3.50884681397
manage client relationships,3.45448915164
flexible approach work,3.44605598411
ontario building code,3.36271877829
project management office,2.9802157398
excellent presentation skills,2.76760764692
people management skills,2.74708597977
project management professional,2.7149012964
exceptional/outstanding communication skills,2.65652798038
service level agreements,2.55783327466
creative problem solving,2.51175180461
planning organizational skills,2.50884681397
