34 offres,tfidf
engineering,48.3098797502
construction,44.3953005897
designer,29.1048125844
lead,27.3631223802
pnr,25.5538160445
ux,24.7542305848
delivery,24.5762252049
structural,24.2331972896
autocad,23.2369908666
cost,22.9409691626
specifications,21.3086644289
fw,20.2405798772
revit,20.0577589624
creative,19.4294931637
leadership,19.374803412
understanding,18.9823788962
planning,18.0647592207
production,17.6769879618
infrastructure,17.4416307487
drainage,17.2188195383
ibc,17.035877363
managing,16.7805541644
current,16.7291312616
ic,16.616051185
art,16.5753476543
meetings,16.489904468
mechanical,16.4410575206
discipline,16.369196208
bim,16.1632020101
building,16.1509905939
