244 offres,tfidf
new business opportunities,63.1745581779
valid driver license,31.4331994638
written verbal communication,28.9269915803
verbal written communication,26.950952374
verbal communication skills,24.2410846442
communication presentation skills,22.0206448941
ability work independently,21.5903469258
time management skills,18.3995149679
key performance indicators,13.5636060381
problem solving skills,13.0274086264
ability multi task,12.5733070445
fast paced environment,12.037510373
decision making skills,11.7771170915
project management skills,11.6690320326
written oral communication,11.2970928908
communication interpersonal skills,10.3297353698
organizational time management,9.21476634216
analytical problem solving,8.82320392695
interpersonal communication skills,8.33326882298
work fast paced,7.89090364621
occupational health safety,7.81662318942
build strong relationships,7.40763722539
strong business acumen,2.42486668504
strong analytical skills,2.13757366004
excellent time management,1.99503753195
strong computer skills,1.89653399252
excellent/strong interpersonal skills,1.85436288117
excellent/strong communication skills,1.53429514078
