244 offres,tfidf
business development,354.419836505
new business,173.799199989
sales experience,115.92949152
sales marketing,88.2069927446
presentation skills,56.34876751
communication skills,50.0389679571
self motivated,49.0182194306
experience sales,43.8116077086
written verbal,40.4895251175
project management,36.2885186612
financial services,34.7566251409
verbal written,33.5706602678
driver license,32.052545649
customer satisfaction,32.0239326603
self starter,31.1458688607
internal external,30.4072423394
fast paced,30.0993820634
problem solving,28.9041436325
ability work,28.0040677928
business administration,27.5358867376
interpersonal skills,26.5988002866
analytical skills,26.4721544722
customer service,26.2798626702
secondary education,24.9508394793
high level,23.9722474825
organizational skills,23.8409009807
experience working,23.3200689737
cross functional,23.1757995299
high degree,23.1125074561
computer skills,22.7144096292
