244 offres,tfidf
selling,190.00039507
accounts,163.868674614
strategic,142.178502093
build,116.099890541
travel,116.061459014
developing,105.230582271
skills,96.5571406301
prospecting,95.7038848713
drive,95.3162090194
proposals,95.1810203693
strategies,94.9940835837
crm,91.1248410657
organization,87.7256669764
presentation,85.4348745254
commercial,82.4016844091
presentations,81.7575636691
events,80.9102412766
plan,79.5819704893
professional,79.5514526697
understanding,79.3808572025
planning,79.1408499192
technology,78.7073131808
strategy,78.2433399265
self,78.173819962
competitive,77.8685766841
building,74.1045450779
meetings,73.6549066239
pricing,71.0990262147
present,70.5306541721
service,68.8550635452
