244 offres,tfidf
business development manager,419.276062862
new business development,60.1820574603
sales business development,42.1097540726
business business sales,19.3855366214
local store marketing,15.2785465877
commercial real estate,14.1481043391
meeting sales goals,13.2432039161
energetic team player,12.2745505703
consumer packaged goods,11.4268318332
customer relationship management,10.0902913539
long term business,9.27053196131
account management experience,8.93210369077
online marketing strategy,8.63392257545
word power point,8.52573912489
highly self motivated,8.47080850241
sales force automation,8.03186258413
canadian securities course,7.82817333489
team building skills,7.52076267879
market research analysis,7.34139526781
search engine marketing,6.89211196821
communication skills listening,6.75345898546
great people skills,6.67196905008
trusted business partner,6.64642047401
regional sales manager,6.03808905497
strong leadership qualities,3.24824547536
excellent listening skills,3.11284130507
exceptional interpersonal communication,3.10898088426
strong negotiation skills,2.71957955868
excellent/strong presentation skills,2.71158097113
