business development,3398
management,2554
sales,2492
new business development,2307
strategic planning,1953
leadership,1924
account management,1868
sales management,1864
marketing,1771
marketing strategy,1767
strategy,1663
negotiation,1459
customer service,1402
business strategy,1383
project management,1374
team leadership,1260
crm,1217
team building,1084
sales operations,1012
business planning,993
contract negotiation,946
training,870
solution selling,844
b2b,843
product development,811
sales process,795
direct sales,781
marketing communications,778
social media,777
strategic partnerships,775
budgets,755
key account management,752
coaching,721
product management,713
social media marketing,710
entrepreneurship,702
selling,700
program management,661
project planning,647
start ups,639
market research,635
competitive analysis,619
product marketing,604
forecasting,599
cross functional team,590
advertising,583
business analysis,563
lead generation,561
change management,552
public speaking,545
salesforce,533
online marketing,532
operations management,529
retail,517
event management,493
enterprise software,487
public relations,479
recruiting,476
sales presentations,458
analysis,456
microsoft office,453
saas,443
telecommunications,426
event planning,420
online advertising,417
time management,411
customer satisfaction,410
cloud computing,409
cold calling,402
process improvement,399
team management,392
manufacturing,384
digital marketing,382
marketing management,377
management consulting,361
pricing,342
business intelligence,340
