244 offres,tfidf
sales targets,73.4303444461
cold calling,58.028996782
client relationships,54.4889217056
sales strategies,52.2891908659
trade shows,49.51977247
marketing sales,48.3226320946
sales process,44.8700959438
sales growth,43.954200438
business plans,41.2814680082
lead generation,40.2724513686
business planning,40.0647668973
fortune 500,40.0495117612
sales manager,39.811854769
business marketing,37.6615736771
sales strategy,37.5688996501
sales skills,37.3861313596
development sales,36.0095361698
business plan,35.9634587299
time management,35.1582768502
sales management,34.9640158465
verbal communication,34.0809979344
business acumen,33.9005758016
account manager,33.6761892063
negotiation skills,33.2481458166
value proposition,32.0314641675
management skills,31.8836301393
account management,31.0876116728
vice president,30.160968801
customer relationships,30.1190970334
excellent communication,1.17721709634
