244 offres,tfidf
sales,614.236862969
business,468.860796606
marketing,268.882648825
clients,231.490715745
development,222.74959311
develop,209.46591115
industry,185.568170608
customer,179.411640195
services,158.571167778
solutions,149.473567871
product,125.40665703
management,116.835561792
financial,99.5030512384
knowledge,93.3635626143
team,86.7412941922
technical,85.4301484874
including,84.620863224
responsible,81.8987455443
maintain,78.0180234334
project,74.2522008903
requirements,65.1233612107
information,63.1730132154
people,62.300610861
support,60.7763657251
working,58.280587169
software,54.693968154
performance,52.2093959063
projects,51.5462381379
process,51.2050712115
environment,49.178233177
work,47.9274918385
qualifications,46.4744375629
education,44.7330762925
time,44.3902980556
reports,43.8789351041
data,41.7038113095
training,38.4007956031
operations,35.8171147573
application,33.2226394187
systems,32.6855393051
manager,31.9865856465
design,29.7725722587
quality,26.4668504491
staff,26.0687072196
security,23.9920722231
standards,18.4338084935
maintenance,12.5336871505
safety,7.81469018313
equipment,7.37291994172
strong,0.47536051028
