12 offres,tfidf
project,17.9229450425
projects,8.45020297343
business,4.83915959799
reports,4.70131447544
information,4.62241560113
work,4.37123704064
equipment,3.68645997086
environment,3.45784452026
education,3.44100586866
performance,3.42356694467
develop,3.16174960226
maintain,3.14588804167
management,3.14557281748
clients,3.11772007738
time,2.73171064957
working,2.4977394501
team,2.44341673781
requirements,2.41197634114
design,2.05328084543
development,1.92578898942
software,1.8231322718
qualifications,1.82252696325
knowledge,1.74511331989
standards,1.67580077213
staff,1.48964041255
including,1.45898040041
quality,1.43064056481
safety,1.42085276057
security,1.04313357492
operations,0.895427868931
data,0.868829402282
product,0.858949705684
systems,0.797208275734
manager,0.743874084802
industry,0.733471030073
process,0.656475271942
services,0.614616929371
strong,0.47536051028
