12 offres,tfidf
technical training,9.93854365131
construction management,9.7251082083
reporting systems,8.26145808729
summarizing information,6.84339327649
document use,5.8504147303
finding information,5.80251786938
computer use,5.7167463645
planning organizing,5.06309205513
cost estimation,3.65690934942
implementing processes,3.6305804107
mining engineering,3.58227573112
site inspection,3.51860665126
quantity surveying,3.37672949273
profit margins,3.22254007512
analyzing information,3.1051544764
reporting skills,2.99179761235
pressure handling,2.9419512397
analyze information,2.85030546669
process documentation,2.84608898228
building construction,2.83777687244
vendor relationships,2.79657134285
industrial construction,2.79099146547
communicates effectively,2.75212620441
close attention,2.66790473372
project execution,2.64354538786
documentation skills,2.62550088517
work autonomously,2.57999596483
change orders,2.57099472071
building codes,2.56326882098
financial performance,2.56108643205
