12 offres,tfidf
estimating,41.3099377873
estimates,23.9719479061
construction,17.2648391182
estimation,13.224317149
material,13.136854439
glazing,13.1249829418
civil,11.592729851
cost,11.4704845813
estimator,10.6276373977
labour,10.626793905
review,8.36892920642
specifications,6.65895763404
000,6.28050814324
suppliers,6.27464994176
submittals,6.00739367129
languages,5.90800717733
blueprints,5.77732215088
numeracy,5.50778511309
monitoring,5.16966793236
restoration,5.13092446423
remediation,5.09221855217
databases,4.96625706652
pricing,4.84766087827
foreman,4.84024050002
glass,4.75774127333
drawings,4.69375061361
pressure,4.660790237
applications,4.60407028925
engineering,4.60094092859
attention,4.34392594015
