12 offres,tfidf
computer applications,7.09370143356
work pressure,5.60986807638
reading text,5.24125793931
decision making,5.0917030871
critical thinking,4.82380123868
essential skills,4.71599429081
problem solving,3.61301795406
fast paced,3.54110377216
continuous learning,3.37132500203
ability work,3.02746678842
project management,2.5026564594
driver license,2.28946754636
product knowledge,1.78621289143
quality control,1.77413586077
year experience,1.66512967967
business development,1.63327113597
work effectively,1.60191348789
communicate effectively,1.53305770845
working knowledge,1.2696307808
human resources,1.25352069557
written verbal,1.22695530659
team player,1.11834346968
experience working,1.06000313517
communication skills,0.61023131655
