20 offres,tfidf
credit risk management,10.2889967038
service level agreements,7.67349982397
ad hoc reporting,6.05704083874
financial statements analysis,3.93161040636
small claims court,3.80033149172
excellent telephone etiquette,3.65690934942
staff training development,3.6305804107
planning organizing skills,3.28699806435
effective team player,3.1051544764
sustainable forest management,2.96893472939
consumer packaged goods,2.85670795829
computer skills word,2.80987680963
excellent analytical skills,2.73069556358
superior communication skills,2.68493807302
excellent communications skills,2.67633790126
advanced computer skills,2.55891495512
