credit,305
financial analysis,275
management,256
customer service,238
accounts receivable,221
risk management,218
finance,211
credit risk,202
forecasting,201
credit analysis,191
accounting,188
negotiation,186
process improvement,171
financial reporting,159
budgets,158
leadership,157
banking,147
analysis,140
account reconciliation,136
strategic planning,135
microsoft excel,133
sales,128
team building,119
portfolio management,113
team leadership,110
cash flow,108
loans,106
account management,104
financial risk,99
credit management,96
microsoft office,95
sap,93
accounts payable,87
training,87
cash management,85
business analysis,78
invoicing,77
strategy,77
project management,77
new business development,75
mortgage lending,75
business planning,74
change management,73
sales management,73
coaching,70
business strategy,69
business development,68
internal controls,63
auditing,62
business process,60
investments,60
financial services,59
relationship management,59
crm,57
time management,57
financial accounting,57
corporate finance,56
teamwork,56
operations management,54
customer satisfaction,53
financial modeling,53
general ledger,50
commercial banking,50
microsoft word,50
contract negotiation,47
underwriting,46
marketing,44
strategic financial,44
payroll,43
sarbanes oxley act,42
internal audit,42
outlook,41
managerial finance,41
variance analysis,40
retail,40
retail banking,40
inventory management,40
mergers acquisitions,39
commercial lending,38
powerpoint,38
problem solving,38
human resources,38
project planning,37
pricing,36
collections,35
cash flow forecasting,35
insurance,35
public speaking,35
marketing strategy,33
recruiting,33
program management,33
residential mortgages,32
consumer lending,31
