20 offres,tfidf
key performance indicators,4.52120201269
problem solving skills,3.90822258793
ability work independently,3.8100612222
analytical problem solving,3.52928157078
ability multi task,3.14332676111
build strong relationships,2.46921240846
able work pressure,2.43614769545
excellent/proficient computer skills,2.32837068024
new business opportunities,2.17843304062
positive work environment,2.14922210304
strong problem solving,2.01099607439
sales customer service,1.99919633442
written oral communication,1.88284881514
strong interpersonal skills,1.85778427726
oral written communication,1.64407212472
excellent customer service,1.50596112573
excellent communication skills,1.39803272005
