20 offres,tfidf
credit,156.346540272
ccp,25.9022403334
accounts,24.2768406836
collection,19.2344536648
policies,16.8802293079
lending,16.3655344568
accounting,15.9885710637
review,15.691742262
finance,15.0640330123
risk,14.6659763751
agriculture,13.7046742567
sox,13.6215438246
procedures,13.3566755739
policy,12.5545495602
analysis,12.3622096772
sap,12.2708037081
receivables,11.9123141824
understanding,11.2168602569
processes,11.0755217502
dso,10.9306361636
fcc,10.2889967038
corporate,9.99434132342
reporting,9.21235612224
applications,9.20814057849
analyze,9.17817700524
portfolio,9.10808900956
legal,9.0271526411
construction,8.63241955912
mba,8.45758053256
collections,8.22619657189
