20 offres,tfidf
bad debt,21.7834824642
credit risk,16.8825267882
accounts receivable,16.149857582
credit collections,15.5836817448
credit management,13.5356323094
loss mitigation,12.9508838632
risk mitigation,8.1216434032
credit reports,7.4298025928
risk assessment,7.25095360848
internal controls,7.06967540875
corporate credit,6.84339327649
credit analysis,6.75345898546
commercial lending,6.31547590792
business economics,5.94907721381
works pressure,5.77119504714
accounts receivables,5.76661145358
multi tasker,5.67144693362
portfolio management,5.35551897679
development employees,5.27402904141
high tech,5.09432422342
risk assessments,5.07143792073
able prioritize,4.86255410415
chapter 11,4.86102933208
loan servicing,4.86102933208
database management,4.84814400282
management skills,4.72350076137
rate swaps,4.68493807302
quantitative modeling,4.38390807736
strong communicator,2.73392453371
strong interpersonal,1.53551366871
