20 offres,tfidf
process,16.4118817986
business,11.8290567951
management,11.6835561792
team,11.3008024124
manager,11.158111272
industry,11.0020654511
financial,10.6265394526
staff,10.4274828878
maintain,10.0668417333
customer,9.93970305789
knowledge,9.59812325941
responsible,9.47588791422
performance,9.41480909785
sales,9.27419189151
develop,8.69481140622
reports,7.83552412573
working,6.6606385336
development,6.41929663142
solutions,6.41911027667
environment,6.14727914713
systems,5.58045793013
training,5.23647212769
education,4.91572266951
information,4.62241560113
people,4.55858128252
data,4.34414701141
requirements,4.34155741405
standards,4.18950193033
security,4.17253429966
qualifications,4.10068566731
time,4.09756597436
support,4.01353358562
work,3.90289021486
application,3.49711993881
including,3.40428760096
projects,3.38008118937
services,3.07308464686
operations,2.68628360679
maintenance,2.68579010368
technical,2.48825675206
clients,2.33829005803
quality,2.14596084722
marketing,2.13398927639
product,0.858949705684
equipment,0.737291994172
strong,0.47536051028
