20 offres,tfidf
internal external,10.1357474465
management experience,7.14190336032
meet deadlines,6.69516284898
policies procedures,5.74421394058
risk management,5.50287551352
experience working,5.30001567583
working knowledge,5.07852312318
problem solving,4.51627244257
positive attitude,4.50785563761
accounts payable,3.87401726321
human resources,3.76056208671
compensation benefits,3.69849500306
career opportunities,3.61705553733
professional manner,3.47533554666
professional development,3.32832516966
management team,3.2611608214
ability work,3.02746678842
best practices,2.95928693213
work pressure,2.80493403819
customer service,2.7663013337
work team,2.65337175054
decision making,2.54585154355
communication skills,2.4409252662
verbal written,2.3152179495
organizational skills,2.27056199816
food service,1.92076194063
change management,1.86298806771
team oriented,1.80545989202
business administration,1.7209929211
employment equity,1.71073351925
