construction,111
construction management,96
project estimation,85
project management,71
autocad,63
contract management,62
project planning,59
ms project,49
microsoft office,48
civil engineering,43
concrete,43
change orders,42
value engineering,42
contractors,42
subcontracting,40
engineering,37
process scheduler,37
contract negotiation,37
budgets,36
cost control,35
procurement,35
project coordination,31
microsoft excel,31
management,30
project bidding,28
project control,27
quantity surveying,27
microsoft word,26
primavera p6,26
pre construction,24
customer service,24
renovation,24
negotiation,21
cost management,21
estimates,19
construction drawings,18
residential homes,18
cpm scheduling,18
construction estimating,17
leadership,17
construction safety,16
team building,16
structural engineering,16
project engineering,16
feasibility studies,16
powerpoint,16
road,16
cost engineering,15
outlook,14
inspection,14
estimating,13
sales,13
cost estimating,12
blueprint reading,12
revit,12
strategic planning,12
cad,12
