44 offres,tfidf
estimating,192.091210711
construction,108.521845886
estimates,106.951767581
estimator,82.3641898321
drawings,54.7604238255
specifications,46.6127034383
proposals,39.385249808
commercial,38.7038214649
review,37.6601814289
cost,36.9604503175
000,32.6586423449
blueprints,30.8123848047
material,30.2147652096
suppliers,26.6672622525
labour,25.8079280549
residential,24.3579412409
pricing,24.2383043914
procedures,23.0031634883
engineering,21.8544694108
read,21.8475332787
contracts,20.2014979584
civil,19.3212164183
trade,18.9852651354
scheduling,18.4097265195
ms,18.2116307965
transportation,18.2008561787
concrete,17.2072957357
building,17.1010488641
analyze,17.0451858669
costing,15.143549186
