44 offres,tfidf
construction management,38.9004328332
cost estimates,37.0779487157
industrial construction,33.4918975856
construction estimating,28.14885321
design build,26.8791340276
quantity surveying,20.2603769564
change orders,17.996963045
bid preparation,17.3593162386
reporting systems,16.5229161746
ms project,15.7118767273
residential construction,14.4862075237
general contractor,14.2409605369
project managers,14.166296407
computer software,12.8978637179
commercial projects,12.514542289
contractual agreements,12.0268931611
civil engineering,11.9634100083
feasibility studies,11.9438722747
technical training,11.9262523816
environmental remediation,11.4009944752
shop drawings,11.216497923
construction cost,10.781572811
purchase orders,10.3222749943
value engineering,9.96963071101
sales force,9.9635459401
scopes work,9.63800796329
cost control,9.62473788827
architectural technology,9.51249975615
cost estimating,9.25953709905
written communication,9.09632284367
