44 offres,tfidf
project,79.3730423311
projects,60.8414614087
clients,19.4857504836
requirements,18.3310201927
information,16.4352554707
software,16.4081904462
management,16.1772316327
design,15.3996063407
including,15.0761308043
team,14.6605004268
working,14.5701467922
development,14.1224525891
work,13.7381735563
maintain,13.212729775
knowledge,11.7795149093
equipment,11.0593799126
safety,10.6563957043
environment,9.98932861408
sales,9.98759126778
business,9.67831919599
security,9.38820217424
application,8.74279984701
education,7.37358400426
industry,7.33471030073
time,6.82927662393
technical,6.63535133883
qualifications,5.92321263056
process,5.90827744748
quality,5.72256225926
systems,5.58045793013
services,5.53155236434
performance,5.13535041701
staff,4.46892123764
manager,4.46324450881
support,3.44017164482
responsible,3.38424568365
people,3.03905418834
customer,2.98191091737
solutions,2.75104726143
develop,2.3713122017
reports,2.35065723772
product,1.71789941137
standards,1.67580077213
marketing,1.06699463819
operations,0.895427868931
data,0.868829402282
training,0.58183023641
strong,0.47536051028
