44 offres,tfidf
project management,16.2672669861
computer applications,14.1874028671
oral communication,10.1838093589
team player,10.0650912271
work pressure,9.81726913367
fast paced,8.85275943041
communication skills,8.5432384317
health safety,7.69846922608
internal external,7.60181058484
risk management,7.33716735135
experience working,6.360018811
driver license,5.7236688659
reading text,5.24125793931
decision making,5.0917030871
written verbal,4.90782122636
business development,4.8998134079
management team,4.8917412321
critical thinking,4.82380123868
essential skills,4.71599429081
management experience,4.28514201619
secondary education,4.15847324655
ability work,3.78433348552
problem solving,3.61301795406
project manager,3.55541182721
highly motivated,3.51069773826
quality assurance,3.45914214394
employment equity,3.4214670385
organizational skills,3.40584299725
continuous learning,3.37132500203
leadership skills,3.32887735592
