44 offres,tfidf
read interpret blueprints,24.613556106
fast paced environment,9.84887212333
valid driver license,7.14390896904
project management experience,6.33852391521
occupational health safety,5.86246739207
written oral communication,5.64854644542
valid drivers license,4.0922323016
significant use memory,3.94177574403
job task planning,3.59764704652
oral written communication,3.28814424943
written verbal communication,3.04494648214
verbal communication skills,3.03013558053
time management skills,2.83069461045
strong leadership skills,2.34185786826
strong team player,2.27556860257
able multi task,2.22454143572
clean driving record,2.20301793542
excellent computer skills,2.19968999207
strong analytical skills,2.13757366004
excellent time management,1.99503753195
excellent organizational skills,1.97993011369
work minimal supervision,1.88928974119
excellent interpersonal skills,1.85094148508
work team environment,1.82022927082
strong work ethic,1.81355975746
communication interpersonal skills,1.72162256164
excellent/good communication skills,1.64319822993
customer service skills,1.3851403249
high school diploma,1.38405286632
