19 offres,tfidf
social media specialist,45.3273330684
social media marketing,25.8482224474
social media management,13.1022744103
social media strategy,12.7743055167
social media platforms,10.5689253359
social media analytics,7.49417195954
social media communications,7.18771520735
social media relations,4.55999933641
social media research,4.46308932341
social media expert,4.31696128773
social media blogging,4.25896934075
user generated content,3.88330572679
local store marketing,3.81963664692
social media engagement,3.69966132984
creative thinking skills,3.67069763391
social media skills,3.46308932341
social media strategies,3.39863133418
adobe photoshop illustrator,3.323210237
organizational project management,3.01904452749
content management systems,2.86539413748
good team player,2.85030546669
highly self motivated,2.82360283414
excellent presentation skills,2.76760764692
great communication skills,2.66237224512
great customer service,2.55460430453
