social media,352
social media marketing,289
marketing,209
blogging,193
social networking,175
public relations,173
marketing communications,167
facebook,167
event planning,147
online marketing,143
editing,141
advertising,137
digital marketing,133
marketing strategy,121
event management,115
seo,111
customer service,111
media relations,111
microsoft office,105
copywriting,102
email marketing,100
public speaking,98
photoshop,92
online advertising,92
wordpress,88
press releases,85
graphic design,81
digital media,80
leadership,77
strategic communications,75
research,71
photography,71
writing,70
web design,70
corporate communications,65
newsletters,64
creative writing,64
sales,60
management,60
google analytics,59
time management,58
strategy,55
digital strategy,55
adobe creative suite,54
market research,54
journalism,54
copy editing,53
internal communications,51
content strategy,51
project management,51
web content,50
microsoft excel,48
web analytics,48
teamwork,48
training,46
strategic planning,45
brand development,45
new media,45
powerpoint,42
integrated marketing,41
html,41
twitter,40
team leadership,40
editorial,39
social media measurement,39
indesign,38
creative direction,37
