19 offres,tfidf
social,111.474064238
media,102.705150819
facebook,28.8934750963
twitter,27.8248706562
online,23.2868910492
digital,19.4532542258
instagram,18.4410059881
pinterest,15.2405798772
youtube,14.7320492724
copywriting,14.451088606
linkedin,13.7189048636
email,13.0427294911
creative,12.9529954425
understanding,12.0796956612
communications,12.010656188
calendar,11.9192850863
yelp,11.7948312191
writing,11.0606974436
analyze,10.4893451488
creating,9.9631589056
ads,9.95984587922
bc,9.80476682989
seo,9.64312089503
strategy,9.60883121905
implement,9.57297942372
managing,9.43906171749
research,9.22188747488
measure,9.10609388964
tools,8.96110037791
strategies,8.5251100652
