19 offres,tfidf
marketing,37.3448123367
support,9.17379105285
knowledge,8.72556659946
develop,8.69481140622
business,8.60295039643
team,8.55195858233
projects,8.45020297343
management,8.08861581637
project,7.68126216107
including,7.29490200207
design,7.18648295899
reports,7.05197171316
clients,7.0148701741
time,5.46342129915
application,5.24567990821
industry,5.13429721051
maintain,5.03342086667
education,4.91572266951
work,4.68346825783
data,4.34414701141
process,3.93885163165
manager,3.71937042401
services,3.68770157623
information,3.59521213421
performance,3.42356694467
requirements,3.37676687759
technical,3.31767566942
customer,2.98191091737
working,2.91402935845
financial,2.89814712345
solutions,2.75104726143
software,2.7346984077
training,2.32732094564
people,2.27929064126
qualifications,2.27815870406
quality,2.14596084722
responsible,2.03054741019
standards,1.67580077213
environment,1.53681978678
sales,1.42679875254
development,1.28385932628
maintenance,0.895263367895
systems,0.797208275734
staff,0.744820206274
strong,0.47536051028
