19 offres,tfidf
project management skills,5.83451601629
verbal written communication,2.83694235516
ability work independently,2.5400408148
able work pressure,2.43614769545
ability meet deadlines,2.41309646649
strong team player,2.27556860257
fast paced environment,2.18863824963
project management experience,2.11284130507
strong organizational skills,1.83777687244
strong work ethic,1.81355975746
interpersonal communication skills,1.6666537646
work fast paced,1.57818072924
ability multi task,1.57166338056
excellent customer service,1.50596112573
time management skills,1.41534730522
customer service skills,1.3851403249
problem solving skills,1.30274086264
