19 offres,tfidf
community management,13.9232723615
public relations,12.5788776781
internet marketing,10.3381679523
digital marketing,9.51262299387
content creation,8.84961517001
social networking,8.84164643908
blogger outreach,8.63392257545
brand awareness,8.22631073775
facebook insights,7.97193613737
writing editing,7.6257698183
marketing strategies,7.04543501752
online community,6.92617864681
injury prevention,6.82774260147
marketing communications,6.7289437061
social marketing,6.6850307844
social networks,6.55113720514
strategic communications,6.4156336366
online advertising,6.00138265101
website content,5.68799198556
email marketing,5.57096474137
marketing advertising,5.43291024894
budget management,5.38742399466
online marketing,5.36123339848
marketing manager,5.30035193352
audience segmentation,5.16205932774
google analytics,5.15999192966
digital media,5.13092446423
real time,4.85612008241
management skills,4.72350076137
social intelligence,4.68493807302
