19 offres,tfidf
social media,116.200854253
best practices,7.39821733032
meet deadlines,6.69516284898
project management,6.25664114849
ability work,3.78433348552
written verbal,3.68086591977
communication skills,3.6613878993
verbal written,3.47282692426
job posting,3.17582452718
secondary education,2.7723154977
work team,2.65337175054
policies procedures,2.29768557623
organizational skills,2.27056199816
team player,2.23668693936
business requirements,1.88330572679
problem solving,1.80650897703
team oriented,1.80545989202
cross functional,1.78275380999
high degree,1.77788518893
computer applications,1.77342535839
fast paced,1.77055188608
highly motivated,1.75534886913
quality assurance,1.72957107197
work effectively,1.60191348789
experience year,1.56700423798
management experience,1.42838067206
work pressure,1.4024670191
customer service,1.38315066685
self motivated,1.3616172064
high level,1.33179152681
