78 offres,tfidf
project management,97.6036019164
change management,54.0266539637
project manager,46.2203537537
management team,22.8281257498
communication skills,22.5785587123
problem solving,21.6781077243
ability work,20.4354008218
experience working,18.0200532978
information technology,15.7859013767
financial services,15.6404813134
analytical skills,14.0146700147
best practices,13.3167911946
interpersonal skills,13.2994001433
risk management,12.8400428649
cross functional,10.6965228599
working knowledge,10.1570462464
job posting,9.52747358154
verbal written,9.26087179802
organizational skills,9.08224799265
business administration,8.60496460551
written verbal,8.58868714613
presentation skills,8.28658345735
office suite,8.15226347904
policies procedures,8.04189951682
team player,7.82840428776
self starter,7.78646721519
able work,6.49206216097
general manager,6.25080752906
computer skills,5.97747621822
oral communication,5.81931963366
