78 offres,tfidf
project,455.754888223
management,119.531767064
projects,91.262192113
reports,86.9743177956
financial,78.2499723331
maintain,50.963386275
support,48.7357649683
develop,46.6358066333
performance,46.2181537531
systems,41.4548303381
development,40.4415687779
team,39.0946678049
manager,37.1937042401
including,36.4745100103
solutions,33.929582891
data,33.884346689
process,32.1672883252
business,30.6480107873
knowledge,29.6669264382
information,28.2480953402
work,26.539653461
standards,25.9749119681
requirements,25.0845539478
clients,24.941760619
working,24.5611045926
environment,24.2049116418
responsible,22.3360215121
services,18.4385078811
technical,18.2472161818
qualifications,16.8583744101
time,16.7317277286
software,15.4966243103
operations,14.3268459029
maintenance,14.3242138863
industry,13.9359495714
safety,12.7876748451
education,11.7977344068
training,11.0547744918
quality,10.7298042361
people,10.6366896592
staff,10.4274828878
application,8.74279984701
customer,7.95176244631
design,6.15984253628
security,5.21566787458
product,3.43579882274
equipment,2.94916797669
strong,0.47536051028
