78 offres,tfidf
cost,138.920313262
schedule,99.6407299303
reporting,93.0447968346
budget,64.1453040778
tracking,62.1048472176
control,58.0501933021
schedules,54.8688622435
change,54.1005180081
construction,53.0277201489
review,49.1674590877
forecasting,48.3811182167
pmo,45.6685983701
analysis,45.3281021498
engineering,44.8591740537
risk,43.9979291254
pm,43.0598131131
technology,42.3808609435
eagle,42.2355952994
primavera,41.9205511007
monitoring,41.3573434589
banking,41.0686712487
meetings,40.6750976878
skills,40.6447792823
forecast,39.877131618
processes,39.6872862717
estimating,37.1789440086
analytical,36.9277775053
report,36.7279630969
epm,34.2966556792
ms,34.2807167933
