78 offres,tfidf
project controls,358.735239171
project control,287.407182256
project managers,74.8789952943
ms project,58.3583992729
project cost,44.2480758501
project program,43.2668388961
cost control,40.9051360252
variance analysis,33.8124532732
program management,33.3443882184
program manager,28.9293626851
project plans,26.2782778723
cost engineering,26.1148689451
project documentation,25.7547202307
project coordination,25.3469347115
cost reporting,24.6302465588
change requests,22.7938475577
project teams,21.3963095656
project delivery,21.1063993953
corrective actions,20.858239368
planning scheduling,20.1252448121
progress reports,19.5219897002
construction management,19.4502164166
schedule management,18.5410639226
financial analysis,17.6356163254
project support,17.0514782498
risk assessment,16.9188917531
market risk,16.4936823381
project execution,15.8612723272
project coordinator,15.6057476646
contract management,15.5074051674
