project management,887
project planning,776
project control,643
ms project,559
contract management,456
construction,444
management,441
engineering,423
primavera p6,423
epc,389
procurement,383
change management,372
cost control,365
project engineering,347
analysis,336
microsoft office,332
budgets,328
construction management,316
project estimation,311
leadership,302
business analysis,275
earned value management,273
cost engineering,268
microsoft excel,264
project coordination,253
team leadership,249
program management,245
petroleum,238
process improvement,238
risk management,238
business process,235
process scheduler,231
petrochemical,208
cost management,205
sap,199
oil gas,197
commissioning,194
pmp,188
strategic planning,183
pmo,180
cpm scheduling,175
wbs,172
gas,168
pipelines,166
strategy,161
energy,161
forecasting,154
autocad,154
customer service,152
refinery,151
piping,151
microsoft project,151
civil engineering,147
integration,139
financial analysis,133
contract negotiation,132
visio,131
mining,127
powerpoint,126
inspection,125
training,124
requirements analysis,123
vendor management,123
project delivery,122
team building,122
sdlc,121
project portfolio,119
teamwork,118
feed,116
sharepoint,116
financial reporting,115
software documentation,115
negotiation,114
microsoft word,110
quality assurance,109
time management,108
data analysis,100
feasibility studies,99
supervisory skills,98
business strategy,97
accounting,94
power plants,93
p3,92
erp,91
factory,89
