78 offres,tfidf
earned value management,25.8976293089
project management tools,20.1513066933
project management office,11.9208629592
handle multiple projects,11.5332229072
project management software,11.4097166413
project portfolio management,10.5558199538
project management professional,8.1447038892
planning organizational skills,7.5265404419
project status reporting,7.31381869884
project management plan,7.28709077573
helping clients succeed,6.38715275837
project program management,6.21796176852
enterprise resource planning,5.9661647609
high pressure environment,5.44230049135
corporate social responsibility,5.13976514069
process flow documentation,4.16205932774
cost variance analysis,4.12066664258
technical staff management,3.86102933208
ms project server,3.83984003301
project risk management,3.73069556358
business decision making,3.52859087216
power point presentations,3.48996146981
cash flow management,3.42966556792
project management training,3.29873646762
organizational change management,3.28699806435
excellent people skills,3.1051544764
excellent writing skills,3.09017732044
able meet deadlines,2.97172762957
software development lifecycle,2.91163932543
highly self motivated,2.82360283414
