78 offres,tfidf
problem solving skills,18.238372077
analytical problem solving,14.1171262831
oral written communication,13.1525769977
ability work independently,7.6201224444
written verbal communication,7.61236620534
verbal communication skills,7.57533895132
time management skills,7.07673652612
key performance indicators,6.78180301904
project management experience,6.33852391521
project management skills,5.83451601629
verbal written communication,5.67388471033
build strong relationships,4.93842481693
ability multi task,4.71499014167
communication presentation skills,4.40412897883
fast paced environment,4.37727649926
work life balance,3.99422391024
decision making skills,3.92570569716
written oral communication,3.76569763028
organizational time management,3.68590653686
communication interpersonal skills,3.44324512327
interpersonal communication skills,3.33330752919
word processing software,2.39194403295
strong time management,2.21364636196
excellent problem solving,2.16994783995
strong analytical skills,2.13757366004
good/strong interpersonal skills,2.12560275188
strong work ethic,1.81355975746
excellent/strong communication skills,1.53429514078
