manufacturing,9
cnc,8
autocad,5
cad,5
cnc operation,4
cnc programming,4
machining,4
engineering,4
cad cam,3
project management,3
lean manufacturing,3
injection molding,3
woodworking,2
mastercam,2
3d studio max,2
cnc machine,2
furniture,2
graphic design,2
machinery,2
cnc programing,2
product development,2
solidworks,2
adobe creative suite,2
cabinetry,2
continuous improvement,2
cam,2
autodesk inventor,2
pro engineer,2
machine tools,2
cnc manufacturing,2
photoshop,1
autodesk mudbox,1
construction drawings,1
global supply chain,1
software word excel,1
familiar general machining practices capabilities,1
fishing,1
mysql,1
fixtures,1
hunting,1
web server experience,1
flash,1
5s,1
3d rendering,1
supply chain management,1
wood,1
project estimation,1
cnc lathe milling,1
relational database,1
carpentry,1
steam turbines,1
process scheduler,1
whmis training,1
gd&t,1
risk analysis,1
effects,1
space planning,1
light machining,1
strategic planning,1
set operate cnc manual lathe milling drilling machines 5yea,1
grinding mills,1
team based projects,1
water turbines,1
3d modeling,1
overhead crane training,1
excellent accuracy spatial perception,1
image manipulation,1
search engine strategies,1
composites,1
milling,1
manage client,1
adobe acrobat,1
lathe,1
proposal writing,1
project management drafting millwork custom millwork design shipping receiving,1
microwave,1
mechanical design autocad 2010 unigrapichs nx6 manufacturer millwright lath machining inspector quality control mangment,1
catia,1
current cmss wordpress,1
cnc machining,1
camping,1
grinding,1
time management,1
heavy duty press roll,1
adaptive,1
solid modeling,1
3d,1
stamping,1
process optimization,1
customer service,1
vray,1
operating,1
tooling,1
experience cad design software catia v5 inventor autocad solidworks,1
architectural drawings,1
software development,1
skilled autocad 2013 solidworks 2013 mastercam x5 x6 cnc milling lathe operation wire edm operation sink edm operation,1
artcam,1
installation,1
cash flow analysis,1
good manual dexterity using machine shop tools overhead crane grinders cu,1
design solutions,1
certified cnc programmer quality assurance iapa health safety aid,1
solid works,1
3d visualization,1
value added production,1
preparing tender,1
cdma,1
microsoft office,1
millwork,1
custom furniture,1
indesign,1
packaging,1
rendering,1
databases mysql sql,1
blueprint reading,1
problem solving,1
telecommunications,1
social media,1
manage risk assessment,1
interactive development,1
technical illustration,1
browser compatibility,1
technical commercial,1
thune press screw,1
teamwork,1
sub contractors,1
design manufacturing,1
finish carpenter cabinet maker cnc programmer operator cad cam designer,1
cnc programmer cad designer,1
alloys,1
business marketing,1
value engineering,1
specification review,1
pre press,1
construction,1
good interpretation codes ability edit new program correct existi,1
oop,1
graphics,1
object oriented,1
verbal written,1
interior architecture,1
inventor,1
digital photography,1
illustrator,1
development languages,1
heavy machining,1
autodesk vault,1
machinist,1
computer skills including working ability mastercam autocad autodesk autodesk revit viz 3d max rendering techniques adobe photoshop microsoft office excel windows file management software word processing software spreadsheet software experience residential low rise buildings experience millwork design drafting experience custom designed furniture architectural decor experience generating components tool paths cnc programs manufacturing components convert paper drawings 2ddrawings 3d cad models 2d drawings 3d solid models details ability set operate cnc thermwood machine supervision excellent interpersonal written verbal communication skills ability perform individually project team member ability resolve communicate technical issues experience interior design excellent interpersonal written verbal communication skills ability perform individually project team member ability resolve communicate technical issues microsoft office excel strong knowledge internet technology strong hand drawing skills understanding municipal zoning laws urban design guidelines,1
submittals,1
kitchen cabinets,1
outdoor recreation,1
technology,1
revit,1
design manufacture,1
computer graphics,1
animation,1
aerospace manufacturing,1
mathematics,1
technical drawing,1
tool die maker cnc programmer operator high speed progressive die design build repair laser tool build,1
welding smaw gmaw,1
finish,1
cnc setup operating programming,1
efficiently operate mazak axis cnc fms pallet tech centre able interpret complex blue print readings ability perform basic nc programming versed mastercam code orientation code functions mazatrol,1
premiere,1
vector illustration,1
hydra turbines,1
store fixtures,1
experience proficient training cam softwares mastercam catia vericut,1
softimage,1
archery,1
engineering design,1
rapid prototyping,1
construction management,1
heavy industrial,1
procurement,1
sketchup,1
knowledge asme ansi codes industry standards,1
4g,1
heavy equipment,1
sigma,1
order,1
