25 offres,tfidf
policies procedures,6.8930567287
quality assurance,5.18871321591
health safety,5.13231281739
data entry,4.77595086726
ability work,4.54120018262
able work,4.32804144065
problem solving,3.61301795406
quality control,3.54827172154
experience working,3.1800094055
fast paced,2.65582782912
work team,2.65337175054
compensation benefits,1.84924750153
team oriented,1.80545989202
year experience,1.66512967967
training experience,1.64499545426
customer satisfaction,1.60119663301
analytical skills,1.55718555719
communicate effectively,1.53305770845
work pressure,1.4024670191
secondary education,1.38615774885
working knowledge,1.2696307808
written verbal,1.22695530659
communication skills,1.2204626331
team player,1.11834346968
