25 offres,tfidf
equipment,14.7458398834
quality,12.8757650833
maintenance,11.6384237826
working,7.4932183503
software,7.29252908721
work,7.18131799534
maintain,6.92095369167
environment,6.53148409382
safety,6.39383742256
data,6.08180581597
project,5.97431501417
process,5.90827744748
education,5.89886720341
design,5.13320211357
requirements,4.82395268228
knowledge,4.79906162971
operations,4.47713934466
customer,4.47286637605
time,4.43902980556
responsible,4.06109482038
develop,3.95218700283
industry,3.66735515036
application,3.49711993881
standards,3.35160154427
technical,3.31767566942
systems,3.18883310293
staff,2.9792808251
team,2.74884383003
information,2.56800866729
training,2.32732094564
qualifications,2.27815870406
management,2.24683772677
services,1.84385078811
product,1.71789941137
performance,1.71178347234
projects,1.69004059469
including,0.972653600276
reports,0.783552412573
people,0.759763547086
support,0.573361940803
strong,0.47536051028
