25 offres,tfidf
cnc,109.102326377
machining,40.4651672025
programmer,38.6251432919
programming,34.8959382653
mastercam,27.6359132131
drawings,26.5979201438
parts,26.3633048782
specifications,19.9768729021
production,18.7817997094
operator,18.0157236487
cam,17.6050357388
mills,16.5149992171
operating,15.8319407108
axis,15.3431882129
inspection,13.4289174371
read,12.851490164
measuring,12.3352105829
solidworks,11.7061235233
welding,9.78427481897
cmm,9.21646264891
manufacturing,9.08616201511
lathe,8.6567925707
documentation,8.64684870748
operation,8.57143902399
safe,8.17039965497
tools,8.06499034012
efficiency,7.73370335565
blueprints,7.70309620117
cutting,7.39192534385
glasses,6.95461171535
