25 offres,tfidf
ability work independently,3.8100612222
ability work team,3.42516185711
read interpret blueprints,2.4613556106
strong problem solving,2.01099607439
excellent time management,1.99503753195
occupational health safety,1.95415579736
work minimal supervision,1.88928974119
able work independently,1.771300799
strong communication skills,1.6705575615
ability multi task,1.57166338056
written verbal communication,1.52247324107
verbal communication skills,1.51506779026
problem solving skills,1.30274086264
fast paced environment,1.09431912481
