25 offres,tfidf
cnc programming,34.2169663825
cad cam,17.7463773551
lead hand,13.1465247437
master cam,12.7769080222
cnc machine,12.3027979883
blow molding,11.7203604679
welding experience,11.2472452376
robotic welding,10.6478264131
mathematical aptitude,9.42261008601
machine shop,8.8258537191
metal fabrication,8.78718965205
dust collection,8.63392257545
wood shop,8.24133328517
blue prints,8.09449901627
3d cad,7.01769362793
milling machine,6.90897830329
customer requirements,6.40046422515
cutting tools,6.29005197688
safety regulations,6.27384859469
tool die,5.76661145358
fork lift,5.47435538222
machine operator,5.15545620675
professional experience,4.44209016807
work independently,4.24138645558
organization skills,3.94009947018
article inspection,3.78184808603
machine control,3.74708597977
iso 9000,3.61799128339
solid works,3.57099472071
machined parts,3.47186324771
