sql,187
c#,135
microsoft sql server,130
xml,123
javascript,115
net,113
java,104
visual studio,103
software development,99
html,95
uml,86
agile methodologies,86
asp net,83
jquery,81
mysql,77
vb net,69
web services,62
scrum,60
linux,58
css,58
oracle,58
business intelligence,57
php,55
c++,55
visual basic,54
windows,50
business analysis,48
ajax,48
databases,47
web development,46
web applications,43
integration,43
eclipse,43
pl sql,42
programming,41
sql server,37
unix,37
soa,34
iis,33
asp net mvc,33
software engineering,33
wcf,32
tfs,32
microsoft office,32
project management,31
erp,31
sharepoint,30
visio,29
software project,28
subversion,27
oop,27
design patterns,26
linq,26
architecture,25
requirements analysis,25
data warehousing,24
access,24
database design,24
entity framework,23
ms project,23
analysis,23
wpf,23
software design,22
java enterprise edition,21
team leadership,21
ssis,21
apache,20
tomcat,20
object oriented design,20
asp,19
