16 offres,tfidf
job posting,9.52747358154
information technology,7.01595616742
financial services,6.95132502818
self motivated,6.80808603202
computer science,6.53617194621
software development,5.92277006707
cross functional,5.34826142997
able work,4.32804144065
business requirements,3.76661145358
change management,3.72597613543
technical support,3.63808966118
customer experience,3.51616272814
team player,3.35503040904
experience working,3.1800094055
communication skills,3.05115658275
working knowledge,2.53926156159
career opportunities,1.80852776866
computer applications,1.77342535839
business administration,1.7209929211
meet deadlines,1.67379071225
team member,1.65420345605
continuous improvement,1.64013708286
essential skills,1.57199809694
experience year,1.56700423798
analytical skills,1.55718555719
ability work,1.51373339421
positive attitude,1.50261854587
work team,1.32668587527
project management,1.2513282297
problem solving,0.903254488514
