16 offres,tfidf
programming,23.7926851809
sql,22.4180748413
analyst,17.5739300082
functional,16.0419360545
web,14.9213956121
tax,14.8864979128
aerospace,14.4007889359
aircraft,14.2391052718
smtp,12.4054459496
applications,12.2775207713
research,10.3746234092
database,9.40591014848
technology,9.08161305932
net,8.79040682036
ssrs,8.7795926425
mobility,8.53070220022
schedule,8.22721623277
iis,8.04615715435
architectures,7.8917412321
qc,7.6850422265
developing,7.51647016222
servlet,7.49417195954
testing,7.45412275915
rtc,7.31381869884
ideas,7.29986803153
struts,7.23598256678
analysis,7.21128897838
technologies,7.12075702183
current,7.04384474174
firefox,6.99860299212
