16 offres,tfidf
sql server,13.3775133784
database design,11.2706682162
spoken written,10.4973867176
web applications,10.4919329158
net development,10.3133503744
applications support,9.32694265277
financial markets,9.27053196131
asp net,8.54457632212
data warehouse,8.1872701106
eclipse ide,8.09623195087
java developer,8.09623195087
project managers,8.0950265183
effort estimation,7.81357364528
investment banking,7.7886345272
software solutions,7.71632917925
program manager,7.23234067127
application development,7.04543501752
software architecture,6.7824146322
solution architecture,6.67196905008
net framework,6.55113720514
canadian tax,6.5179386815
peer review,6.38715275837
architectural design,6.37786294828
design development,6.29392767533
agile methodologies,5.97774611866
css javascript,5.72205866415
technical specifications,5.14645520429
innovative thinking,5.13533355473
html css,4.89881925223
collaborative environment,4.89713756929
