16 offres,tfidf
design,16.4262467634
data,13.9012704365
software,11.8503597667
development,10.9128042734
technical,10.7824459256
knowledge,10.4706799194
support,9.17379105285
project,8.53473573452
working,7.90950825865
projects,7.60518267609
business,6.9898971971
financial,6.76234328805
industry,6.60123927065
solutions,6.41911027667
qualifications,6.37884437137
team,6.10854184452
management,5.8417780896
services,4.91693543497
systems,4.7832496544
clients,4.67658011607
process,4.59532690359
work,4.52735264924
time,4.43902980556
maintain,4.40424325834
standards,4.18950193033
develop,3.95218700283
people,3.79881773543
information,3.59521213421
quality,3.57660141204
application,3.49711993881
environment,3.45784452026
product,3.43579882274
responsible,3.38424568365
customer,2.48492576447
including,2.43163400069
requirements,2.41197634114
operations,1.79085573786
performance,1.71178347234
reports,1.56710482515
education,0.983144533902
staff,0.744820206274
training,0.58183023641
strong,0.47536051028
