47 offres,tfidf
quality,141.633415917
software,71.1021586002
product,56.6906805752
data,41.7038113095
development,39.7996391148
knowledge,36.6473797178
design,32.8524935268
systems,31.8883310293
reports,31.3420965029
project,29.0181014974
technical,26.5414053553
requirements,25.0845539478
management,24.2658474491
application,23.6055595869
including,22.8573596065
team,22.2961777325
process,21.0072087021
training,20.9458885108
environment,20.3628621749
standards,20.1096092656
solutions,19.25733083
support,17.7742201649
business,17.7435851926
develop,16.5991854119
working,16.2353064256
customer,15.9035248926
information,14.8944502703
performance,14.5501595149
maintain,13.8419073833
maintenance,13.4289505184
work,13.1137111219
responsible,12.1832844611
projects,11.8302841628
security,11.4744693241
education,10.8145898729
operations,10.7451344272
qualifications,9.11263481625
equipment,8.11021193589
staff,7.44820206274
services,7.37540315245
people,6.83787192377
time,6.14634896154
manager,5.95099267841
industry,5.86776824058
financial,3.8641961646
marketing,3.20098391458
clients,3.11772007738
safety,2.84170552114
sales,1.42679875254
strong,0.47536051028
