47 offres,tfidf
standard operating procedures,13.1115059424
ability work independently,7.6201224444
verbal communication skills,7.57533895132
root cause analysis,7.34067590968
problem solving skills,6.51370431322
written verbal communication,6.08989296427
work minimal supervision,5.66786922357
written oral communication,5.64854644542
oral written communication,4.93221637415
verbal written communication,4.25541353274
decision making skills,3.92570569716
ability work pressure,3.74806758471
interpersonal communication skills,3.33330752919
high school diploma,2.76810573264
build strong relationships,2.46921240846
organization time management,2.37459885322
subject matter expert,2.27726396379
excellent computer skills,2.19968999207
fast paced environment,2.18863824963
strong analytical skills,2.13757366004
good/strong interpersonal skills,2.12560275188
project management experience,2.11284130507
excellent/strong problem solving,2.09047195717
basic computer skills,2.04313357492
work life balance,1.99711195512
excellent organizational skills,1.97993011369
excellent/strong communication skills,1.53429514078
