47 offres,tfidf
software quality assurance,32.275608765
quality assurance testing,15.7672957799
test automation tools,13.171310432
analytical method validation,8.5179386815
new web technologies,8.24133328517
quality assurance analyst,6.7824146322
cross functional relationships,6.455121753
highly organized oriented,6.29005197688
project management professional,5.4298025928
user acceptance testing,5.3274975479
creative problem solving,5.02350360922
8d problem solving,4.68493807302
oracle sql developer,4.55999933641
automated software testing,4.46308932341
visual studio 2008,4.31696128773
visual studio team,4.2078168183
rational quality manager,4.12066664258
ms visual studio,4.12066664258
web application security,3.88330572679
total quality management,3.78184808603
custom software development,3.74708597977
mobile application development,3.73069556358
project risk management,3.73069556358
natural health products,3.65690934942
physical demands analysis,3.58227573112
statistical process control,3.57099472071
high level design,3.55999933641
good sense humor,3.51860665126
superior interpersonal skills,2.91163932543
good problem solving,2.62298322895
