47 offres,tfidf
quality assurance,110.692548606
quality control,44.3533965192
software development,23.6910802683
computer science,17.9744728521
communication skills,17.0864768634
working knowledge,12.696307808
ability work,10.5961337595
year experience,9.99077807801
supply chain,9.64150982388
organizational skills,7.94696699357
problem solving,7.22603590811
interpersonal skills,7.16121546179
cross functional,7.13101523996
verbal written,6.94565384851
secondary education,6.93078874425
continuous improvement,6.56054833143
office suite,6.52181078323
data entry,6.36793448968
written verbal,6.13477653295
best practices,5.91857386426
technical support,5.45713449177
fast paced,5.31165565825
experience working,5.30001567583
customer experience,5.27424409222
project management,5.00531291879
computer skills,4.78198097458
analytical skills,4.67155667157
team player,4.47337387872
oral communication,4.36448972524
strong attention,1.7506079856
