quality assurance,350
testing,207
project management,143
agile methodologies,140
sql,125
test planning,119
software development,116
software documentation,115
software quality,110
team leadership,109
microsoft office,107
requirements analysis,104
management,103
process improvement,99
test automation,99
business analysis,96
integration,94
customer service,90
analysis,86
java,86
microsoft sql server,84
leadership,84
scrum,83
linux,83
sdlc,83
test cases,79
regression testing,78
xml,78
quality,78
quality control,74
user acceptance testing,73
continuous improvement,72
html,72
gmp,71
windows,71
manufacturing,67
databases,65
software project,62
quality management,59
troubleshooting,59
training,57
javascript,57
manual testing,55
microsoft excel,53
sop,53
quality center,53
project planning,52
c#,52
web applications,51
quality auditing,50
c++,49
program management,48
team building,47
strategic planning,45
product development,45
jira,44
telecommunications,44
time management,44
mysql,44
visio,44
change management,44
test management,44
sigma,42
requirements gathering,42
research,40
sharepoint,40
teamwork,40
data analysis,40
capa,40
unix,39
root cause analysis,39
business process,39
visual studio,39
engineering,38
validation,38
cross functional team,37
