47 offres,tfidf
test cases,48.2360624151
test scripts,29.4085947236
test procedures,29.0438075287
automated testing,26.1610814037
testing tools,25.4665878104
software testing,25.2543012349
iso 13485,25.0759301179
change control,21.298977961
food safety,20.5349430401
test scenarios,18.3290961486
regression testing,18.2097271763
agile methodology,17.9507856741
qa qc,17.0639759567
agile development,16.0074284023
material testing,15.2785465877
functional requirements,15.0588779204
web services,14.9788700203
failure modes,14.6276373977
product lifecycle,12.8506772844
sample management,12.6234504549
yellow pages,12.2745505703
functional testing,12.2605972589
test planning,12.1398181175
integration testing,11.5608708848
oral written,11.06143453
batch records,10.7129841621
regulatory requirements,10.6191834469
web applications,10.4919329158
fresh produce,10.2889967038
internal auditing,10.2650899147
