47 offres,tfidf
test,143.73941156
testing,132.931855872
assurance,107.929406346
qa,101.291036286
gmp,58.0076288678
specialist,52.7367182258
review,49.1674590877
documentation,43.2342435374
control,39.3912025979
compliance,39.0215464315
audits,34.2054578443
scripting,33.6036803271
qc,30.740168906
science,29.5541766146
regulatory,28.2939569306
functional,28.0733880954
sops,27.7373567985
processes,25.8428840839
automation,25.7404134525
procedures,24.4872385521
audit,24.1756298316
laboratory,24.0407441631
implement,23.9324485593
applications,23.0203514462
analytical,21.7222220619
analysis,21.6338669351
pharmaceutical,21.4922210304
specifications,21.3086644289
documents,20.8346406091
regression,20.6949718625
