565 offres,tfidf
food,806.256467242
service,277.532372694
hospitality,227.164623531
cash,220.34845054
fast,203.815195794
control,200.065844773
benefits,187.470165707
procedures,184.025307907
location,175.537620869
serving,168.001611548
inventory,161.772583581
cook,156.899734452
organize,149.473464076
languages,137.065766514
schedules,136.534145583
foods,129.624021325
000,129.378467751
skills,127.917579467
responsibility,126.891853008
health,126.500864482
clean,125.680138994
transportation,125.264716054
plan,123.698062826
leadership,123.629697962
implement,119.662242796
concept,119.23447102
honesty,116.826293612
sanitation,115.438473169
pressure,111.858965688
operational,111.091891817
