565 offres,tfidf
restaurant management,260.783576709
daily operations,180.661586752
safety regulations,148.481083408
train staff,122.11857534
guest service,118.377594936
cash register,115.244842753
point sale,101.252642838
guest satisfaction,91.8573629518
restaurant operations,90.8034745902
performance reviews,86.3131451041
food preparation,82.4412207765
assistant manager,79.893697452
life insurance,74.1032423174
client focus,67.1919549164
food safety,65.7118177283
supervisory experience,65.4974979559
marketing plans,64.5012703495
fine dining,60.2538959837
service quality,58.3349857801
planning organizing,55.6940126064
fast food,50.7166798356
service oriented,50.184037096
serving right,49.3842481693
food handling,43.3111610059
hospitality industry,43.1246969053
brand standards,42.9822102307
finding information,42.5517977088
high energy,42.20755497
smart serve,41.813689452
excellent communication,1.17721709634
