565 offres,tfidf
fast paced environment,152.110358349
job task planning,57.5623527442
customer service oriented,49.7876067305
significant use memory,49.2721968003
customer service skills,47.0947710466
operate cash register,29.8024913844
ability multi task,26.7182774695
problem solving skills,26.0548172529
work minimal supervision,24.5607666355
ability work team,23.9761329998
high school diploma,22.1448458611
work fast paced,22.0945302094
word processing software,19.1355522636
quality customer service,16.4959092871
decision making skills,15.7028227886
able multi task,15.5717900501
experience customer service,15.1198843219
ability work pressure,14.9922703388
work life balance,13.9797836858
customer service experience,11.8570181917
strong leadership skills,2.34185786826
strong problem solving,2.01099607439
excellent interpersonal skills,1.85094148508
strong organizational skills,1.83777687244
strong work ethic,1.81355975746
excellent/exceptional/superior customer service,1.74551985617
excellent/good communication skills,1.64319822993
