565 offres,tfidf
food handling certificate,49.5394630435
safe food handling,47.101539803
serving right certificate,31.3533601335
food safety certificate,30.8287808169
general office equipment,29.9803008282
opening closing procedures,21.9105076304
food safe certificate,16.0495257136
great leadership skills,15.5332229072
food safety training,14.3291029245
food beverage management,14.2839788829
food service management,14.1971018841
team building skills,12.5346044646
management training programs,11.7203604679
great customer service,10.2184172181
food handlers certificate,9.59481450119
smart serve certified,9.48617798322
excellence customer service,8.62277279343
profit loss management,8.32411865548
customer service excellence,8.1216434032
local store marketing,7.63927329384
food safe certified,7.36987614604
customer service operations,6.58565521602
high stress environment,6.37786294828
food handler certificate,6.29005197688
able follow instructions,6.2492656596
positive team player,6.2492656596
training new employees,6.13727528516
smart serve certification,5.99541294391
excellent work ethic,2.92401322461
exceptional interpersonal skills,2.66651499019
