565 offres,tfidf
general manager,268.78472375
food service,261.223623926
food beverage,193.198958005
fast paced,162.005497576
customer service,147.997121353
health safety,133.440133252
work pressure,119.209696623
management team,117.40178957
management experience,115.698834437
team member,94.2895969946
computer applications,79.8041411275
customer satisfaction,78.4586350177
team player,68.2189516505
policies procedures,66.6328817108
essential skills,64.4519219744
experience year,64.2471737573
problem solving,63.227814196
able work,62.7566008894
oral communication,62.5576860618
decision making,62.373362817
reading text,59.4009233122
continuous learning,57.3125250345
interpersonal skills,56.2666929141
work team,51.7407491356
leadership skills,48.2687216608
quality control,47.9016682407
ability work,46.9257352204
critical thinking,43.4142111482
flexible schedule,42.690784256
communication skills,38.4445729426
