565 offres,tfidf
manager,735.691469869
staff,383.582406231
customer,243.522724918
team,225.099766971
standards,178.472782232
people,165.628453265
environment,155.218798465
work,154.866683726
training,141.384747448
management,140.20267415
equipment,133.449850945
time,133.170894167
sales,129.125287105
quality,120.889127727
safety,117.220352747
maintain,114.510324717
responsible,113.710654971
performance,112.121817438
operations,103.869632796
development,101.424886776
business,99.4716139588
financial,93.7067569915
education,92.9071584537
working,88.2534605702
develop,86.9481140622
industry,85.8161105185
security,85.5369531431
including,84.1345364238
reports,80.705898495
information,79.0946669526
qualifications,78.8242911605
services,78.0563500301
marketing,71.4886407589
knowledge,71.1133677856
requirements,67.0529422836
support,52.1759366131
product,47.2422338126
application,44.5882792198
maintenance,42.077378291
clients,35.8537808898
systems,32.6855393051
process,32.1672883252
software,28.2585502129
technical,24.8825675206
projects,15.2103653522
solutions,9.17015753811
project,4.26736786726
design,4.10656169085
data,3.47531760913
strong,0.47536051028
