marketing,17
customer service,17
food,16
restaurants,16
social media,16
event planning,15
event management,15
food beverage,15
restaurant management,13
strategic planning,12
menu development,12
marketing strategy,12
catering,12
coaching,11
team building,11
hospitality,11
hospitality management,11
management,11
food service,11
social media marketing,11
public relations,10
sales,10
culinary skills,10
social networking,9
leadership,9
fine dining,9
entrepreneurship,9
budgets,8
wine,8
cooking,7
training,7
retail,7
banquets,7
microsoft office,6
public speaking,6
business planning,6
inventory management,6
sales management,5
online marketing,5
hospitality industry,5
time management,5
team leadership,5
hotels,5
small business,5
business strategy,5
operations management,4
writing,4
pre opening,4
business development,4
blogging,4
start ups,4
product development,4
recipes,4
food safety,4
powerpoint,4
microsoft excel,4
strategy,4
marketing communications,4
customer satisfaction,4
employee training,4
cuisine,4
purchasing,4
online advertising,4
advertising,4
resorts,3
email marketing,3
corporate events,3
teaching,3
tourism,3
hiring,3
process improvement,3
french,3
negotiation,3
problem solving,3
brand development,3
recruiting,3
nutrition,3
human resources,3
editing,3
food industry,3
new business development,3
new restaurant openings,3
p&l,3
english,3
digital marketing,2
lead generation,2
office,2
franchising,2
strategic communications,2
wellness,2
wine tasting,2
chef,2
enterprise software,2
seo,2
entertainment,2
copywriting,2
personal development,2
relationship management,2
income statement,2
b2b,2
media relations,2
sanitation,2
hotel management,2
trade shows,2
communication,2
hospitality f&b,2
web marketing,2
gourmet,2
wellness coaching,2
teamwork,2
wordpress,2
web design,2
food cost management,2
project management,2
life coaching,2
telecommunications,2
workshop facilitation,2
project planning,2
corporate communications,2
web content,2
selling,2
revenue analysis,2
organizational,2
food pairing,2
content strategy,2
excel,2
menu costing,2
customer relations,2
leadership development,2
multi unit,2
microsoft word,2
profit,2
tutoring,2
investments,2
