12 offres,tfidf
mechanical engineering,16.957408883
cost control,14.4371068324
mechanical engineer,14.0353872559
consulting engineering,9.46037746794
project delivery,9.38062195346
cost effective,8.50812018216
mechanical designer,7.60066298345
electrical engineering,7.24394255956
control design,7.11999867283
protection systems,6.6982919422
work ethic,6.33368047109
mechanical design,6.33284826629
engineering consulting,6.2492656596
project reporting,6.21796176852
building services,6.16575616339
workforce management,6.13727528516
project cost,5.89974344667
delivering results,5.65924173565
mechanical systems,5.42670601567
project execution,5.28709077573
client management,5.13312621183
financial performance,5.12217286411
technical staff,4.95622439398
team leadership,4.91239123091
construction experience,4.89713756929
lead team,4.30182393393
steam systems,4.16205932774
team building,4.12337756525
client relationships,4.03621642263
technical training,3.97541746052
