project management,19
construction,18
engineering,17
mechanical engineering,12
hvac,12
autocad,11
project engineering,11
management,10
construction management,10
contract management,10
energy efficiency,9
project planning,9
microsoft office,7
energy,7
energy management,7
ms project,7
team leadership,6
leadership,6
energy conservation,6
project estimation,6
cad,6
commissioning,6
operations management,5
inspection,5
renewable energy,5
electricians,5
manufacturing,5
energy audits,5
procurement,5
cost control,4
strategic planning,4
piping,4
process improvement,4
building automation,4
team building,4
solidworks,4
troubleshooting,4
budgets,4
program management,4
contract negotiation,4
leed,4
project coordination,4
change management,3
subcontracting,3
process scheduler,3
feasibility studies,3
engineering management,3
ventilation,3
testing,3
sustainable design,3
customer service,3
facilities management,3
negotiation,3
microsoft excel,3
continuous improvement,3
teamwork,3
value engineering,3
green building,3
primavera p6,3
hvac controls,3
sustainability,3
plumbing,3
project control,2
metal fabrication,2
microsoft project,2
building services,2
team management,2
recruitment advertising,2
screening,2
staffing,2
boilers,2
talent management,2
talent acquisition,2
finite element analysis,2
communication skills,2
civil engineering,2
executive search,2
leed ap,2
c++,2
internet recruiting,2
screening resumes,2
alternative energy,2
change orders,2
transportation,2
search,2
cross functional team,2
concrete,2
process engineering,2
permanent placement,2
integration,2
problem solving,2
telecommunications,2
interviews,2
recruiting,2
air conditioning,2
solar energy,2
sourcing,2
human resources,2
revit,2
contract recruitment,2
technical recruiting,2
rail,2
staffing services,2
contractors,2
technical writing,2
renovation,2
cost management,2
placement,2
