12 offres,tfidf
project manager,14.2216473088
project management,8.75929760788
quality control,7.09654344307
high degree,3.55577037787
ability prioritize,3.43884560392
organizational skills,3.40584299725
business development,3.26654227193
analytical skills,3.11437111438
problem solving,2.70976346554
work team,2.65337175054
communication skills,2.4409252662
able work,2.16402072032
experience working,2.12000627033
customer service,2.07472600028
training experience,1.64499545426
communicate effectively,1.53305770845
management experience,1.42838067206
secondary education,1.38615774885
working knowledge,1.2696307808
internal external,1.26696843081
computer skills,1.19549524364
policies procedures,1.14884278812
