12 offres,tfidf
project,50.3549408337
projects,23.6605683256
manager,9.67036310242
maintain,7.55013130001
management,7.18988072567
quality,7.15320282407
application,6.99423987761
equipment,6.63562794755
working,6.24434862525
team,5.80311475229
staff,5.21374144392
design,5.13320211357
requirements,4.34155741405
safety,4.26255828171
technical,4.14709458677
process,3.93885163165
financial,3.8641961646
solutions,3.66806301524
work,3.59065899767
operations,3.58171147573
including,3.40428760096
standards,3.35160154427
business,3.22610639866
clients,3.11772007738
customer,2.98191091737
education,2.94943360171
industry,2.93388412029
support,2.86680970402
qualifications,2.73379044487
responsible,2.70739654692
development,2.56771865257
performance,2.56767520851
systems,2.3916248272
reports,2.35065723772
time,2.04878298718
services,1.84385078811
environment,1.53681978678
people,1.51952709417
training,1.16366047282
information,1.02720346692
knowledge,0.872556659946
develop,0.790437400565
strong,0.47536051028
