12 offres,tfidf
mechanical,41.1026438016
construction,28.3636642657
budget,17.9606851418
eng,16.7281633471
hvac,14.7548059251
coordination,13.9998124041
electrical,12.9062733599
plumbing,12.2826894722
network,10.570608745
professional,10.3762764352
engineering,10.3521170893
change,9.73809324146
mentoring,8.6446490508
estimating,8.26198755747
schedule,8.22721623277
specifications,7.99074916085
cv,7.59843295204
commercial,7.49106221901
effect,7.07375968622
building,6.6504078916
administration,6.51535433038
communicate,6.47883080655
specification,6.4139530213
schedules,6.38010026087
positive,6.33486715242
review,6.27669690481
accuracy,6.21726206298
coordinate,6.08640323309
civil,5.7963649255
forecasting,5.58243671732
