30 offres,tfidf
social media platforms,10.5689253359
social media strategy,9.58072913756
social media savvy,6.82774260147
social media management,6.55113720514
social media marketing,5.74404943276
social media expert,4.31696128773
canadian press style,3.95793934509
social media monitoring,3.95793934509
large scale events,3.90678682264
3d studio max,3.64354538786
good sense humor,3.51860665126
solid work ethic,3.18433572245
excellent people skills,3.1051544764
high pressure situations,3.04148539654
outstanding communication skills,2.80033149172
excellent presentation skills,2.76760764692
cross functional team,2.52157789077
