30 offres,tfidf
marketing,32.0098391458
manager,31.2427115617
customer,16.8974951984
team,14.6605004268
development,13.480522926
product,12.8842455853
management,12.1329237246
including,11.6718432033
working,11.6561174338
responsible,11.5064353244
people,9.87692611212
business,9.67831919599
develop,9.48524880678
reports,9.40262895087
knowledge,8.72556659946
sales,8.56079251524
performance,8.55891736168
work,8.11801164691
standards,7.5411034746
education,7.37358400426
maintain,6.92095369167
time,6.82927662393
industry,6.60123927065
environment,6.53148409382
support,6.30698134883
operations,6.26799508252
project,5.97431501417
financial,5.7962942469
qualifications,5.46758088975
technical,4.97651350412
clients,4.67658011607
training,4.65464189128
maintenance,4.47631683947
staff,4.46892123764
quality,4.29192169444
requirements,3.37676687759
design,3.07992126814
solutions,2.75104726143
software,2.7346984077
information,2.56800866729
projects,2.53506089203
systems,2.3916248272
safety,2.13127914085
services,1.84385078811
application,1.7485599694
data,1.73765880456
equipment,1.47458398834
process,1.31295054388
strong,0.47536051028
