30 offres,tfidf
social,92.6994849979
media,87.0140861106
twitter,38.9548189187
facebook,36.1168438704
instagram,34.2475825493
online,33.8718415261
digital,27.5587768199
communications,26.4234436136
velocity,25.4023007478
yelp,23.5896624382
writing,22.1213948871
editorial,20.5149131345
building,19.0011654046
managing,16.7805541644
events,16.6579908511
execution,16.0217121667
active,15.1723014863
google,14.7360813348
passionate,14.6673937433
analytics,14.4605338172
build,14.2578812945
voice,14.2378832055
creating,13.6993434952
lifestyle,13.5356127833
mobile,12.853783998
measuring,12.3352105829
youtube,12.276707727
partner,12.1291684217
service,11.8278636765
creative,11.6576958982
