social media,2600
marketing communications,2367
marketing,2068
public relations,2061
social media marketing,1861
strategic communications,1581
media relations,1511
corporate communications,1441
marketing strategy,1399
management,1376
leadership,1349
event planning,1341
event management,1293
advertising,1291
project management,1245
editing,1216
strategic planning,1179
strategy,1163
internal communications,1154
press releases,1037
public speaking,1033
blogging,1007
copywriting,1005
social networking,915
digital marketing,905
customer service,897
online marketing,834
newsletters,804
integrated marketing,785
communications planning,741
research,731
email marketing,714
writing,707
microsoft office,696
facebook,694
crisis communications,668
online advertising,657
sales,636
brand development,588
team leadership,583
speech writing,564
graphic design,540
fundraising,536
nonprofits,534
photoshop,528
seo,527
training,493
program management,490
digital strategy,481
business development,480
adobe creative suite,475
market research,460
digital media,456
copy editing,456
direct marketing,452
content strategy,442
web content,441
time management,435
project planning,428
crm,427
brand management,426
creative direction,425
community development,421
budgets,419
creative writing,404
marketing management,391
change management,382
wordpress,382
web design,374
account management,371
journalism,349
indesign,349
photography,339
sponsorship,335
community outreach,328
team building,326
business strategy,325
teamwork,323
product marketing,313
microsoft excel,313
entrepreneurship,313
powerpoint,311
new business development,311
content management,302
community management,302
new media,301
web analytics,295
coaching,287
google analytics,285
proposal writing,284
corporate branding,280
non profits,275
content development,273
publicity,271
reputation management,264
illustrator,262
