30 offres,tfidf
community management,59.1739075362
communications marketing,19.0370569107
content creation,17.69923034
community engagement,17.0266612347
social marketing,13.3700615688
social networks,13.1022744103
web editing,12.3619999277
content management,12.0119574153
digital marketing,11.8907787423
social analytics,11.7203604679
online communities,11.0548142191
product marketing,10.8972350597
press releases,10.8227731784
online community,10.3892679702
community building,10.3133503744
community strategy,9.36987614604
marketing communications,8.97192494146
sprout social,8.63392257545
public relations,8.38591845205
people person,8.26655744192
writing skills,8.10135504234
writing editing,7.6257698183
creative content,7.28709077573
customer care,6.87672335929
customer support,6.7289437061
professional experience,6.66313525211
measurement tools,6.3686714449
spoken written,6.29843203054
editing proofreading,6.25727114451
video games,6.10293923488
