30 offres,tfidf
social media,89.255728629
best practices,10.3575042624
ability work,8.32553366814
real estate,7.96601707688
customer service,7.60732866768
communication skills,7.3227757986
self motivated,6.80808603202
fast paced,6.19693160129
verbal written,5.78804487376
sales marketing,5.40042812722
working knowledge,5.07852312318
business development,4.8998134079
problem solving,4.51627244257
management experience,4.28514201619
work pressure,4.20740105729
general manager,4.16720501938
high degree,3.55577037787
experience sales,3.50492861669
team player,3.35503040904
meet deadlines,3.34758142449
management team,3.2611608214
office suite,3.26090539162
customer satisfaction,3.20239326603
experience working,3.1800094055
analytical skills,3.11437111438
communicate effectively,3.06611541691
secondary education,2.7723154977
internal external,2.53393686161
computer skills,2.39099048729
organizational skills,2.27056199816
