30 offres,tfidf
problem solving skills,3.90822258793
fast paced environment,3.28295737444
ability multi task,3.14332676111
verbal written communication,2.83694235516
time management skills,2.83069461045
ability work independently,2.5400408148
build strong relationships,2.46921240846
able work pressure,2.43614769545
ability meet deadlines,2.41309646649
problem solving ability,2.39788319535
key performance indicators,2.26060100635
communication presentation skills,2.20206448941
strong analytical skills,2.13757366004
excellent/strong problem solving,2.09047195717
sales customer service,1.99919633442
work life balance,1.99711195512
excellent organizational skills,1.97993011369
strong customer service,1.92401322461
strong computer skills,1.89653399252
experience customer service,1.88998554024
ability work pressure,1.87403379235
organizational time management,1.84295326843
strong work ethic,1.81355975746
able work independently,1.771300799
work fast paced,1.57818072924
excellent communication skills,1.39803272005
customer service skills,1.3851403249
