22 offres,tfidf
store manager,12.0023514918
management team,11.4140628749
customer experience,10.5484881844
project management,8.75929760788
financial services,8.68915628523
human rights,7.33390351211
problem solving,7.22603590811
management experience,7.14190336032
customer service,6.91575333426
social media,6.73628140596
communicate effectively,6.13223083382
ability work,6.05493357683
flexible schedule,5.336348032
interpersonal skills,5.11515390128
decision making,5.0917030871
presentation skills,4.97195007441
customer satisfaction,4.80358989904
communication skills,4.27161921585
change management,3.72597613543
team oriented,3.61091978403
client service,3.57425554753
verbal written,3.47282692426
meet deadlines,3.34758142449
skills abilities,2.73556092404
work team,2.65337175054
policies procedures,2.29768557623
organizational skills,2.27056199816
able work,2.16402072032
compensation benefits,1.84924750153
risk management,1.83429183784
