22 offres,tfidf
business,31.7233795869
financial,30.9135693168
sales,29.2493744271
manager,21.5723484592
project,21.3368393363
customer,19.3824209629
development,19.2578898942
develop,18.9704976136
management,17.9747018142
performance,17.9737264595
team,16.7984900724
services,12.2923385874
process,11.160079623
staff,10.4274828878
projects,10.1402435681
including,9.72653600276
standards,9.21690424673
industry,8.80165236087
support,8.60042911205
people,8.35739901795
solutions,8.2531417843
reports,7.83552412573
marketing,7.46896246735
maintain,6.92095369167
environment,6.91568904052
education,6.88201173731
product,6.87159764547
operations,6.26799508252
clients,6.23544015475
time,6.14634896154
qualifications,5.92321263056
requirements,5.78874321873
knowledge,5.67161828965
work,5.15181508361
training,4.65464189128
working,4.1628990835
information,4.10881386767
responsible,3.38424568365
quality,2.86128112963
data,2.60648820685
security,2.08626714983
design,2.05328084543
software,1.8231322718
technical,1.65883783471
maintenance,0.895263367895
systems,0.797208275734
strong,0.47536051028
