22 offres,tfidf
communication presentation skills,4.40412897883
customer service sales,4.32411865548
customer service skills,4.1554209747
problem solving skills,3.90822258793
communication interpersonal skills,3.44324512327
verbal written communication,2.83694235516
ability work independently,2.5400408148
subject matter experts,2.46222160187
organization time management,2.37459885322
quality customer service,2.35655846958
fast paced environment,2.18863824963
standard operating procedures,2.1852509904
project management experience,2.11284130507
superior customer service,2.05012505141
basic computer skills,2.04313357492
strong problem solving,2.01099607439
project management skills,1.9448386721
excellent/strong interpersonal skills,1.85436288117
analytical problem solving,1.76464078539
excellent/strong communication skills,1.53429514078
written verbal communication,1.52247324107
verbal communication skills,1.51506779026
time management skills,1.41534730522
