22 offres,tfidf
project risk management,3.73069556358
strong writing skills,3.24824547536
strong leadership qualities,3.24824547536
financial planning analysis,3.13675346248
business case development,3.04811597543
proven leadership skills,2.81570635329
opening closing procedures,2.7388134538
excellent analytical skills,2.73069556358
judgment decision making,2.68061669924
exceptional interpersonal skills,2.66651499019
corporate social responsibility,2.56988257035
planning organizational skills,2.50884681397
team building skills,2.50692089293
