22 offres,tfidf
specialty retail,15.9678818959
creative solutions,12.3905609849
hr communications,11.7203604679
capital projects,10.5070608308
business partner,9.9709697887
exceeding expectations,9.62169287798
financial advisory,9.56679442242
technical accounting,9.3738984894
situational leadership,8.76781615472
visionary thinking,8.76781615472
internal communications,8.56368986948
maintaining relationships,8.30808712344
customer relationships,8.0317592089
fashion shows,7.49417195954
sales training,7.32074613759
shopper insights,7.21151365395
store management,7.0474379133
public companies,6.75345898546
budgeting planning,6.6850307844
financial analysis,6.61335612204
accounting finance,6.48617798322
communications strategies,6.31547590792
sales manager,6.28608233195
writing speaking,6.15854791485
retail experience,5.88691245146
project controls,5.83309331985
recruitment selection,5.8002071089
high energy,5.75557567773
tech savvy,5.72641250266
solution oriented,5.70485832063
