22 offres,tfidf
associate,30.1730767415
financing,23.3923768244
construction,20.9644475007
life,17.6097095785
cpa,17.5154176308
bdc,16.8135938914
insurance,14.9757689082
analysis,14.4225779568
drive,14.4082641541
selling,13.9706172846
pensions,13.7186622717
assessments,13.5296640257
asm,13.2678451509
merchandising,12.8799983484
director,12.685258341
consulting,12.357116648
accounting,12.2989008182
owner,11.9578378215
lead,11.7270524487
build,11.2026210171
compliance,11.1490132661
kpi,10.7929939782
challenges,10.6075311751
review,10.461161508
professional,10.3762764352
engineering,10.3521170893
present,10.2857204001
law,9.98828968034
presentation,9.76398566004
coach,9.69384036544
