management,405
customer service,348
leadership,325
sales,298
strategic planning,288
project management,243
marketing,240
strategy,238
social media,212
team leadership,200
marketing strategy,196
microsoft office,188
event planning,187
time management,182
training,177
event management,175
marketing communications,173
public speaking,171
budgets,166
team building,165
retail,153
social media marketing,153
public relations,151
coaching,150
microsoft excel,134
business strategy,132
business development,131
financial analysis,127
analysis,123
recruiting,122
project planning,120
research,119
merchandising,118
program management,114
sales management,113
business analysis,109
inventory management,109
change management,108
nonprofits,107
advertising,106
fundraising,103
teamwork,103
new business development,101
negotiation,100
visual merchandising,99
business planning,94
strategic communications,92
customer satisfaction,92
investments,92
finance,90
store management,90
market research,88
process improvement,86
account management,86
powerpoint,85
leadership development,84
social networking,82
entrepreneurship,82
microsoft word,81
management consulting,80
risk management,76
media relations,74
editing,73
non profits,72
human resources,72
performance management,72
loss prevention,71
integrated marketing,69
corporate communications,69
forecasting,68
volunteer management,67
crm,67
digital marketing,64
employee training,64
business process,64
fashion,64
organizational,64
team management,63
insurance,63
cross functional team,63
strategic financial,62
accounting,61
financial modeling,61
policy,59
online marketing,58
financial services,56
financial reporting,56
banking,55
problem solving,55
mutual funds,54
association management,53
email marketing,52
store operations,52
online advertising,51
employee relations,51
wealth management,50
integration,50
competitive analysis,50
inventory control,50
retail sales,50
direct marketing,50
contract negotiation,50
operations management,49
sponsorship,49
interviews,49
customer experience,47
community outreach,47
auditing,47
start ups,46
requirements analysis,46
mergers acquisitions,46
data analysis,45
retirement planning,44
vendor management,44
workshop facilitation,44
analytics,43
product development,43
corporate finance,43
employee benefits,42
business intelligence,42
sap,42
community development,41
financial accounting,41
apparel,41
