autocad,2
remote sensing,2
arcgis,2
photoshop,1
bentley microstation,1
indesign,1
thematic mapping,1
adobe creative suite,1
cartography,1
precise space,1
freehand,1
microsoft sql server,1
asp net,1
esri,1
xml,1
gml,1
arccatalog,1
maps,1
quantum gis,1
adobe freehand,1
data mapping,1
ms project,1
net,1
fme,1
spatial databases,1
arcmap,1
mapinfo,1
geomatics,1
arcview,1
arcobjects,1
spatial database,1
oracle spatial,1
digital mapping,1
transportation planning,1
geoprocessing,1
physical geodesy,1
geodatabase,1
global mapper,1
vb net,1
data collection,1
illustrator,1
digitization,1
spatial analysis,1
uml,1
postgis,1
arcinfo,1
computer programming,1
sql,1
gis,1
oracle,1
google earth,1
history,1
