12 offres,tfidf
education training,6.94871076444
training experience,4.93498636278
project management,3.75398468909
problem solving,3.61301795406
quality control,3.54827172154
information technology,3.50797808371
policies procedures,3.44652836435
new business,3.27923018847
analytical skills,3.11437111438
high level,2.66358305362
health safety,2.56615640869
compensation benefits,1.84924750153
communication skills,1.83069394965
team oriented,1.80545989202
project manager,1.7777059136
computer applications,1.77342535839
highly motivated,1.75534886913
experience sales,1.75246430834
strong attention,1.7506079856
quality assurance,1.72957107197
employment equity,1.71073351925
leadership skills,1.66443867796
professional development,1.66416258483
continuous improvement,1.64013708286
business development,1.63327113597
additional information,1.58814388732
self starter,1.55729344304
oral communication,1.45482990841
management experience,1.42838067206
decision making,1.27292577177
