12 offres,tfidf
data,29.5401996776
project,16.2159978956
standards,10.0548046328
software,9.11566135901
industry,7.33471030073
information,6.67682253496
sales,6.42059438643
management,6.29114563496
performance,5.99124215318
technical,5.80593242148
business,5.37684399777
development,5.13543730513
quality,5.00724197685
solutions,4.58507876905
knowledge,4.36278329973
projects,4.22510148671
training,4.07281165487
develop,3.95218700283
education,3.44100586866
systems,3.18883310293
clients,3.11772007738
work,2.96619656329
support,2.86680970402
safety,2.84170552114
qualifications,2.73379044487
process,2.62590108777
customer,2.48492576447
including,2.43163400069
requirements,2.41197634114
environment,2.30522968017
team,2.13798964558
marketing,2.13398927639
financial,1.9320980823
application,1.7485599694
reports,1.56710482515
staff,1.48964041255
equipment,1.47458398834
responsible,1.35369827346
working,1.24886972505
services,1.22923385874
security,1.04313357492
design,1.02664042271
time,1.02439149359
operations,0.895427868931
people,0.759763547086
manager,0.743874084802
maintain,0.629177608334
strong,0.47536051028
