12 offres,tfidf
geomatics,70.8958816527
gis,36.1040477528
survey,33.1317448661
fme,23.4407209358
shell,22.5364313798
surveying,16.1446057001
python,14.0472080298
surveys,12.7645852267
gps,12.7044152298
statistics,11.2766232892
architect,10.1552401494
databases,8.27709511087
analytical,7.60277772168
implementing,7.50454735248
designing,7.46421063371
government,7.07013216806
applications,6.90610543387
database,6.71850724891
mapping,6.60333939602
autocad,6.33736114544
technology,6.05440870622
procedures,5.93630025505
implementation,5.79687507376
research,5.7636796718
engineering,5.75117616073
presentations,5.54288567248
extraction,5.54224844128
professional,5.53401409876
documentation,5.40428044217
im,5.39932265968
