12 offres,tfidf
geospatial data,23.9158084121
mineral exploration,20.8102966387
gis applications,11.4009944752
technical assistance,10.3567509022
geomedia professional,10.3241186555
protected areas,9.11999867283
workflow management,7.14198944143
international standards,6.6982919422
data models,5.77119504714
knowledge management,5.72205866415
terrain modeling,5.16205932774
erdas imagine,4.68493807302
digital mapping,4.55999933641
information management,4.42241573771
structural geology,4.31696128773
professional services,4.2669761501
gis application,4.25896934075
artificial intelligence,4.16205932774
web mapping,4.08287808169
google earth,4.08287808169
arcgis desktop,3.90678682264
gender identity,3.88494960305
land surveying,3.83984003301
common law,3.78184808603
content server,3.74708597977
total station,3.73069556358
spatial data,3.68493807302
financial technology,3.65690934942
esri arcgis,3.58227573112
consultation skills,3.58227573112
