45 offres,tfidf
journal entries,38.1484928463
general ledger,30.3931354197
financial statements,28.026474487
accounting finance,23.7826526052
inventory valuation,21.2948467037
account reconciliations,21.1589074383
cost accounting,20.7246354239
financial analysis,19.8400683661
special projects,18.9114768833
balance sheet,18.0361901876
pension funds,17.8549736036
internal control,17.7572281375
internal controls,16.4959092871
finance accounting,15.5264931687
pension plans,15.3431882129
financial reporting,15.1405015052
fixed assets,14.8307983767
financial analyst,13.3816895063
bank reconciliations,12.9692880184
account analysis,12.6309518158
accounting principles,12.1362974908
master data,11.8536089631
inventory analysis,10.8917412321
accounting systems,10.8596051856
segregated funds,10.8172704809
margin analysis,10.781572811
general accounting,10.5377177075
pivot tables,10.2356598205
financial reports,9.34653283989
government remittances,9.33852391521
