accounting,366
financial analysis,330
financial reporting,295
microsoft excel,246
analysis,224
budgets,197
account reconciliation,195
microsoft office,194
financial accounting,189
finance,169
accounts payable,164
forecasting,160
management,158
variance analysis,157
auditing,149
accounts receivable,136
internal controls,136
customer service,135
leadership,127
sap,121
general ledger,113
teamwork,111
process improvement,109
financial modeling,103
team leadership,101
strategic planning,95
financial statements,94
project management,92
business analysis,90
powerpoint,89
microsoft word,84
ifrs,82
time management,82
payroll,74
risk management,71
cost accounting,67
cash flow,66
corporate finance,65
gaap,65
access,63
internal audit,59
business process,59
quickbooks,56
sarbanes oxley act,55
journal entries,55
strategic financial,54
managerial finance,54
tax,50
invoicing,50
sales,49
data analysis,49
business strategy,49
banking,49
problem solving,48
fixed assets,47
accruals,47
project planning,46
excel,45
marketing,43
budgeting,42
investments,42
change management,41
business planning,41
erp,41
research,40
strategy,40
training,40
team building,39
cash management,37
