45 offres,tfidf
financial,55.0647953455
reports,29.7749916778
including,23.3436864066
knowledge,23.1227514886
process,19.6942581583
support,19.4943059873
solutions,18.3403150762
business,17.2059007929
working,17.0678862423
management,16.6265991781
data,16.5077586434
software,15.4966243103
information,15.4080520038
team,14.9659275191
services,14.1361893755
projects,13.5203247575
develop,12.646998409
responsible,12.1832844611
work,12.1770174704
education,11.7977344068
people,10.6366896592
industry,10.268594421
environment,9.98932861408
operations,9.84970655824
performance,9.41480909785
sales,9.27419189151
development,8.98701528398
staff,8.93784247529
qualifications,8.65700307543
requirements,8.20071955987
time,8.19513194872
customer,7.95176244631
safety,7.81469018313
maintain,7.55013130001
project,6.82778858762
standards,6.70320308853
maintenance,6.26684357526
clients,6.23544015475
manager,5.95099267841
technical,5.80593242148
systems,5.58045793013
application,5.24567990821
product,5.1536982341
training,4.65464189128
marketing,4.26797855277
design,4.10656169085
equipment,2.21187598252
quality,2.14596084722
strong,0.47536051028
