45 offres,tfidf
budget development management,8.16575616339
effective team player,6.21030895281
canadian securities course,5.21878222326
service level agreements,5.11566654931
ready mix concrete,3.86102933208
certified general accountant,3.80033149172
certified management accountant,3.73069556358
planning budgeting forecasting,3.68493807302
corporate income tax,3.51860665126
cash flow management,3.42966556792
accounts receivable payable,3.3912073161
process improvement projects,3.323210237
financial planning analysis,3.13675346248
sustainable forest management,2.96893472939
management information systems,2.91163932543
learn new software,2.8902177212
excellent analytical skills,2.73069556358
exceptional interpersonal skills,2.66651499019
ability learn quickly,2.64223133397
corporate social responsibility,2.56988257035
good customer service,2.53881003734
cross functional team,2.52157789077
team building skills,2.50692089293
good computer skills,2.49367341105
