45 offres,tfidf
analytical problem solving,8.82320392695
key performance indicators,6.78180301904
oral written communication,4.93221637415
problem solving abilities,4.5739961287
effective communication skills,4.52447765063
work life balance,3.99422391024
ability work independently,3.8100612222
organizational time management,3.68590653686
communication interpersonal skills,3.44324512327
verbal written communication,2.83694235516
time management skills,2.83069461045
customer service skills,2.7702806498
problem solving skills,2.60548172529
strong business acumen,2.42486668504
organization time management,2.37459885322
strong team player,2.27556860257
able multi task,2.22454143572
strong time management,2.21364636196
fast paced environment,2.18863824963
good/strong interpersonal skills,2.12560275188
decision making skills,1.96285284858
strong computer skills,1.89653399252
written oral communication,1.88284881514
ability work pressure,1.87403379235
strong work ethic,1.81355975746
able work independently,1.771300799
excellent/good/strong communication skills,1.65231800712
