45 offres,tfidf
accounts payable,27.1181208424
financial services,17.3783125705
communication skills,15.2557829137
working knowledge,13.9659385888
internal external,13.9366527389
analytical skills,9.34311334313
ability work,9.08240036525
health safety,8.98154743043
secondary education,8.3169464931
problem solving,7.22603590811
fast paced,6.19693160129
policies procedures,5.74421394058
team player,5.5917173484
compensation benefits,5.54774250459
career opportunities,5.42558330599
employment equity,5.13220055776
interpersonal skills,5.11515390128
data entry,4.77595086726
organizational skills,4.54112399633
human rights,3.66695175605
client service,3.57425554753
high degree,3.55577037787
highly motivated,3.51069773826
verbal written,3.47282692426
business administration,3.4419858422
ability prioritize,3.43884560392
able work,3.24603108049
work effectively,3.20382697578
self starter,3.11458688607
strong attention,1.7506079856
