45 offres,tfidf
accounting,207.851423828
end,50.3803156638
accounts,48.5536813673
cpa,42.8154653198
analyst,41.5383800193
reporting,40.5343669378
payroll,38.8377485424
finance,38.3448113041
reconciliation,36.7737290281
tax,35.355432543
analysis,35.0262607521
audit,33.8458817642
adp,28.7566892758
payments,27.6120839554
cga,25.3401548578
cma,22.8209615778
manufacturing,22.0663934653
reconciliations,21.9944441334
cash,21.7628099299
accountant,21.7618397043
analytical,20.6361109588
sap,19.2826915412
advanced,18.9739092654
compliance,18.9533225524
cost,17.8429760154
budget,16.6777790602
skills,16.5054941248
payment,16.349452161
analyze,15.7340177233
gaap,15.6201045432
