41 offres,tfidf
smart serve certified,9.48617798322
cash handling experience,5.68799198556
opening closing procedures,5.47762690761
great communication skills,5.32474449025
going extra mile,3.40618447207
positive employee relations,3.30472683131
comfortable working independently,3.14922210304
new product launches,3.00369683565
smart serve certification,2.99770647196
handle multiple projects,2.88330572679
valid drivers licence,2.78914732477
customer service excellence,2.70721446773
strong presentation skills,2.65555429534
ability learn quickly,2.64223133397
advanced computer skills,2.55891495512
