41 offres,tfidf
wine,436.1228286
hospitality,33.2009834391
food,25.9355227225
retail,25.6436266475
events,24.9869862766
service,22.3884562448
multitasker,17.4040904518
clean,16.6918934602
passionate,16.0007931745
lifting,15.3898892056
positive,15.3846773702
selling,15.367679013
beer,15.3083949879
certification,14.7990889153
cleaning,13.7452872305
flexible,13.3378726992
merchandising,12.8799983484
friendly,12.7091229729
courteous,11.9579772764
following,11.9232880722
ontario,11.1669722509
drive,11.0832801185
selection,10.5114545374
competitive,10.2683837386
supervisor,10.1557112393
bending,10.0385148181
license,10.0075832391
physical,9.73440160533
email,9.56466829348
effective,9.52199027161
