41 offres,tfidf
customer service,26.9714380036
food beverage,11.4771658221
policies procedures,8.04189951682
ability work,7.56866697104
fast paced,7.08220754433
self motivated,6.80808603202
able work,6.49206216097
health safety,6.41539102174
driver license,5.7236688659
team player,5.5917173484
interpersonal skills,5.11515390128
management experience,4.28514201619
general manager,4.16720501938
supply chain,3.85660392955
food service,3.84152388126
ability prioritize,3.43884560392
continuous improvement,3.28027416572
sales experience,3.0111556239
secondary education,2.7723154977
internal external,2.53393686161
organizational skills,2.27056199816
experience working,2.12000627033
store manager,2.0003919153
communication skills,1.83069394965
sales marketing,1.80014270907
product knowledge,1.78621289143
flexible schedule,1.77878267733
customer experience,1.75808136407
highly motivated,1.75534886913
continuous learning,1.68566250102
