41 offres,tfidf
customer service skills,9.69598227429
fast paced environment,5.47159562407
standard operating procedures,4.37050198081
valid driver license,4.28634538143
supply chain management,2.48903842061
operate cash register,2.4835409487
clean drivers abstract,2.38390807736
customer service sales,2.16205932774
positive work environment,2.14922210304
valid drivers license,2.0461161508
excellent time management,1.99503753195
customer service oriented,1.99150426922
strong computer skills,1.89653399252
work minimal supervision,1.88928974119
excellent/strong interpersonal skills,1.85436288117
organizational time management,1.84295326843
strong work ethic,1.81355975746
excellent/exceptional/superior customer service,1.74551985617
ability work team,1.71258092855
customer service experience,1.69385974167
oral written communication,1.64407212472
work fast paced,1.57818072924
ability multi task,1.57166338056
verbal written communication,1.41847117758
excellent communication skills,1.39803272005
ability work independently,1.2700204074
