41 offres,tfidf
wine education,28.8446664981
serving right,24.6921240846
stocking shelves,21.5027445093
wine sales,16.648237311
retail experience,13.7361290534
wine knowledge,13.292840948
brand strategy,12.9929819014
teamwork skills,12.4177047435
cash handling,11.1052254202
food industry,10.1224622349
wine tours,8.92617864681
special event,8.84164643908
brand planning,7.91587869017
private events,7.81357364528
answering phones,7.6702628448
sales training,7.32074613759
consumer insights,6.92617864681
food preparation,6.50851742973
key performance,6.37988876867
field marketing,6.3416665041
sales director,6.21030895281
oral written,5.530717265
lead hand,5.2586098975
hospitality industry,5.07349375356
analytical thinking,5.03721330251
public speaking,5.02544893806
work ethic,4.75026035332
desire learn,4.72268449892
written communications,4.58331084492
excellent customer,1.46754187393
