wine,41
wine tasting,40
winemaking,40
wineries,32
viticulture,25
food,24
alcoholic beverages,24
vineyard,22
strategic planning,19
food pairing,19
food beverage,18
marketing strategy,17
management,17
beer,17
customer service,17
sales,16
marketing,16
event management,15
hospitality,14
restaurants,13
event planning,12
social media,10
beverage industry,10
wine spirits industry,9
sales management,9
fine dining,9
product development,9
retail,9
sensory evaluation,9
marketing communications,8
red wine,8
inventory management,8
public relations,8
microsoft office,8
wine lists,7
champagne,7
leadership,7
social media marketing,6
wine sales,6
team building,6
research,6
budgets,6
negotiation,5
product marketing,5
brand development,5
menu development,5
wine marketing,5
public speaking,5
new business development,5
culinary skills,5
