41 offres,tfidf
sales,34.243170061
customer,24.8492576447
team,17.4093442569
industry,16.8698336917
develop,16.5991854119
safety,15.6293803663
work,13.4259423391
environment,12.678763241
time,11.9512340919
requirements,11.5774864375
support,11.4672388161
performance,10.270700834
knowledge,10.0344015894
quality,10.0144839537
staff,9.68266268156
working,9.57466789205
management,9.43671845244
security,9.38820217424
education,9.33987307207
marketing,8.53595710554
maintain,8.17930890834
business,8.06526599666
operations,8.05885082038
including,7.7812288022
people,7.59763547086
training,7.56379307334
product,6.87159764547
manager,6.69486676322
process,5.90827744748
development,5.77736696827
qualifications,5.46758088975
maintenance,5.37158020737
standards,5.0274023164
systems,4.7832496544
information,4.62241560113
equipment,4.42375196503
application,4.37139992351
responsible,3.38424568365
reports,3.13420965029
financial,2.89814712345
project,2.56042072036
technical,2.48825675206
solutions,1.83403150762
projects,1.69004059469
services,1.22923385874
software,0.911566135901
data,0.868829402282
strong,0.47536051028
