management,1331
project management,1035
strategy,1019
leadership,970
strategic planning,825
change management,814
business analysis,736
business process,690
program management,637
management consulting,616
team leadership,537
integration,524
training,517
business strategy,516
project planning,505
process improvement,475
business development,464
analysis,454
coaching,432
team building,417
consulting,400
crm,393
business intelligence,389
marketing,370
customer service,362
requirements analysis,356
sales,351
vendor management,345
performance management,341
sdlc,335
marketing strategy,328
risk management,314
human resources,300
business planning,299
budgets,297
organizational,286
public speaking,274
leadership development,274
recruiting,263
governance,261
new business development,253
erp,252
enterprise software,251
social media,251
cross functional team,241
telecommunications,241
marketing communications,234
enterprise architecture,232
software project,231
pmo,224
business transformation,223
negotiation,219
entrepreneurship,219
itil,218
account management,214
operations management,210
outsourcing,207
talent management,206
solution architecture,204
pmp,200
software development,200
employee engagement,199
requirements gathering,198
policy,197
public relations,196
start ups,195
sales management,189
project portfolio,188
product management,187
event management,186
research,183
microsoft office,183
finance,181
workshop facilitation,181
financial analysis,177
event planning,175
social media marketing,175
employee relations,174
team management,172
market research,169
cloud computing,164
service management,163
security,162
strategic communications,160
advertising,155
sap,152
time management,149
agile methodologies,145
succession planning,145
information technology,142
software documentation,140
forecasting,139
product development,135
contract negotiation,134
