16 offres,tfidf
project,35.845890085
security,32.3371408224
sales,19.9751825356
business,19.8943227918
develop,18.9704976136
management,18.4240693595
development,16.0482415785
projects,12.6753044601
team,12.5225107813
performance,11.9824843064
systems,11.958124136
solutions,11.9212047995
clients,11.6914502902
manager,10.4142371872
knowledge,10.0344015894
services,9.83387086994
including,9.24020920262
people,9.11716256503
process,8.53417853525
staff,8.19302226901
industry,8.0681813308
quality,7.86852310648
financial,7.72839232919
work,7.49354921253
technical,7.46477025618
customer,6.95779214052
maintain,6.29177608334
design,6.15984253628
requirements,5.78874321873
information,5.64961906805
standards,5.0274023164
reports,4.70131447544
operations,4.47713934466
data,4.34414701141
marketing,4.26797855277
qualifications,4.10068566731
time,3.75610214316
application,3.49711993881
support,3.44017164482
responsible,3.38424568365
safety,2.84170552114
environment,2.68943462687
product,2.57684911705
working,2.4977394501
training,1.16366047282
education,0.983144533902
software,0.911566135901
maintenance,0.895263367895
equipment,0.737291994172
strong,0.47536051028
