16 offres,tfidf
supply chain,15.4264157182
project management,11.2619540673
change management,11.1779284063
presentation skills,9.94390014882
computer science,9.80425791931
client service,7.14851109505
analytical skills,6.22874222875
communication skills,6.1023131655
human rights,5.50042763408
team oriented,5.41637967605
project manager,5.33311774081
team member,4.96261036814
business development,4.8998134079
decision making,3.81877731532
business requirements,3.76661145358
written verbal,3.68086591977
verbal written,3.47282692426
quality assurance,3.45914214394
policies procedures,3.44652836435
work effectively,3.20382697578
best practices,2.95928693213
high level,2.66358305362
general manager,2.08360250969
compensation benefits,1.84924750153
risk management,1.83429183784
career development,1.79601011794
product knowledge,1.78621289143
highly motivated,1.75534886913
information technology,1.75398904185
professional manner,1.73766777333
