16 offres,tfidf
communication presentation skills,6.60619346824
written verbal communication,4.5674197232
verbal written communication,4.25541353274
interpersonal communication skills,3.33330752919
new business opportunities,2.17843304062
strong analytical skills,2.13757366004
project management skills,1.9448386721
strong interpersonal skills,1.85778427726
work team environment,1.82022927082
ability work team,1.71258092855
ability multi task,1.57166338056
verbal communication skills,1.51506779026
excellent communication skills,1.39803272005
