16 offres,tfidf
hr transformation,23.4407209358
information security,17.721420169
human capital,17.4407209358
hyperion planning,14.9883439191
organizational design,13.1949458705
project delivery,11.7257774418
hr strategy,11.0989839895
project plans,10.9492824468
service delivery,9.82527299859
team leadership,9.82478246183
access management,9.31546342921
client communications,9.15440885233
client satisfaction,9.14567756295
solution development,8.898479026
professional services,8.53395230019
international travel,7.94652518302
leadership development,7.66381291358
talent management,7.61333169572
consulting services,7.42895276742
employee engagement,7.19589400253
video surveillance,6.89211196821
identity management,6.81236894414
application security,6.46528080405
cyber security,6.32411865548
service excellence,6.27163656794
organizational culture,6.23347269791
scrum master,6.15139899413
client relationships,6.05432463395
value propositions,6.03186258413
healthcare industry,6.00739367129
