16 offres,tfidf
consulting,58.6963040782
essbase,19.9017677264
implementation,15.0718751918
risk,14.6659763751
planning,14.6238527025
lead,13.6815611901
professional,13.1432834846
mining,12.2987373559
processes,11.9984818961
hyperion,11.8101772528
managing,11.536630988
travel,11.5175493678
organization,10.965708372
developing,10.7378145175
iam,10.5265404419
technology,10.090681177
controls,9.30584156596
leadership,9.22609686284
delivery,9.21608445183
change,8.6560828813
coaching,8.21758557837
cissp,8.08113599199
science,8.0602299858
understanding,7.76551863937
agile,7.66816182801
skills,7.63379103272
chrp,7.61643011203
partner,7.58073026354
facilitation,7.49524040868
outsourcing,7.475440424
