16 offres,tfidf
development delivery training,10.3634674549
solid computer skills,6.23347269791
management information systems,5.82327865086
business solutions development,4.46308932341
customer relationship building,3.64354538786
windows server 2012,3.60575682697
manage client relationships,3.45448915164
supply chain operations,3.37672949273
organizational change management,3.28699806435
property casualty insurance,3.18433572245
long term business,3.09017732044
handle confidential information,3.04811597543
strong people skills,3.00977098336
software development lifecycle,2.91163932543
excellent analytical skills,2.73069556358
customer relationship management,2.52257283847
organizational communication skills,2.50981298674
p c insurance,0
