115 offres,tfidf
data entry,36.6156233157
human resources,30.0844966937
communication skills,26.2399466116
ability work,25.7334677015
organizational skills,22.7056199816
experience working,21.2000627033
customer service,20.0556846693
policies procedures,19.530327398
verbal written,18.521743596
fast paced,17.7055188608
secondary education,16.6338929862
working knowledge,16.5052001503
high level,15.9814983217
internal external,13.9366527389
interpersonal skills,13.2994001433
positive attitude,12.020948367
able work,11.9021139618
problem solving,11.7423083507
meet deadlines,11.7165349857
written verbal,11.0425977593
computer skills,10.7594571928
ability prioritize,10.3165368118
team player,10.0650912271
work pressure,9.81726913367
accounts payable,9.68504315802
career opportunities,9.04263884332
professional manner,8.68833886665
compensation benefits,7.39699000612
high degree,7.11154075574
strong attention,1.7506079856
