115 offres,tfidf
payroll compliance practitioner,43.6264315988
adp pay work,35.6214541058
human resources management,10.4670088451
high level confidentiality,9.02016987083
advanced computer skills,7.67674486536
group benefit plans,7.52823863814
handle confidential information,6.09623195087
able meet deadlines,5.94345525914
leave absence management,5.16205932774
sage simply accounting,3.93161040636
excellent math skills,3.73069556358
public sector accounting,3.7149012964
new hire paperwork,3.58227573112
year end close,3.48996146981
able learn quickly,3.46308932341
high level organization,3.44605598411
pay attention details,3.42966556792
organization prioritization skills,3.39863133418
superior client service,3.37672949273
able work supervision,3.2126693211
power point outlook,3.08651236635
solid communication skills,3.08287808169
energetic team player,3.06863764258
make things happen,3.06514931473
ad hoc reporting,3.02852041937
enterprise resource planning,2.98308238045
strong communications skills,2.96615967533
time management organization,2.86980325638
excellent analytical skills,2.73069556358
good time management,2.53984530477
