115 offres,tfidf
process,59.7392497467
data,56.4739111483
reports,52.4980116424
responsible,36.5498533834
knowledge,34.9022663979
including,34.5292028098
information,34.4113161417
working,30.3891633095
software,26.4354179411
team,26.2667299314
time,25.951251171
requirements,25.5669492161
maintain,23.2795715084
environment,21.8996819616
manager,21.5723484592
work,20.2950291173
systems,19.9302068933
financial,19.320980823
education,19.1713184111
business,18.8189539922
support,18.3475821057
management,17.5253342688
qualifications,17.3140061509
clients,17.1474604256
customer,16.4005100455
staff,15.6412243318
projects,13.5203247575
people,12.1562167534
services,11.6777216581
performance,11.1265925702
solutions,10.0871732919
operations,9.84970655824
development,9.62894494712
maintenance,8.95263367895
industry,8.80165236087
training,7.56379307334
technical,7.46477025618
project,6.82778858762
quality,5.00724197685
sales,4.28039625762
standards,4.18950193033
develop,3.95218700283
safety,3.55213190142
application,3.49711993881
design,3.07992126814
equipment,2.94916797669
security,2.08626714983
product,1.71789941137
strong,0.47536051028
