payroll,550
customer service,364
microsoft excel,318
human resources,317
microsoft office,300
employee relations,260
accounting,257
employee benefits,244
accounts payable,226
time management,215
recruiting,208
microsoft word,204
benefits administration,202
management,199
hris,192
accounts receivable,185
account reconciliation,172
adp payroll,169
outlook,160
training,156
performance management,145
leadership,140
budgets,137
hr policies,134
teamwork,124
quickbooks,119
invoicing,119
powerpoint,119
onboarding,118
administration,113
data entry,113
general ledger,106
bookkeeping,105
new hire orientations,98
deferred compensation,90
team leadership,89
coaching,88
journal entries,88
strategic planning,87
interviews,87
employee engagement,86
process improvement,84
financial reporting,81
team building,81
peoplesoft,74
analysis,71
project management,70
talent acquisition,70
talent management,69
sap,68
research,68
organizational,64
personnel management,64
change management,62
bank reconciliation,62
financial analysis,61
financial accounting,60
sales,58
event planning,58
auditing,57
office administration,57
finance,57
ceridian,57
financial statements,57
payroll taxes,57
