115 offres,tfidf
payroll,1161.89597723
administrator,221.213311099
adp,119.819538649
processing,98.6152544453
pcp,87.795926425
accounting,82.402635482
t4,81.5944097186
union,78.750355586
ceridian,71.187832208
end,67.1737542184
benefits,55.1827503895
hr,49.8190640363
tax,44.6594937385
payments,40.6060058167
skills,38.5815925167
accurate,38.5423659146
reconciliation,36.7737290281
reconciliations,35.9909085819
recruitment,35.819702706
accuracy,33.5732151401
human,33.0306521303
vacation,33.0070181133
government,32.5226079731
calculations,32.4569998398
attention,31.2762667691
accounts,30.3460508545
confidentiality,29.5110376029
reporting,29.4795395912
resume,29.3878616644
administration,29.3190944867
