115 offres,tfidf
time management skills,16.9841676627
verbal written communication,14.1847117758
communication interpersonal skills,13.7729804931
organizational time management,11.0577196106
ability work independently,10.1601632592
customer service skills,9.69598227429
data entry skills,9.53563230943
ability multi task,9.42998028334
interpersonal communication skills,8.33326882298
ability work pressure,7.49613516941
multi tasking skills,7.14091185927
fast paced environment,6.56591474889
problem solving skills,6.51370431322
analytical problem solving,5.29392235617
able work pressure,4.87229539089
high level accuracy,4.85612008241
problem solving abilities,4.5739961287
written verbal communication,4.5674197232
verbal communication skills,4.54520337079
able multi task,4.44908287145
strong time management,2.21364636196
proficient/strong computer skills,2.17679268047
strong problem solving,2.01099607439
excellent/strong organizational skills,1.90885349307
strong work ethic,1.81355975746
excellent/good communication skills,1.64319822993
excellent customer service,1.50596112573
