115 offres,tfidf
payroll processing,94.4139679585
canadian payroll,76.4563901696
time attendance,74.7890524871
new hires,49.617094344
payroll administration,42.8636429567
benefits administration,40.7288881547
payroll software,37.9066158252
journal entries,35.9044638553
government remittances,31.1284130507
general ledger,25.7172684321
adp payroll,24.9199953549
payroll accounting,22.3550346543
time management,18.7510809868
workers compensation,16.7459487928
employment standards,15.6490578066
management skills,15.3513774745
written communication,14.781524621
great plains,14.2095652082
work independently,13.7845059806
collective agreements,13.7115861092
attention accuracy,13.5311147581
account reconciliations,13.224317149
accounting finance,12.9723559664
pivot tables,12.7945747756
multi task,12.3669288401
pension plans,12.2745505703
employee benefits,12.1725903536
ceridian payroll,11.9579042061
strong organizational,1.54916955845
excellent communication,1.17721709634
