47 offres,tfidf
construction,67.8261536788
painting,36.5439472006
eis,30.5570931754
ms,23.5679927954
aquaculture,21.0530808838
lead,20.5223417852
effective,19.9096160225
plan,19.8954926223
drawings,18.7750024545
control,18.6589907043
certificate,18.1545623892
residential,17.8624902433
managing,17.8293387997
leadership,17.5295840394
health,17.2858324137
implement,16.7527139915
painter,16.7348839486
cost,16.5684777285
contracts,15.5396138142
leader,15.4375205775
schedules,15.3122406261
build,15.276301387
coordinating,15.129192636
coaching,15.0655735603
care,15.035729868
phase,15.0122601876
engineering,14.9530580179
service,14.7848295956
reporting,14.7397697956
culture,14.5979072916
