management,325
project management,324
project planning,238
customer service,229
leadership,221
construction,209
microsoft office,178
strategic planning,173
team leadership,165
construction management,165
contract management,164
budgets,154
team building,146
engineering,131
operations management,129
training,126
procurement,121
contract negotiation,116
change management,114
negotiation,113
strategy,113
program management,111
marketing,109
social media,108
process improvement,106
event planning,100
event management,100
sales,94
time management,93
project estimation,88
microsoft excel,88
inspection,86
autocad,84
coaching,84
project control,82
civil engineering,81
ms project,80
public speaking,79
research,78
construction safety,73
project engineering,72
commissioning,72
public relations,71
social media marketing,66
process scheduler,66
marketing strategy,66
supervisory skills,66
contractors,65
clinical research,64
business strategy,64
clinical trials,63
energy,62
new business development,62
epc,62
business development,61
petroleum,61
continuous improvement,61
analysis,61
teamwork,60
microsoft word,59
advertising,58
concrete,58
marketing communications,57
manufacturing,55
gas,54
project coordination,54
subcontracting,53
business analysis,53
logistics,52
cross functional team,52
recruiting,51
customer satisfaction,51
editing,51
performance management,51
team management,50
value engineering,50
gcp,50
clinical monitoring,50
troubleshooting,49
retail,49
problem solving,49
ich gcp,49
sales management,48
account management,48
powerpoint,48
piping,47
human resources,46
primavera p6,46
inventory management,46
pharmaceutical industry,45
cro,45
factory,45
telecommunications,45
pipelines,45
supply chain management,44
petrochemical,44
vendor management,44
forecasting,43
crm,43
risk management,43
integration,42
ctms,42
oil gas,42
oncology,41
policy,41
social networking,41
product development,41
fundraising,41
organizational,41
edc,40
cost control,40
facilities management,40
business process,40
supply chain,38
safety management,38
clinical development,38
sop,37
environmental awareness,37
refinery,37
entrepreneurship,37
photoshop,36
therapeutic areas,36
quality assurance,36
business planning,36
online marketing,36
power plants,36
purchasing,36
online advertising,36
sigma,36
water,35
administration,35
windows,35
software documentation,35
commerce,34
graphic design,34
employee relations,34
lean manufacturing,33
nonprofits,33
