47 offres,tfidf
site management,24.1274503365
construction site,19.765219839
clinical trial,18.5856080311
property management,13.5182308412
clinical research,13.089956417
grid systems,12.6234504549
building maintenance,12.3328882563
construction management,12.1563852604
managing staff,11.6960528984
pharmaceutical industry,11.1419294827
health sciences,10.8786777535
csts certificate,10.7129841621
daily operations,10.6271521619
leadership abilities,10.1469875071
power transmission,10.0676380613
occupational health,9.67086311564
clinical data,9.59481450119
high voltage,9.23782187227
language skills,8.86636297044
clinical trials,8.74225818414
residential construction,8.6917245142
management engineering,8.55091640006
property manager,8.48886260348
airline operations,8.24133328517
fall arrest,8.04185009772
building materials,8.02476285679
data quality,7.86518955885
wind turbines,7.60066298345
cost efficiency,6.97992293961
ich gcp,6.89211196821
