47 offres,tfidf
construction safety training,9.00207397652
cost center management,5.16205932774
construction site management,4.46308932341
financial risk management,3.59385760367
high performance teams,3.59385760367
project planning management,3.52859087216
manage client relationships,3.45448915164
possess strong analytical,3.43778345814
planning organizing skills,3.28699806435
direct patient care,3.24824547536
health safety management,3.18893147414
quality patient care,3.17083325205
comfortable working independently,3.14922210304
strong people skills,3.00977098336
secret security clearance,2.98887305933
project management tools,2.87875809904
commitment customer service,2.83164555439
good work ethic,2.79657134285
project management professional,2.7149012964
strong presentation skills,2.65555429534
