47 offres,tfidf
project,58.8896765682
manager,49.8395636817
management,34.6013009923
safety,32.6796134931
operations,30.4445475437
quality,28.6128112963
standards,25.9749119681
security,23.9920722231
staff,23.8342466008
team,23.8233131936
people,22.0331428655
performance,21.3972934042
customer,19.8794061158
maintenance,19.6957940937
equipment,19.1695918485
reports,18.8052579017
working,18.7330458757
requirements,16.883834388
knowledge,15.706019879
responsible,15.5675301448
information,15.4080520038
business,15.0551631938
clients,14.8091703675
including,14.5898040041
sales,14.2679875254
work,13.7381735563
systems,13.5525406875
environment,13.4471731343
projects,12.6753044601
time,11.9512340919
develop,11.8565610085
process,11.160079623
services,11.0631047287
training,11.0547744918
technical,10.7824459256
support,10.3205149345
qualifications,9.11263481625
development,8.34508562084
industry,8.0681813308
education,7.37358400426
data,6.95063521825
maintain,6.29177608334
product,6.01264793979
design,5.13320211357
solutions,4.58507876905
software,2.7346984077
application,2.6228399541
financial,0.966049041149
strong,0.47536051028
