47 offres,tfidf
occupational health safety,9.77077898678
valid driver license,5.71512717523
problem solving skills,3.90822258793
oral written communication,3.28814424943
fast paced environment,3.28295737444
written verbal communication,3.04494648214
verbal communication skills,3.03013558053
verbal written communication,2.83694235516
ability work independently,2.5400408148
supply chain management,2.48903842061
conflict resolution skills,2.37036867872
key performance indicators,2.26060100635
strong time management,2.21364636196
positive work environment,2.14922210304
strong analytical skills,2.13757366004
project management experience,2.11284130507
strong problem solving,2.01099607439
project management skills,1.9448386721
excellent interpersonal skills,1.85094148508
strong work ethic,1.81355975746
job task planning,1.79882352326
analytical problem solving,1.76464078539
exceptional customer service,1.68047339137
interpersonal communication skills,1.6666537646
work fast paced,1.57818072924
ability multi task,1.57166338056
excellent communication skills,1.39803272005
high school diploma,1.38405286632
