47 offres,tfidf
health safety,16.6800166565
quality control,15.9672227469
management experience,11.4270453765
working knowledge,11.4266770272
management team,11.4140628749
project manager,8.88852956802
project management,8.75929760788
customer service,7.60732866768
experience working,7.42002194616
policies procedures,6.8930567287
continuous improvement,6.56054833143
oral communication,5.81931963366
team player,5.5917173484
problem solving,5.41952693109
computer applications,5.32027607517
customer experience,5.27424409222
team member,4.96261036814
written verbal,4.90782122636
communication skills,4.8818505324
driver license,4.57893509272
best practices,4.43893039819
work pressure,4.20740105729
general manager,4.16720501938
secondary education,4.15847324655
skills abilities,4.10334138606
decision making,3.81877731532
internal external,3.80090529242
risk management,3.66858367568
fast paced,3.54110377216
highly motivated,3.51069773826
