1764 offres,tfidf
design,6065.39161739
project,1428.71476196
projects,1078.24589941
software,973.552633142
technical,951.343498205
development,910.256262335
knowledge,860.777145037
team,807.549231845
product,793.669528052
marketing,771.437123413
solutions,707.936161942
working,639.837589134
develop,591.247175623
requirements,575.497554996
clients,568.983914121
systems,563.626250944
business,558.654091368
work,542.501739865
standards,529.553043994
including,513.074774145
data,475.249683048
support,474.170325044
process,462.815066719
quality,440.637293963
environment,432.614769979
industry,410.743776841
management,410.721936454
application,403.043072947
time,400.537073994
customer,366.775042836
people,360.887684866
sales,360.266685017
services,357.707052894
education,349.999454069
information,342.058754484
training,336.879706882
responsible,299.167318435
qualifications,298.438790232
maintain,237.82913595
manager,235.064210797
performance,225.955418348
equipment,207.179050362
staff,203.335916313
security,186.72090991
reports,184.918369367
financial,149.737601378
operations,128.941613126
maintenance,128.022661609
safety,114.378647226
strong,0.47536051028
