1764 offres,tfidf
designer,1891.81281798
creative,1304.36664106
web,1132.66957601
engineering,1003.00512243
photoshop,914.805356122
drawings,912.152202579
digital,911.060739574
designing,906.901591996
ux,871.348916585
mobile,859.596804864
ui,795.984046254
illustrator,783.432740521
production,773.368223327
print,697.960594359
autocad,694.997272283
portfolio,660.336453193
understanding,632.458351407
graphics,617.581948659
construction,612.901788697
materials,611.647970278
visual,606.134439263
technology,599.386461915
learning,587.759849729
indesign,578.192667116
ideas,576.689574491
skills,565.313173775
media,556.319566937
layout,515.852384599
specifications,500.75361408
wireframes,488.100781835
