1764 offres,tfidf
graphic design,1134.45349457
interior design,677.704325363
graphic designer,545.573732674
user experience,531.598531508
visual design,508.506314191
html css,431.096094196
interaction design,427.029436066
design development,375.537684628
experience design,347.903918941
web design,343.119641002
instructional design,291.35563482
user interface,245.533136827
product development,231.357922517
product design,225.20829965
user research,221.981392079
management skills,206.65315831
design principles,206.123006892
electrical engineering,205.245039188
time management,192.198580114
game design,189.907609702
mechanical engineering,186.531497713
mechanical design,177.319751456
usability testing,176.279340768
adobe illustrator,172.590121124
ux design,172.444309353
adobe suite,171.648361625
information architecture,166.922499116
interior designer,164.915800256
written communication,158.048609409
excellent communication,1.17721709634
