1764 offres,tfidf
project management,334.104637329
working knowledge,304.711387391
experience working,304.220899793
communication skills,303.895195642
ability work,289.879944991
best practices,269.295110824
social media,245.874271318
fast paced,236.368676792
team player,232.615441693
problem solving,194.199715031
able work,185.023771588
internal external,169.773769728
software development,167.811818567
meet deadlines,165.705280512
written verbal,165.63896639
self motivated,162.032447562
verbal written,158.592429541
project manager,147.549590829
computer science,147.06386879
high level,138.506318788
work team,135.321959278
interpersonal skills,129.924909092
organizational skills,123.7456289
customer experience,119.549532757
work pressure,115.002295566
cross functional,106.965228599
presentation skills,106.068268254
analytical skills,102.774246774
customer service,101.661574014
business requirements,99.8152035198
