1764 offres,tfidf
adobe creative suite,392.853016937
user experience design,187.358889668
user interface design,159.957179586
user centered design,157.409860642
ui ux design,126.669839445
adobe photoshop illustrator,126.281989006
human computer interaction,113.998142004
autocad civil 3d,84.2123235352
adobe illustrator photoshop,67.8488996936
creative problem solving,57.770291506
computer aided design,56.6023570556
cross functional team,55.474713597
learning management systems,52.2309157832
responsive web design,51.0096354301
ux ui design,49.9179204291
final cut pro,47.5398215425
3d studio max,43.7225446544
ontario building code,40.3526253395
adobe creative cloud,37.3069556358
motivated self starter,33.7049104356
graphic design software,33.0362787052
high level design,32.0399940277
kitchen bath design,31.9199953549
ms sql server,29.5523345171
game design documents,28.1115190444
software project management,27.6359132131
planning organizational skills,27.5973149536
content management systems,25.7885472373
ability learn quickly,23.7800820057
good problem solving,2.62298322895
