graphic design,4609
photoshop,3820
illustrator,3795
adobe creative suite,3310
indesign,3128
web design,2996
logo design,2802
typography,2492
graphics,2351
illustration,2193
layout,2147
art direction,2077
photography,1902
advertising,1846
creative direction,1777
corporate identity,1720
brochures,1512
user interface design,1448
posters,1432
html,1268
concept development,1252
microsoft office,1238
dreamweaver,1230
autocad,1228
branding identity,1177
css,1155
social media,1143
interior design,1135
sketching,1127
brand development,1123
visual communication,1084
interaction design,1077
user experience,1071
flash,1028
packaging,1016
art,973
wordpress,962
concept design,909
space planning,898
corporate branding,891
rendering,793
drawing,790
project management,760
marketing,722
sketchup,722
mac,720
customer service,709
web development,699
furniture,683
business cards,661
social media marketing,656
product design,618
adobe acrobat,611
interior architecture,601
cad,584
image manipulation,568
quarkxpress,551
vector illustration,532
flyers,521
effects,510
design research,509
information architecture,494
digital illustration,485
powerpoint,480
industrial design,474
digital photography,472
residential design,467
marketing communications,465
seo,463
