1764 offres,tfidf
time management skills,148.611467049
problem solving skills,132.87956799
fast paced environment,126.941018479
written verbal communication,126.365279009
ability work independently,113.031816259
verbal communication skills,110.599948689
verbal written communication,106.385338319
project management skills,97.2419336048
subject matter experts,86.1777560656
work fast paced,80.4872171914
ability multi task,72.2965155056
oral written communication,67.4069571134
analytical problem solving,63.527068274
communication presentation skills,61.6578057036
ability work team,59.9403324994
ability work pressure,58.0950475629
written oral communication,52.7197668239
work team environment,50.966419583
project management experience,48.5953500166
able work independently,46.0538207741
ability meet deadlines,45.8488328632
communication interpersonal skills,44.7621866025
organizational time management,44.2308784424
interpersonal communication skills,43.3329978795
strong team player,2.27556860257
strong problem solving,2.01099607439
excellent time management,1.99503753195
excellent/good/strong communication skills,1.65231800712
