185 offres,tfidf
computer science,117.651095032
software development,100.68709114
information technology,87.6994520927
business requirements,67.7990061644
working knowledge,64.7511698206
problem solving,55.0985237994
internal external,48.1448003707
best practices,45.868947448
experience working,45.5801348121
communication skills,41.4957295254
change management,35.3967732866
analytical skills,32.700896701
quality assurance,31.1322792955
technical support,29.1047172894
ability work,27.2472010957
project management,26.2778928237
interpersonal skills,22.5066771656
work team,21.2269740043
risk management,20.1772102162
project manager,19.5547650496
verbal written,18.521743596
year experience,18.3164264763
team player,17.8934955149
written verbal,17.1773742923
skills abilities,16.4133655442
cross functional,16.0447842899
computer applications,15.9608282255
organizational skills,15.8939339871
financial services,13.9026500564
client service,12.5098944163
