sql,2382
software development,1882
microsoft sql server,1753
business analysis,1599
xml,1542
databases,1538
javascript,1524
requirements analysis,1450
java,1409
sdlc,1343
c#,1315
integration,1297
html,1286
project management,1208
agile methodologies,1152
net,1087
oracle,983
asp net,937
mysql,909
management,892
business intelligence,870
visual studio,859
css,856
web applications,841
web services,820
software project,803
web development,795
php,783
requirements gathering,773
programming,752
linux,743
testing,731
jquery,728
c++,720
business process,704
analysis,691
sharepoint,690
visual basic,679
team leadership,670
unix,670
visio,639
windows,633
software documentation,615
vb net,601
database design,586
systems analysis,584
ajax,572
pl sql,557
microsoft office,554
strategy,544
scrum,506
enterprise architecture,502
leadership,490
eclipse,477
uml,472
process improvement,470
change management,467
soa,444
troubleshooting,444
program management,443
data warehousing,440
itil,429
project planning,420
db2,416
solution architecture,415
software design,414
iis,395
quality assurance,394
sql server,386
crystal reports,380
subversion,370
erp,368
data modeling,366
vendor management,364
access,362
java enterprise edition,335
architecture,332
customer service,326
software engineering,320
data analysis,317
pmp,316
ms project,315
strategic planning,314
enterprise software,314
etl,293
oop,290
asp,286
business requirements,283
windows server,278
crm,277
disaster recovery,276
jsp,272
apache,268
object oriented design,267
telecommunications,264
cobol,264
administration,259
perl,252
microsoft excel,251
wcf,250
python,246
security,245
technical support,244
asp net mvc,243
ssrs,243
git,239
