185 offres,tfidf
development,277.313614477
technical,230.578459024
systems,215.246234448
software,213.306475801
application,207.204356374
business,203.782387516
design,203.274803697
support,186.342630761
data,182.454174479
solutions,180.652103501
project,177.522503278
knowledge,138.300230602
develop,126.46998409
requirements,118.186840716
management,102.006432795
services,96.4948579113
information,92.961913756
working,88.6697504785
team,87.0467212844
projects,84.5020297343
including,76.8396344218
environment,72.6147349254
standards,72.0594332017
security,69.8899495193
process,68.273428282
work,63.6951683065
quality,62.2328645694
reports,54.8486688801
maintain,54.738451925
maintenance,54.6110654416
financial,52.1666482221
performance,50.4976124339
clients,48.3246611993
qualifications,46.4744375629
time,42.0000512372
industry,40.340906654
staff,37.98583052
responsible,35.19615511
manager,34.9620819857
education,31.9521973518
training,30.2551722933
operations,28.6536918058
customer,27.8311685621
people,27.3514876951
product,22.3326923478
safety,4.97298466199
equipment,4.42375196503
marketing,4.26797855277
sales,0.71339937627
strong,0.47536051028
