185 offres,tfidf
programmer,615.243353864
analyst,378.638310176
programming,253.78864193
applications,253.223865909
sql,191.415869799
java,189.296643911
test,184.247791181
web,177.700256835
developing,168.583687924
integration,158.765265825
technologies,150.960048863
javascript,150.122601876
testing,146.597747597
implementation,146.081251859
technology,142.278604596
net,135.372265034
analysis,122.591912632
oracle,116.801170497
functional,114.967208391
documentation,113.489889286
science,112.843219801
database,102.121310183
xml,101.645050501
tools,100.364324233
architecture,94.0434439705
family,91.9665652512
crm,91.1248410657
banking,90.6933156742
j2ee,88.6247613799
specifications,86.5664492425
