185 offres,tfidf
application development,126.817830315
sql server,111.479278153
design development,102.800818697
web services,92.3696984588
unit testing,87.4225818414
asp net,79.7493790064
java developer,76.9142035333
web applications,76.0665136395
production support,73.3442883606
vb net,71.8175092019
systems development,69.2216783732
analysis design,66.9330574308
dynamics crm,62.2568261014
computer systems,57.5167222163
pl sql,55.2289496301
relational databases,53.7277627883
programming languages,52.7923018847
object oriented,52.459664579
user requirements,51.124584717
information systems,50.6413811882
visual studio,50.4742406533
design specifications,49.4475476359
stored procedures,48.8775897295
crystal reports,46.4318070361
technical documentation,45.3705339103
net development,44.6911849558
software solutions,43.7258653491
html css,41.6399636439
design patterns,40.7629505561
technology solutions,40.3561462622
