185 offres,tfidf
problem solving skills,33.8712624287
analytical problem solving,33.5281749224
ability work independently,17.7802857036
verbal written communication,15.6031829534
written verbal communication,13.7022591696
subject matter expert,13.6635837828
written oral communication,13.179941706
build strong relationships,12.3460620423
verbal communication skills,12.1205423221
communication interpersonal skills,12.0513579314
oral written communication,11.508504873
time management skills,11.3227784418
work team environment,10.9213756249
customer service skills,8.3108419494
work minimal supervision,7.55715896476
root cause analysis,7.34067590968
able work independently,7.08520319601
ability work team,6.85032371422
communication presentation skills,6.60619346824
ability multi task,6.28665352223
interpersonal communication skills,4.99996129379
subject matter experts,4.92444320375
problem solving ability,4.7957663907
strong time management,2.21364636196
strong analytical skills,2.13757366004
excellent organizational skills,1.97993011369
strong interpersonal skills,1.85778427726
strong work ethic,1.81355975746
excellent/good communication skills,1.64319822993
