185 offres,tfidf
object oriented programming,33.3489811517
service oriented architecture,29.7972088112
team foundation server,29.3307240667
user acceptance testing,23.9737389656
ms sql server,23.6418676137
asp net mvc,22.2894077784
sql server reporting,20.7785359404
sql stored procedures,19.9298403434
visual studio 2010,19.5339341132
software development methodologies,19.5214458532
quality assurance testing,18.9207549359
sql reporting services,18.9092404301
corporate social responsibility,17.9891779924
visual studio 2005,17.035877363
java enterprise edition,16.8312672732
sql server 2008,16.712576961
visual studio net,16.0637251683
secret security clearance,14.9443652966
visual source safe,13.3892679702
information technology training,12.9508838632
pl sql developer,12.7769080222
visual basic net,12.3619999277
enterprise application integration,12.0477938762
ms dynamics crm,11.6499171804
software development lifecycle,11.6465573017
relational database design,11.4589099408
project team management,11.2923579572
responsive web design,10.9306361636
real estate management,10.6799980092
motivated self starter,10.3707416725
