statistics,8
data analysis,6
research,6
sas,6
statistical modeling,4
microsoft office,4
microsoft excel,4
sql,4
statistical software,3
mathematics,3
c++,3
data mining,3
sas programming,3
analysis,3
biostatistics,2
teaching,2
pl sql,2
vba,2
economics,2
programming,2
spss,2
university teaching,2
multivariate statistics,2
predictive modeling,2
statistical data,2
latex,2
microsoft word,2
survival analysis,1
international relations,1
financial economics,1
policy analysis,1
environmental statistics,1
analyses statistiques,1
design experiments,1
mysql,1
economic statistics,1
xml,1
time series analysis,1
bayesian statistics,1
monte carlo simulation,1
anova,1
planification,1
html,1
matlab,1
development economics,1
oracle pl sql,1
stata,1
information gestion,1
sas analyst,1
trilingual english french mandarin,1
capacity building,1
risk assessment,1
revman5,1
logistic regression,1
predictive analytics,1
sas base,1
statistics analysis,1
oracle biee,1
basel ii,1
linux,1
analyste sas,1
eviews,1
business insights,1
analytics,1
political economics,1
meta analysis,1
relational databases,1
matlab maple mathematica sas plus gretl stata office,1
econometrics,1
statistical consulting,1
statistical computing,1
quantitative risk,1
access,1
mathematical statistics,1
web services,1
microeconomics,1
uml,1
net,1
factor analysis,1
social statistics,1
xslt,1
sas certified base,1
statistician,1
data scientist,1
french,1
epidemiology,1
git,1
java,1
statistique,1
non parametric,1
hydrology,1
quantitative research,1
data analyst,1
plus,1
analyste information,1
powerpoint,1
forecasting,1
public speaking,1
bioinformatics,1
clustering,1
multivariate analysis,1
higher education policy,1
eqs,1
sports,1
camera,1
hd video,1
astrophysics,1
oracle sql,1
frequency analysis,1
business analysis,1
climate,1
camera operating,1
extreme value analysis,1
analyse donnees,1
project management,1
television,1
videography,1
quantitative analytics,1
budgets,1
video,1
base donnees,1
cluster analysis,1
game theory,1
higher education,1
video production,1
business intelligence,1
regression,1
education planning,1
analyste intelligence,1
lisrel,1
excel,1
crm databases,1
broadcast television,1
base sas certified,1
mplus,1
broadcast,1
computational biology,1
university teacher,1
databases,1
solid state physics,1
statistical genetics,1
statisticien,1
functional analysis,1
statistical programming,1
model selection,1
clinical trials,1
parametric modeling,1
bootstrapping,1
windows,1
linear regression,1
english,1
oracle,1
international,1
physics,1
