29 offres,tfidf
employment equity,11.9751346348
computer science,9.80425791931
high level,7.99074916085
best practices,7.39821733032
interpersonal skills,5.11515390128
communication skills,4.27161921585
internal external,3.80090529242
business requirements,3.76661145358
quality control,3.54827172154
education training,3.47435538222
quality assurance,3.45914214394
training experience,3.28999090852
work effectively,3.20382697578
data entry,3.18396724484
experience working,3.1800094055
health care,3.06062250669
human resources,2.50704139114
project management,2.5026564594
organizational skills,2.27056199816
human rights,1.83347587803
problem solving,1.80650897703
cross functional,1.78275380999
high degree,1.77788518893
project manager,1.7777059136
fast paced,1.77055188608
ability prioritize,1.71942280196
meet deadlines,1.67379071225
professional development,1.66416258483
continuous improvement,1.64013708286
ability work,1.51373339421
