29 offres,tfidf
project management skills,3.88967734419
communication interpersonal skills,3.44324512327
problem solving skills,2.60548172529
good organizational skills,2.43208504204
subject matter expert,2.27726396379
standard operating procedures,2.1852509904
good/strong interpersonal skills,2.12560275188
good communication skills,1.88836373981
written oral communication,1.88284881514
analytical problem solving,1.76464078539
oral written communication,1.64407212472
ability multi task,1.57166338056
written verbal communication,1.52247324107
verbal communication skills,1.51506779026
verbal written communication,1.41847117758
fast paced environment,1.09431912481
