29 offres,tfidf
statistics,82.695237454
sas,66.2811622466
research,38.0402858339
mathematics,31.8975704962
staffing,31.1104898737
programmer,30.3483268722
analysis,29.8753400533
biostatistics,29.5829825791
advanced,27.8284002559
epidemiology,24.6055959765
analyst,23.9644500111
dnv,23.039040198
database,22.8429246463
teaching,21.4385700889
cdisc,21.0390840915
canadian,19.0880947891
science,18.8072033002
applications,18.416281157
energy,18.1724815396
laboratory,18.0305581223
assessment,16.5938843528
graphs,16.3553800842
level,16.2200645931
gl,15.8771129042
programming,15.8617901206
physics,15.6930999856
email,15.6512753893
publications,15.3096113341
stata,14.9883439191
equity,14.6789303181
