29 offres,tfidf
statistical analysis,49.578431121
statistical software,25.0940276998
financial mathematics,24.9723559664
clinical trial,24.7808107081
statistical programming,24.7239998555
clinical research,23.5619215505
drug development,21.563145622
actuarial science,16.8135938914
market access,13.478670553
publication writing,12.9508838632
sas programming,11.1920866907
health economics,10.616430112
therapeutic areas,10.3634674549
research projects,10.3521122401
statistical consulting,10.3241186555
literature reviews,9.84373720638
energy efficiency,9.68268262949
report development,9.68268262949
clinical data,9.59481450119
molecular oncology,9.11999867283
clinical trials,8.74225818414
sas base,8.5179386815
ice hockey,8.5179386815
regulatory requirements,8.49534675749
life sciences,8.35098428038
data analysis,8.23439082259
global research,8.16575616339
scholarly research,7.86322081273
global health,7.31381869884
statistical modeling,7.23598256678
