29 offres,tfidf
statistical data analysis,16.0637251683
clinical study design,5.16205932774
cross functional team,5.04315578154
clinical data management,3.95793934509
power point presentations,3.48996146981
data collection analysis,3.2078168183
report writing skills,3.02852041937
cost benefit analysis,2.92151007946
excellent presentation skills,2.76760764692
judgment decision making,2.68061669924
good problem solving,2.62298322895
human resources management,2.61675221128
critical thinking skills,2.50214312767
