29 offres,tfidf
data,48.6544465278
project,17.9229450425
knowledge,17.8874115289
develop,16.5991854119
process,15.7554065266
including,15.5624576044
development,14.7643822523
software,14.5850581744
projects,13.5203247575
information,13.3536450699
clients,13.2503103289
application,13.1141997705
technical,12.4412837603
performance,11.1265925702
requirements,11.0950911692
reports,10.1861813634
design,9.23976380442
standards,9.21690424673
staff,8.93784247529
services,8.6046370112
business,8.60295039643
management,8.08861581637
quality,7.86852310648
training,7.56379307334
solutions,7.33612603049
support,6.88034328964
qualifications,6.83447611218
education,6.39043947036
team,5.80311475229
maintain,5.662598475
systems,5.58045793013
work,5.4640463008
working,5.41176880855
environment,4.99466430704
responsible,4.73794395711
people,4.55858128252
operations,4.47713934466
maintenance,4.47631683947
customer,4.47286637605
industry,4.40082618044
security,4.17253429966
time,3.75610214316
manager,2.97549633921
product,2.57684911705
financial,1.9320980823
safety,1.42085276057
equipment,0.737291994172
sales,0.71339937627
strong,0.47536051028
