17 offres,tfidf
ability work independently,3.8100612222
problem solving ability,2.39788319535
customer service representative,2.32007452315
effective communication skills,2.26223882531
outstanding/strong customer service,2.09449777457
strong problem solving,2.01099607439
decision making skills,1.96285284858
strong interpersonal skills,1.85778427726
organizational time management,1.84295326843
strong organizational skills,1.83777687244
analytical problem solving,1.76464078539
excellent/good communication skills,1.64319822993
written verbal communication,1.52247324107
verbal communication skills,1.51506779026
time management skills,1.41534730522
customer service skills,1.3851403249
problem solving skills,1.30274086264
