17 offres,tfidf
financial,27.0493731522
customer,22.8613170331
services,19.6677417399
systems,17.5385820661
support,17.2008582241
standards,16.7580077213
knowledge,16.142298209
business,13.4421099944
security,12.517602899
information,11.8128398696
including,11.1855164032
staff,11.1723030941
team,10.9953753201
reports,8.6190765383
training,8.14562330975
process,7.8777032633
qualifications,7.74573959381
environment,7.68409893391
management,7.63924827102
clients,7.0148701741
work,6.71297116956
manager,5.95099267841
quality,5.00724197685
working,4.57918899185
operations,4.47713934466
education,4.42415040256
maintain,4.40424325834
requirements,4.34155741405
product,4.29474852842
responsible,3.38424568365
development,3.20964831571
time,3.07317448077
solutions,2.75104726143
software,2.7346984077
performance,2.56767520851
develop,2.3713122017
sales,2.14019812881
maintenance,1.79052673579
technical,1.65883783471
people,1.51952709417
application,0.874279984701
projects,0.845020297343
industry,0.733471030073
strong,0.47536051028
