17 offres,tfidf
financial services,15.6404813134
policies procedures,9.19074230493
administrative support,8.86269430947
working knowledge,7.61778468478
office suite,6.52181078323
internal external,6.33484215403
communication skills,6.1023131655
problem solving,5.41952693109
high degree,5.3336555668
ability work,5.29806687973
analytical skills,4.67155667157
customer service,4.14945200055
ability prioritize,3.43884560392
meet deadlines,3.34758142449
oral communication,2.90965981683
management experience,2.85676134413
skills abilities,2.73556092404
decision making,2.54585154355
written verbal,2.45391061318
verbal written,2.3152179495
experience working,2.12000627033
accounts payable,1.9370086316
product knowledge,1.78621289143
work effectively,1.60191348789
additional information,1.58814388732
health care,1.53031125334
secondary education,1.38615774885
self motivated,1.3616172064
high level,1.33179152681
human resources,1.25352069557
