17 offres,tfidf
accounting,40.5863727001
processing,29.3497781087
international,25.5667640359
parties,21.255609588
italian,21.1483631029
procedures,20.0350133608
dtc,19.0016574586
banking,18.823140989
versatile,18.6078805128
payment,17.9843973771
lan,17.6302465588
cds,17.5442340698
service,17.319371812
accounts,16.9937884785
premier,16.6572388806
ethical,15.0995176692
trading,14.2646522107
policies,14.2149299435
finance,13.6945754658
regulations,13.6791290692
cash,13.6017562062
as400,13.4908316938
accurate,13.2145254564
know,13.2038707767
pc,12.9152885869
winning,12.8277659571
helping,12.3320554206
administrative,12.2318796971
union,11.9837497631
adp,11.9819538649
