17 offres,tfidf
latin america,38.717015281
investment banking,23.3659035816
business letters,21.8612723272
banking operations,21.4259683243
environmental awareness,21.2552747954
commercial banking,18.540657216
accounting principles,16.9908164871
wealth management,16.9307621504
train employees,15.7251299422
recruitment selection,15.4672189571
corporate actions,14.9227822543
accounting finance,12.9723559664
internal controls,11.7827923479
service operations,11.0017584871
writing skills,10.1266938029
team working,9.71224016481
foreign exchange,8.87381803526
prime brokerage,8.5179386815
retirement income,8.09623195087
contact centre,7.91493858279
customer contact,7.68325929616
branch banking,7.56369617206
team learning,7.14198944143
market risk,6.59747293524
business management,6.51249975615
systems thinking,6.48596247073
department management,6.35057518695
corrective action,6.27163656794
financial statements,6.00567310435
security operations,5.99541294391
