accounting,278
microsoft excel,183
customer service,177
microsoft office,175
financial analysis,174
financial reporting,171
accounts payable,162
account reconciliation,150
budgets,147
management,142
accounts receivable,140
financial accounting,139
finance,128
payroll,107
analysis,107
auditing,103
time management,99
quickbooks,95
leadership,95
general ledger,93
microsoft word,90
bookkeeping,83
forecasting,79
project management,78
banking,77
internal controls,76
teamwork,76
financial statements,73
strategic planning,72
team leadership,69
process improvement,65
invoicing,64
powerpoint,63
variance analysis,61
sales,58
risk management,57
training,55
outlook,52
business analysis,52
tax,51
cash flow,51
bank reconciliation,50
journal entries,50
team building,49
research,48
corporate finance,46
credit,46
human resources,42
marketing,42
business planning,42
project planning,42
managerial finance,42
strategy,41
sap,41
public speaking,40
gaap,40
financial modeling,40
cost accounting,40
cash management,39
strategic financial,38
inventory management,38
investments,36
ifrs,35
internal audit,35
data entry,35
office administration,35
event planning,34
change management,34
administration,34
coaching,34
negotiation,33
social media,33
business strategy,32
business process,30
access,30
portfolio management,29
recruiting,28
problem solving,28
