11 offres,tfidf
training experience,3.28999090852
work pressure,2.80493403819
ability work,2.27060009131
able work,2.16402072032
compensation benefits,1.84924750153
human rights,1.83347587803
communication skills,1.83069394965
continuous improvement,1.64013708286
work effectively,1.60191348789
experience year,1.56700423798
oral communication,1.45482990841
management experience,1.42838067206
secondary education,1.38615774885
customer service,1.38315066685
high level,1.33179152681
internal external,1.26696843081
human resources,1.25352069557
team player,1.11834346968
experience working,1.06000313517
fast paced,0.885275943041
