11 offres,tfidf
equipment,11.0593799126
software,4.5578306795
maintenance,3.58105347158
clients,3.11772007738
environment,3.07363957356
work,2.34173412892
training,2.32732094564
customer,1.98794061158
requirements,1.92958107291
qualifications,1.82252696325
operations,1.79085573786
application,1.7485599694
knowledge,1.74511331989
support,1.72008582241
standards,1.67580077213
systems,1.59441655147
reports,1.56710482515
staff,1.48964041255
education,1.47471680085
including,1.45898040041
team,0.916281276678
product,0.858949705684
working,0.8325798167
technical,0.829418917354
develop,0.790437400565
quality,0.715320282407
sales,0.71339937627
safety,0.710426380284
responsible,0.67684913673
process,0.656475271942
development,0.641929663142
maintain,0.629177608334
information,0.513601733459
strong,0.47536051028
time,0.341463831197
