11 offres,tfidf
parts,16.6505083442
calibration,14.874073737
industrial,10.9894304994
installation,10.9093737171
technician,10.8995438869
cfm,9.1954479442
mechanical,8.22052876032
tires,7.41558974314
drawings,6.25833415148
bc,6.12797926868
compressors,5.47762690761
repair,5.41458310536
machinery,5.34120853547
valves,5.27402904141
hardware,4.96099288382
pumps,4.67847536488
instrumentation,4.66938010937
controls,4.65292078298
repairing,4.47349447248
inventory,4.40197506343
cad,4.36411191231
test,3.92016576982
000,3.76830488595
metrology,3.54927547102
shipping,3.25835521667
storage,3.2437100558
msword,3.23778004168
oral,3.08546546138
repairs,3.07472959294
teaching,3.06265286985
