11 offres,tfidf
industrial millwright,6.22568261014
troubleshooting skills,4.65654990617
industrial networks,4.55999933641
material handling,4.3416665041
parts sourcing,4.25896934075
red seal,4.1358754638
hand tools,4.07511020581
procedure writing,3.90678682264
xp vista,3.76411931907
technology education,3.55999933641
assessment learning,3.33598452504
inventory experience,3.33598452504
differentiated instruction,3.31696128773
classroom instruction,3.29873646762
3d modeling,3.2078168183
voice mail,3.14087002867
industrial mechanic,2.95523345171
reliable dependable,2.90198793976
flexibility adaptability,2.72749042371
equipment repair,2.7149012964
natural gas,2.69371199733
read blueprints,2.66929893871
experience client,2.56546223211
heavy duty,2.37815574847
written communication,2.27408071092
teaching experience,2.27387983382
drivers licence,2.27052187007
attention accuracy,2.25518579302
including word,2.21120786885
inventory management,2.12662958956
