66 offres,tfidf
ability work team,11.9880664999
work fast paced,11.0472651047
verbal written communication,9.92929824307
time management skills,8.49208383135
organizational time management,7.37181307373
work team environment,7.28091708328
communication presentation skills,6.60619346824
problem solving skills,6.51370431322
problem solving abilities,4.5739961287
written verbal communication,4.5674197232
fast paced environment,4.37727649926
ability work independently,3.8100612222
written oral communication,3.76569763028
analytical problem solving,3.52928157078
interpersonal communication skills,3.33330752919
supply chain management,2.48903842061
problem solving ability,2.39788319535
organization time management,2.37459885322
customer service orientation,2.37036867872
strong leadership skills,2.34185786826
subject matter expert,2.27726396379
outstanding customer service,2.26498232453
strong interpersonal communication,2.1581681615
strong analytical skills,2.13757366004
project management experience,2.11284130507
excellent/strong problem solving,2.09047195717
excellent/strong organizational skills,1.90885349307
excellent communication skills,1.39803272005
