66 offres,tfidf
project,91.3216723594
business,72.0497095701
design,71.8648295899
projects,52.3912584353
development,48.1447247356
solutions,46.7678034443
technical,45.6180404545
information,42.1153421436
industry,40.340906654
knowledge,36.2111013878
clients,35.8537808898
application,34.9711993881
data,34.7531760913
security,34.4234079722
team,32.9861259604
management,32.8038308109
systems,30.2939144779
services,30.1162295392
develop,30.0366212215
sales,29.2493744271
process,25.6025356057
manager,25.2917188833
support,25.2279253953
work,25.1346129837
software,24.6122856693
requirements,23.1549728749
standards,21.7854100377
financial,20.2870298641
including,19.9393988056
people,17.474561583
working,17.0678862423
environment,16.5208127079
product,16.320044408
education,16.2218848094
qualifications,15.9471109284
quality,15.0217259306
customer,14.9095545868
time,14.6829447415
performance,12.8383760425
maintain,10.6960193417
operations,9.84970655824
staff,9.68266268156
responsible,8.79903877749
training,7.56379307334
reports,7.05197171316
marketing,6.40196782916
safety,4.26255828171
maintenance,0.895263367895
equipment,0.737291994172
strong,0.47536051028
