66 offres,tfidf
architecture,160.958971411
construction,85.090992797
technology,78.7073131808
consulting,49.4284665921
autocad,42.2490743029
understanding,38.8275931969
assessment,38.7190634898
strategy,38.4353248762
drawing,38.2021876734
infrastructure,38.0544670881
revit,37.2501237872
enterprise,35.7460384178
engineering,35.6572921966
review,35.5679491273
sap,35.0594391659
drawings,34.4208378332
technologies,34.1796337048
applications,32.9958370729
building,30.4018646473
lead,30.2948854924
estimating,28.9169564511
sdlc,28.5207539128
integration,27.8248404023
science,26.867433286
processes,26.7658442298
network,26.4265218626
architectures,26.305804107
glazing,26.2499658837
delivery,25.6002345884
togaf,24.9199953549
