66 offres,tfidf
enterprise architecture,54.8660875578
security architecture,46.7952154908
building envelope,38.3792580047
solution architecture,26.6878762003
b2b integration,20.648237311
technology strategy,20.5779934075
community practice,18.3534881695
change orders,17.996963045
business process,16.5603268559
project delivery,16.4160884186
application architecture,16.2678715443
architectural design,15.9446573707
professional services,14.9344165253
managed services,14.3825100937
sales representative,14.2973148695
solution design,14.199200165
penetration testing,13.5945253367
graphic arts,13.5648292644
lead team,12.9054718018
architectural technology,12.6833330082
information security,12.6581572636
cyber security,12.648237311
technical architecture,12.6138366239
strategy planning,11.8101772528
building code,11.1713738813
team lead,10.5124795492
service excellence,10.4527276132
technology architecture,10.2416139022
software architecture,10.1736219483
excellent communication,1.17721709634
