66 offres,tfidf
project manager,37.3318241857
information technology,36.8337698789
computer science,26.1446877848
project management,15.0159387564
experience working,13.7800407572
communication skills,13.4250889641
client service,12.5098944163
work team,11.9401728774
problem solving,11.7423083507
verbal written,10.4184807728
ability work,9.83926706235
business development,9.7996268158
human rights,9.16737939014
best practices,8.87786079638
internal external,8.86877901565
financial services,8.68915628523
presentation skills,8.28658345735
fast paced,7.96748348737
decision making,7.63755463065
able work,7.57407252114
compensation benefits,7.39699000612
organizational skills,6.81168599449
office suite,6.52181078323
written verbal,6.13477653295
computer skills,5.97747621822
software development,5.92277006707
customer service,5.5326026674
risk management,5.50287551352
self motivated,5.44646882562
cross functional,5.34826142997
