architecture,2881
integration,2761
software development,2748
enterprise architecture,2296
solution architecture,2268
agile methodologies,2261
sql,1934
requirements analysis,1899
project management,1874
microsoft sql server,1703
java,1662
business analysis,1662
soa,1650
xml,1637
strategy,1571
sdlc,1548
databases,1469
web services,1465
management,1464
business intelligence,1438
cloud computing,1366
javascript,1359
enterprise software,1332
linux,1304
architectures,1294
software project,1258
c#,1248
architectural design,1244
net,1240
oracle,1201
unix,1155
autocad,1137
web applications,1115
itil,1056
business process,1024
scrum,1007
software design,1004
virtualization,975
design research,961
html,949
security,933
sustainable design,930
sketchup,915
uml,906
mysql,891
disaster recovery,883
telecommunications,877
java enterprise edition,864
c++,860
data center,850
team leadership,847
software engineering,825
sharepoint,803
requirements gathering,796
web development,792
revit,787
data warehousing,765
asp net,754
vmware,727
visual studio,724
urban design,717
leadership,710
microsoft office,705
data modeling,698
database design,697
jquery,691
photoshop,689
architectural drawings,689
project planning,688
construction drawings,666
css,657
testing,655
windows,631
service management,629
networking,626
submittals,619
windows server,614
servers,599
interior design,595
php,588
tcp ip,581
program management,576
ajax,572
construction,568
saas,553
autocad architecture,552
eclipse,551
object oriented design,548
pre sales,539
active directory,534
strategic planning,533
application architecture,528
cisco technologies,525
residential design,523
comprehensive planning,523
network security,520
iis,507
subversion,504
mobile applications,498
mixed use,498
design patterns,491
pl sql,490
change management,489
infrastructure,489
vendor management,485
etl,484
voip,474
crm,469
programming,467
troubleshooting,467
pmp,460
soap,457
network architecture,452
analysis,451
db2,444
agile project management,444
wcf,437
websphere,435
space planning,433
systems analysis,426
oop,425
firewalls,423
rest,422
perl,420
wireless,418
deployment,417
apache,415
tomcat,414
high availability,412
mobile devices,412
spring,410
information architecture,408
visio,406
governance,403
sql server,401
bim,395
product management,393
ip,389
erp,385
solaris,380
indesign,380
consulting,379
green building,372
user experience,371
rendering,370
construction management,369
storage,368
python,365
illustrator,362
administration,360
network design,357
software documentation,357
hibernate,352
process improvement,346
vb net,344
information technology,343
sketching,343
weblogic,341
agile,331
git,330
commerce,329
togaf,324
urban planning,323
leed ap,320
san,319
distributed systems,318
tfs,316
professional services,315
ms project,315
user interface design,314
cad,314
vmware esx,313
asp net mvc,311
microsoft exchange,311
leed,311
jsp,308
dns,307
adobe creative suite,307
graphic design,303
renovation,303
network administration,298
interior architecture,297
vpn,297
sustainability,295
operations,293
storage area networks,289
