66 offres,tfidf
web application security,15.5332229072
3d studio max,10.9306361636
service oriented architecture,9.93240293707
program project management,9.43507796533
project program management,9.32694265277
autodesk 3ds max,9.11999867283
information security standards,7.81357364528
programming languages java,7.49417195954
high rise residential,7.14198944143
project portfolio management,7.03721330251
business process outsourcing,6.92617864681
high pressure situations,6.08297079307
enterprise resource planning,5.9661647609
theoretical computer science,4.86102933208
enabled business transformation,4.68493807302
ims db dc,4.46308932341
google app engine,4.25896934075
mobile web development,3.98596806869
program management skills,3.74708597977
vendor relationship management,3.67069763391
excellent teamwork skills,3.55999933641
development delivery training,3.45448915164
manage client relationships,3.45448915164
outstanding interpersonal skills,3.39863133418
security best practices,3.39863133418
business process modeling,3.39863133418
ontario building code,3.36271877829
human resources administration,3.36271877829
learning new software,3.30472683131
software development methodologies,3.25357430886
